transcript_id	intModel	chr	start	end	strand	module
ERV316A3_10p11.1b	ERV3-16A3_I-int	chr10	38630974	38632555	+	turquoise
ERV316A3_10p11.21b	ERV3-16A3_I-int	chr10	35273618	35277559	-	turquoise
ERV316A3_10p11.21c	ERV3-16A3_I-int	chr10	36728483	36730084	-	turquoise
ERV316A3_10p11.21e	ERV3-16A3_I-int	chr10	37449302	37451140	+	turquoise
ERV316A3_10p11.21f	ERV3-16A3_I-int	chr10	37930138	37934250	-	turquoise
ERV316A3_10p11.22a	ERV3-16A3_I-int	chr10	31126525	31129023	-	turquoise
ERV316A3_10p11.22b	ERV3-16A3_I-int	chr10	31594473	31596944	+	turquoise
ERV316A3_10p11.22c	ERV3-16A3_I-int	chr10	32004895	32005791	+	turquoise
ERV316A3_10p11.22d	ERV3-16A3_I-int	chr10	32437173	32439055	-	turquoise
ERV316A3_10p11.22e	ERV3-16A3_I-int	chr10	33580589	33586855	-	turquoise
ERV316A3_10p12.1a	ERV3-16A3_I-int	chr10	28003642	28005566	-	turquoise
ERV316A3_10p12.1c	ERV3-16A3_I-int	chr10	28847784	28849979	+	turquoise
ERV316A3_10p12.2	ERV3-16A3_I-int	chr10	22422045	22425685	+	turquoise
ERV316A3_10p12.31	ERV3-16A3_I-int	chr10	22218395	22220897	+	turquoise
ERV316A3_10p12.33	ERV3-16A3_I-int	chr10	18006456	18008712	-	turquoise
ERV316A3_10p13a	ERV3-16A3_I-int	chr10	16234878	16236343	+	turquoise
ERV316A3_10p13b	ERV3-16A3_I-int	chr10	17250750	17255221	-	turquoise
ERV316A3_10p14a	ERV3-16A3_I-int	chr10	7813000	7816802	+	turquoise
ERV316A3_10p14b	ERV3-16A3_I-int	chr10	9755060	9759571	-	turquoise
ERV316A3_10p14c	ERV3-16A3_I-int	chr10	9807928	9809808	-	turquoise
ERV316A3_10p14d	ERV3-16A3_I-int	chr10	10122943	10125618	-	turquoise
ERV316A3_10p15.1c	ERV3-16A3_I-int	chr10	6077139	6079309	-	turquoise
ERV316A3_10p15.2	ERV3-16A3_I-int	chr10	3018193	3020902	+	turquoise
ERV316A3_10p15.3c	ERV3-16A3_I-int	chr10	2699376	2700731	+	turquoise
ERV316A3_10q11.21a	ERV3-16A3_I-int	chr10	42285279	42286834	-	turquoise
ERV316A3_10q11.22a	ERV3-16A3_I-int	chr10	47288922	47291726	-	turquoise
ERV316A3_10q11.22b	ERV3-16A3_I-int	chr10	47292217	47295677	-	turquoise
ERV316A3_10q11.23a	ERV3-16A3_I-int	chr10	49560163	49561809	+	turquoise
ERV316A3_10q11.23b	ERV3-16A3_I-int	chr10	50159947	50162451	+	turquoise
ERV316A3_10q11.23c	ERV3-16A3_I-int	chr10	50777832	50780339	-	turquoise
ERV316A3_10q21.1a	ERV3-16A3_I-int	chr10	53184226	53190464	-	turquoise
ERV316A3_10q21.1b	ERV3-16A3_I-int	chr10	55557450	55558494	+	turquoise
ERV316A3_10q21.1c	ERV3-16A3_I-int	chr10	55712206	55714124	-	turquoise
ERV316A3_10q21.1d	ERV3-16A3_I-int	chr10	56560477	56563122	+	turquoise
ERV316A3_10q21.1e	ERV3-16A3_I-int	chr10	56967253	56969230	-	turquoise
ERV316A3_10q21.2a	ERV3-16A3_I-int	chr10	61241817	61245921	-	turquoise
ERV316A3_10q21.2b	ERV3-16A3_I-int	chr10	61803476	61805156	-	turquoise
ERV316A3_10q21.3	ERV3-16A3_I-int	chr10	64387510	64388470	-	turquoise
ERV316A3_10q22.1a	ERV3-16A3_I-int	chr10	69105107	69112780	+	turquoise
ERV316A3_10q22.3a	ERV3-16A3_I-int	chr10	78150486	78158609	-	turquoise
ERV316A3_10q22.3b	ERV3-16A3_I-int	chr10	78822312	78828476	-	turquoise
ERV316A3_10q22.3c	ERV3-16A3_I-int	chr10	79319465	79322018	+	turquoise
ERV316A3_10q22.3d	ERV3-16A3_I-int	chr10	79754822	79756129	-	turquoise
ERV316A3_10q23.1a	ERV3-16A3_I-int	chr10	83176955	83180068	+	turquoise
ERV316A3_10q23.1b	ERV3-16A3_I-int	chr10	84723871	84724930	+	turquoise
ERV316A3_10q23.2a	ERV3-16A3_I-int	chr10	87276938	87278337	-	turquoise
ERV316A3_10q23.2b	ERV3-16A3_I-int	chr10	87459637	87460944	+	turquoise
ERV316A3_10q23.31a	ERV3-16A3_I-int	chr10	88452348	88453612	+	turquoise
ERV316A3_10q23.31b	ERV3-16A3_I-int	chr10	88592391	88593627	-	turquoise
ERV316A3_10q23.31c	ERV3-16A3_I-int	chr10	91099693	91102310	+	turquoise
ERV316A3_10q23.33	ERV3-16A3_I-int	chr10	95232500	95234121	-	turquoise
ERV316A3_10q24.2	ERV3-16A3_I-int	chr10	98770367	98772672	+	turquoise
ERV316A3_10q25.1a	ERV3-16A3_I-int	chr10	105445484	105452638	-	turquoise
ERV316A3_10q25.1b	ERV3-16A3_I-int	chr10	105453090	105453940	-	turquoise
ERV316A3_10q25.1d	ERV3-16A3_I-int	chr10	105956153	105960928	-	turquoise
ERV316A3_10q25.1e	ERV3-16A3_I-int	chr10	106209125	106211349	-	turquoise
ERV316A3_10q25.1f	ERV3-16A3_I-int	chr10	107232848	107238059	+	turquoise
ERV316A3_10q25.1g	ERV3-16A3_I-int	chr10	107358158	107363824	+	turquoise
ERV316A3_10q25.1h	ERV3-16A3_I-int	chr10	107641290	107646018	-	turquoise
ERV316A3_10q25.1j	ERV3-16A3_I-int	chr10	108231264	108234185	-	turquoise
ERV316A3_10q25.1k	ERV3-16A3_I-int	chr10	108639130	108641909	+	turquoise
ERV316A3_10q25.2b	ERV3-16A3_I-int	chr10	111634423	111635608	+	turquoise
ERV316A3_10q25.3b	ERV3-16A3_I-int	chr10	115249999	115253510	-	turquoise
ERV316A3_10q25.3c	ERV3-16A3_I-int	chr10	115524486	115527116	-	turquoise
ERV316A3_10q26.12	ERV3-16A3_I-int	chr10	121060523	121062902	+	turquoise
ERV316A3_11p11.2	ERV3-16A3_I-int	chr11	44492028	44495380	+	turquoise
ERV316A3_11p12a	ERV3-16A3_I-int	chr11	37373389	37375713	+	turquoise
ERV316A3_11p12b	ERV3-16A3_I-int	chr11	40562670	40565752	+	turquoise
ERV316A3_11p12c	ERV3-16A3_I-int	chr11	41879183	41883026	-	turquoise
ERV316A3_11p12d	ERV3-16A3_I-int	chr11	41981100	41982476	-	turquoise
ERV316A3_11p12e	ERV3-16A3_I-int	chr11	42653699	42658499	-	turquoise
ERV316A3_11p12f	ERV3-16A3_I-int	chr11	42788248	42789944	-	turquoise
ERV316A3_11p12g	ERV3-16A3_I-int	chr11	42324293	42330948	+	turquoise
ERV316A3_11p13b	ERV3-16A3_I-int	chr11	34846637	34850312	+	turquoise
ERV316A3_11p13c	ERV3-16A3_I-int	chr11	34865534	34870913	-	turquoise
ERV316A3_11p13d	ERV3-16A3_I-int	chr11	35533578	35535594	+	turquoise
ERV316A3_11p14.1a	ERV3-16A3_I-int	chr11	28611488	28612681	-	turquoise
ERV316A3_11p14.1b	ERV3-16A3_I-int	chr11	29677514	29678643	-	turquoise
ERV316A3_11p14.1c	ERV3-16A3_I-int	chr11	29822381	29823949	-	turquoise
ERV316A3_11p14.2	ERV3-16A3_I-int	chr11	26738715	26741356	+	turquoise
ERV316A3_11p14.3a	ERV3-16A3_I-int	chr11	23253188	23253713	-	turquoise
ERV316A3_11p14.3b	ERV3-16A3_I-int	chr11	24085149	24086950	+	turquoise
ERV316A3_11p14.3c	ERV3-16A3_I-int	chr11	24238039	24240680	-	turquoise
ERV316A3_11p14.3d	ERV3-16A3_I-int	chr11	24345209	24346052	+	turquoise
ERV316A3_11p14.3e	ERV3-16A3_I-int	chr11	25177486	25182878	+	turquoise
ERV316A3_11p14.3f	ERV3-16A3_I-int	chr11	25398239	25399314	+	turquoise
ERV316A3_11p14.3g	ERV3-16A3_I-int	chr11	25639149	25640433	+	turquoise
ERV316A3_11p15.2a	ERV3-16A3_I-int	chr11	14622139	14625891	+	turquoise
ERV316A3_11p15.2b	ERV3-16A3_I-int	chr11	15029452	15031131	+	turquoise
ERV316A3_11p15.3	ERV3-16A3_I-int	chr11	12947378	12949058	-	turquoise
ERV316A3_11p15.4a	ERV3-16A3_I-int	chr11	3920557	3921555	+	turquoise
ERV316A3_11p15.4b	ERV3-16A3_I-int	chr11	4550034	4550543	+	turquoise
ERV316A3_11p15.4c	ERV3-16A3_I-int	chr11	4554797	4558978	+	turquoise
ERV316A3_11p15.4d	ERV3-16A3_I-int	chr11	4570758	4571487	+	turquoise
ERV316A3_11p15.4e	ERV3-16A3_I-int	chr11	4898889	4902088	-	turquoise
ERV316A3_11p15.4f	ERV3-16A3_I-int	chr11	4977183	4978583	-	turquoise
ERV316A3_11p15.4g	ERV3-16A3_I-int	chr11	5739689	5741904	+	turquoise
ERV316A3_11p15.4h	ERV3-16A3_I-int	chr11	6380213	6381299	+	turquoise
ERV316A3_11p15.4i	ERV3-16A3_I-int	chr11	8008168	8011854	-	turquoise
ERV316A3_11q11	ERV3-16A3_I-int	chr11	55653653	55655396	-	turquoise
ERV316A3_11q12.1a	ERV3-16A3_I-int	chr11	56814563	56816937	+	turquoise
ERV316A3_11q12.3	ERV3-16A3_I-int	chr11	62863562	62866118	-	turquoise
ERV316A3_11q13.1b	ERV3-16A3_I-int	chr11	64451182	64458279	+	turquoise
ERV316A3_11q13.4a	ERV3-16A3_I-int	chr11	72458383	72458774	+	turquoise
ERV316A3_11q13.4b	ERV3-16A3_I-int	chr11	72541686	72545232	-	turquoise
ERV316A3_11q14.1a	ERV3-16A3_I-int	chr11	82214944	82217221	-	turquoise
ERV316A3_11q14.1b	ERV3-16A3_I-int	chr11	82266965	82267901	+	turquoise
ERV316A3_11q14.3a	ERV3-16A3_I-int	chr11	88699400	88701594	+	turquoise
ERV316A3_11q14.3c	ERV3-16A3_I-int	chr11	90705166	90707164	-	turquoise
ERV316A3_11q14.3d	ERV3-16A3_I-int	chr11	90833165	90835136	+	turquoise
ERV316A3_11q14.3e	ERV3-16A3_I-int	chr11	92133536	92134748	-	turquoise
ERV316A3_11q21a	ERV3-16A3_I-int	chr11	93433662	93436650	-	turquoise
ERV316A3_11q21c	ERV3-16A3_I-int	chr11	95542977	95547367	-	turquoise
ERV316A3_11q21d	ERV3-16A3_I-int	chr11	96870233	96871968	+	turquoise
ERV316A3_11q21e	ERV3-16A3_I-int	chr11	97208468	97209757	-	turquoise
ERV316A3_11q22.1a	ERV3-16A3_I-int	chr11	98043589	98045094	-	turquoise
ERV316A3_11q22.1b	ERV3-16A3_I-int	chr11	98045719	98048420	-	turquoise
ERV316A3_11q22.1c	ERV3-16A3_I-int	chr11	98825839	98827747	+	turquoise
ERV316A3_11q22.1e	ERV3-16A3_I-int	chr11	100515057	100520900	+	turquoise
ERV316A3_11q22.1f	ERV3-16A3_I-int	chr11	101179954	101182853	+	turquoise
ERV316A3_11q22.1g	ERV3-16A3_I-int	chr11	101272337	101274875	+	turquoise
ERV316A3_11q22.1h	ERV3-16A3_I-int	chr11	101797179	101798452	-	turquoise
ERV316A3_11q22.1i	ERV3-16A3_I-int	chr11	101839149	101844136	-	turquoise
ERV316A3_11q22.1k	ERV3-16A3_I-int	chr11	101858637	101860946	-	turquoise
ERV316A3_11q22.1m	ERV3-16A3_I-int	chr11	102273455	102275863	-	turquoise
ERV316A3_11q22.3a	ERV3-16A3_I-int	chr11	104589091	104591278	+	turquoise
ERV316A3_11q22.3b	ERV3-16A3_I-int	chr11	104658554	104660145	+	turquoise
ERV316A3_11q22.3d	ERV3-16A3_I-int	chr11	106207739	106209637	-	turquoise
ERV316A3_11q22.3e	ERV3-16A3_I-int	chr11	109318778	109320892	+	turquoise
ERV316A3_11q23.1a	ERV3-16A3_I-int	chr11	110737641	110740628	-	turquoise
ERV316A3_11q23.1b	ERV3-16A3_I-int	chr11	110740821	110742055	-	turquoise
ERV316A3_11q23.1d	ERV3-16A3_I-int	chr11	111545120	111548379	-	turquoise
ERV316A3_11q23.3a	ERV3-16A3_I-int	chr11	116090954	116092659	-	turquoise
ERV316A3_11q23.3b	ERV3-16A3_I-int	chr11	116092688	116094160	-	turquoise
ERV316A3_11q23.3c	ERV3-16A3_I-int	chr11	118295226	118302403	+	turquoise
ERV316A3_11q23.3d	ERV3-16A3_I-int	chr11	119631783	119634896	+	turquoise
ERV316A3_11q23.3e	ERV3-16A3_I-int	chr11	119925709	119932163	-	turquoise
ERV316A3_11q23.3f	ERV3-16A3_I-int	chr11	121092973	121099241	-	turquoise
ERV316A3_11q24.1	ERV3-16A3_I-int	chr11	122395578	122399222	+	turquoise
ERV316A3_11q24.2	ERV3-16A3_I-int	chr11	125770580	125773710	-	turquoise
ERV316A3_11q24.3a	ERV3-16A3_I-int	chr11	130587438	130589798	-	turquoise
ERV316A3_11q24.3b	ERV3-16A3_I-int	chr11	130592499	130594082	-	turquoise
ERV316A3_11q25a	ERV3-16A3_I-int	chr11	131066744	131069044	+	turquoise
ERV316A3_11q25b	ERV3-16A3_I-int	chr11	132585660	132588924	+	turquoise
ERV316A3_11q25e	ERV3-16A3_I-int	chr11	134699210	134701229	+	turquoise
ERV316A3_12p11.22a	ERV3-16A3_I-int	chr12	28176270	28178703	+	turquoise
ERV316A3_12p11.22c	ERV3-16A3_I-int	chr12	30146767	30152218	+	turquoise
ERV316A3_12p11.22d	ERV3-16A3_I-int	chr12	30172362	30177161	+	turquoise
ERV316A3_12p11.23a	ERV3-16A3_I-int	chr12	27043819	27044742	-	turquoise
ERV316A3_12p11.23b	ERV3-16A3_I-int	chr12	27044886	27046043	-	turquoise
ERV316A3_12p11.23c	ERV3-16A3_I-int	chr12	27163101	27164330	-	turquoise
ERV316A3_12p12.1a	ERV3-16A3_I-int	chr12	22702957	22705593	+	turquoise
ERV316A3_12p12.1b	ERV3-16A3_I-int	chr12	25437598	25442371	-	turquoise
ERV316A3_12p12.1c	ERV3-16A3_I-int	chr12	26292768	26295393	+	turquoise
ERV316A3_12p12.2b	ERV3-16A3_I-int	chr12	20225131	20226250	-	turquoise
ERV316A3_12p12.3a	ERV3-16A3_I-int	chr12	14876490	14877641	-	turquoise
ERV316A3_12p12.3b	ERV3-16A3_I-int	chr12	16420464	16422617	-	turquoise
ERV316A3_12p12.3c	ERV3-16A3_I-int	chr12	16443828	16447656	-	turquoise
ERV316A3_12p12.3e	ERV3-16A3_I-int	chr12	18812570	18814272	+	turquoise
ERV316A3_12p12.3f	ERV3-16A3_I-int	chr12	19695669	19700207	-	turquoise
ERV316A3_12p13.1	ERV3-16A3_I-int	chr12	14205806	14208695	-	turquoise
ERV316A3_12p13.33	ERV3-16A3_I-int	chr12	425246	428202	-	turquoise
ERV316A3_12q12b	ERV3-16A3_I-int	chr12	38563664	38569169	+	turquoise
ERV316A3_12q12c	ERV3-16A3_I-int	chr12	43339349	43341392	-	turquoise
ERV316A3_12q12d	ERV3-16A3_I-int	chr12	44399803	44403346	+	turquoise
ERV316A3_12q12e	ERV3-16A3_I-int	chr12	45546734	45548929	-	turquoise
ERV316A3_12q13.11a	ERV3-16A3_I-int	chr12	46001643	46004796	-	turquoise
ERV316A3_12q13.13	ERV3-16A3_I-int	chr12	52131842	52135265	+	turquoise
ERV316A3_12q14.1a	ERV3-16A3_I-int	chr12	58555574	58556952	-	turquoise
ERV316A3_12q14.1b	ERV3-16A3_I-int	chr12	59584092	59586722	-	turquoise
ERV316A3_12q14.1c	ERV3-16A3_I-int	chr12	60798354	60801847	-	turquoise
ERV316A3_12q14.1d	ERV3-16A3_I-int	chr12	62216000	62217837	+	turquoise
ERV316A3_12q14.1e	ERV3-16A3_I-int	chr12	62251539	62253373	-	turquoise
ERV316A3_12q14.2	ERV3-16A3_I-int	chr12	64555954	64561190	-	turquoise
ERV316A3_12q21.1	ERV3-16A3_I-int	chr12	74421901	74426024	-	turquoise
ERV316A3_12q21.2	ERV3-16A3_I-int	chr12	75438779	75443358	-	turquoise
ERV316A3_12q21.31b	ERV3-16A3_I-int	chr12	81996637	82000175	+	turquoise
ERV316A3_12q21.31c	ERV3-16A3_I-int	chr12	82005506	82009632	+	turquoise
ERV316A3_12q21.31d	ERV3-16A3_I-int	chr12	82115944	82118468	-	turquoise
ERV316A3_12q21.31e	ERV3-16A3_I-int	chr12	83188491	83190372	+	turquoise
ERV316A3_12q21.31f	ERV3-16A3_I-int	chr12	84118022	84119384	+	turquoise
ERV316A3_12q21.31g	ERV3-16A3_I-int	chr12	85926032	85927430	+	turquoise
ERV316A3_12q21.32a	ERV3-16A3_I-int	chr12	87031327	87035070	-	turquoise
ERV316A3_12q21.32b	ERV3-16A3_I-int	chr12	87435450	87436637	-	turquoise
ERV316A3_12q21.32c	ERV3-16A3_I-int	chr12	87673896	87675881	-	turquoise
ERV316A3_12q21.33a	ERV3-16A3_I-int	chr12	88684549	88685659	+	turquoise
ERV316A3_12q21.33c	ERV3-16A3_I-int	chr12	90278138	90284377	-	turquoise
ERV316A3_12q21.33d	ERV3-16A3_I-int	chr12	90313121	90315093	+	turquoise
ERV316A3_12q21.33e	ERV3-16A3_I-int	chr12	90901892	90906167	-	turquoise
ERV316A3_12q21.33f	ERV3-16A3_I-int	chr12	91259110	91263274	-	turquoise
ERV316A3_12q21.33g	ERV3-16A3_I-int	chr12	91392804	91394556	-	turquoise
ERV316A3_12q21.33h	ERV3-16A3_I-int	chr12	91396327	91399827	-	turquoise
ERV316A3_12q21.33i	ERV3-16A3_I-int	chr12	91404424	91409267	+	turquoise
ERV316A3_12q21.33j	ERV3-16A3_I-int	chr12	91562503	91563645	-	turquoise
ERV316A3_12q21.33k	ERV3-16A3_I-int	chr12	91927995	91929602	+	turquoise
ERV316A3_12q22	ERV3-16A3_I-int	chr12	94474303	94477806	-	turquoise
ERV316A3_12q23.2a	ERV3-16A3_I-int	chr12	102009044	102011228	+	turquoise
ERV316A3_12q23.2b	ERV3-16A3_I-int	chr12	102630382	102631485	-	turquoise
ERV316A3_12q23.3a	ERV3-16A3_I-int	chr12	105650017	105655637	+	turquoise
ERV316A3_12q23.3b	ERV3-16A3_I-int	chr12	105907541	105912052	+	turquoise
ERV316A3_12q23.3c	ERV3-16A3_I-int	chr12	108413975	108419008	-	turquoise
ERV316A3_12q23.3e	ERV3-16A3_I-int	chr12	108421653	108425860	-	turquoise
ERV316A3_12q24.11	ERV3-16A3_I-int	chr12	110181780	110183783	-	turquoise
ERV316A3_12q24.13	ERV3-16A3_I-int	chr12	112974379	112975753	+	turquoise
ERV316A3_12q24.21	ERV3-16A3_I-int	chr12	115722285	115725099	-	turquoise
ERV316A3_12q24.32b	ERV3-16A3_I-int	chr12	126677307	126680940	-	turquoise
ERV316A3_12q24.32d	ERV3-16A3_I-int	chr12	127678782	127682197	-	turquoise
ERV316A3_12q24.33	ERV3-16A3_I-int	chr12	133063358	133066776	-	turquoise
ERV316A3_13q12.12a	ERV3-16A3_I-int	chr13	23011352	23013772	-	turquoise
ERV316A3_13q12.12b	ERV3-16A3_I-int	chr13	23185538	23188084	-	turquoise
ERV316A3_13q12.13a	ERV3-16A3_I-int	chr13	26225832	26232365	-	turquoise
ERV316A3_13q13.1b	ERV3-16A3_I-int	chr13	33026467	33028287	-	turquoise
ERV316A3_13q13.2	ERV3-16A3_I-int	chr13	34404927	34409340	-	turquoise
ERV316A3_13q13.3a	ERV3-16A3_I-int	chr13	36260993	36261493	+	turquoise
ERV316A3_13q13.3b	ERV3-16A3_I-int	chr13	36265353	36267161	-	turquoise
ERV316A3_13q13.3c	ERV3-16A3_I-int	chr13	37142248	37147742	+	turquoise
ERV316A3_13q13.3e	ERV3-16A3_I-int	chr13	38307401	38312094	+	turquoise
ERV316A3_13q13.3f	ERV3-16A3_I-int	chr13	38561030	38562693	-	turquoise
ERV316A3_13q13.3g	ERV3-16A3_I-int	chr13	39165224	39169374	-	turquoise
ERV316A3_13q14.11a	ERV3-16A3_I-int	chr13	43941787	43943829	+	turquoise
ERV316A3_13q14.13	ERV3-16A3_I-int	chr13	46094507	46098944	+	turquoise
ERV316A3_13q14.3b	ERV3-16A3_I-int	chr13	54648338	54651707	-	turquoise
ERV316A3_13q21.1a	ERV3-16A3_I-int	chr13	56282347	56283388	-	turquoise
ERV316A3_13q21.1b	ERV3-16A3_I-int	chr13	57130792	57131810	-	turquoise
ERV316A3_13q21.1c	ERV3-16A3_I-int	chr13	57505844	57510168	-	turquoise
ERV316A3_13q21.1d	ERV3-16A3_I-int	chr13	58067414	58070575	+	turquoise
ERV316A3_13q21.31b	ERV3-16A3_I-int	chr13	63075231	63077914	-	turquoise
ERV316A3_13q21.31c	ERV3-16A3_I-int	chr13	64761281	64766277	-	turquoise
ERV316A3_13q21.31d	ERV3-16A3_I-int	chr13	65197835	65199550	-	turquoise
ERV316A3_13q21.32a	ERV3-16A3_I-int	chr13	65200039	65204269	-	turquoise
ERV316A3_13q21.32c	ERV3-16A3_I-int	chr13	65863193	65866807	+	turquoise
ERV316A3_13q21.32d	ERV3-16A3_I-int	chr13	67284504	67287091	+	turquoise
ERV316A3_13q21.32e	ERV3-16A3_I-int	chr13	67849592	67852438	-	turquoise
ERV316A3_13q21.33b	ERV3-16A3_I-int	chr13	69616063	69618494	-	turquoise
ERV316A3_13q22.2a	ERV3-16A3_I-int	chr13	75122354	75124757	+	turquoise
ERV316A3_13q22.2b	ERV3-16A3_I-int	chr13	76589678	76590803	-	turquoise
ERV316A3_13q22.3a	ERV3-16A3_I-int	chr13	77316330	77318289	-	turquoise
ERV316A3_13q22.3b	ERV3-16A3_I-int	chr13	77336186	77339601	+	turquoise
ERV316A3_13q31.1b	ERV3-16A3_I-int	chr13	79824676	79830995	+	turquoise
ERV316A3_13q31.1d	ERV3-16A3_I-int	chr13	82916478	82919887	-	turquoise
ERV316A3_13q31.1e	ERV3-16A3_I-int	chr13	85596256	85597805	-	turquoise
ERV316A3_13q31.1f	ERV3-16A3_I-int	chr13	86060136	86065069	-	turquoise
ERV316A3_13q31.1g	ERV3-16A3_I-int	chr13	87034225	87035999	-	turquoise
ERV316A3_13q31.2a	ERV3-16A3_I-int	chr13	87721021	87723003	+	turquoise
ERV316A3_13q31.2b	ERV3-16A3_I-int	chr13	88405869	88410184	+	turquoise
ERV316A3_13q31.2c	ERV3-16A3_I-int	chr13	89069770	89071913	+	turquoise
ERV316A3_13q31.3a	ERV3-16A3_I-int	chr13	89574728	89577047	-	turquoise
ERV316A3_13q31.3b	ERV3-16A3_I-int	chr13	89888851	89896607	-	turquoise
ERV316A3_13q31.3c	ERV3-16A3_I-int	chr13	90105726	90107807	-	turquoise
ERV316A3_13q31.3d	ERV3-16A3_I-int	chr13	90206878	90208500	-	turquoise
ERV316A3_13q31.3e	ERV3-16A3_I-int	chr13	90726719	90728480	+	turquoise
ERV316A3_13q31.3f	ERV3-16A3_I-int	chr13	91366365	91367539	-	turquoise
ERV316A3_13q32.1a	ERV3-16A3_I-int	chr13	94569687	94573776	+	turquoise
ERV316A3_13q32.1b	ERV3-16A3_I-int	chr13	95850245	95851184	+	turquoise
ERV316A3_13q32.3	ERV3-16A3_I-int	chr13	99342075	99343200	-	turquoise
ERV316A3_13q33.2	ERV3-16A3_I-int	chr13	104823722	104826982	-	turquoise
ERV316A3_13q33.3b	ERV3-16A3_I-int	chr13	109465321	109466932	+	turquoise
ERV316A3_14q11.2b	ERV3-16A3_I-int	chr14	18301693	18302900	-	turquoise
ERV316A3_14q11.2d	ERV3-16A3_I-int	chr14	20021103	20023816	+	turquoise
ERV316A3_14q11.2f	ERV3-16A3_I-int	chr14	20870868	20871718	+	turquoise
ERV316A3_14q11.2g	ERV3-16A3_I-int	chr14	22266973	22269032	+	turquoise
ERV316A3_14q12b	ERV3-16A3_I-int	chr14	25796936	25799750	+	turquoise
ERV316A3_14q12c	ERV3-16A3_I-int	chr14	26093796	26095151	+	turquoise
ERV316A3_14q12d	ERV3-16A3_I-int	chr14	27452834	27455091	-	turquoise
ERV316A3_14q12e	ERV3-16A3_I-int	chr14	28703002	28708591	+	turquoise
ERV316A3_14q12f	ERV3-16A3_I-int	chr14	29299954	29303478	-	turquoise
ERV316A3_14q12h	ERV3-16A3_I-int	chr14	32163942	32167734	+	turquoise
ERV316A3_14q13.1a	ERV3-16A3_I-int	chr14	32917581	32920199	+	turquoise
ERV316A3_14q13.1b	ERV3-16A3_I-int	chr14	33880548	33887380	+	turquoise
ERV316A3_14q13.3	ERV3-16A3_I-int	chr14	36375902	36379643	-	turquoise
ERV316A3_14q21.1b	ERV3-16A3_I-int	chr14	39483890	39486026	-	turquoise
ERV316A3_14q21.1c	ERV3-16A3_I-int	chr14	39786908	39789175	-	turquoise
ERV316A3_14q21.2b	ERV3-16A3_I-int	chr14	45285366	45286510	+	turquoise
ERV316A3_14q21.3a	ERV3-16A3_I-int	chr14	47147289	47148559	-	turquoise
ERV316A3_14q21.3b	ERV3-16A3_I-int	chr14	47657306	47659053	+	turquoise
ERV316A3_14q21.3c	ERV3-16A3_I-int	chr14	47766449	47768467	+	turquoise
ERV316A3_14q21.3d	ERV3-16A3_I-int	chr14	48503150	48505202	+	turquoise
ERV316A3_14q21.3e	ERV3-16A3_I-int	chr14	49090825	49092051	+	turquoise
ERV316A3_14q22.1	ERV3-16A3_I-int	chr14	51194956	51196939	+	turquoise
ERV316A3_14q22.2	ERV3-16A3_I-int	chr14	54078312	54081111	-	turquoise
ERV316A3_14q22.3b	ERV3-16A3_I-int	chr14	57254977	57257035	+	turquoise
ERV316A3_14q23.1a	ERV3-16A3_I-int	chr14	57816729	57818866	+	turquoise
ERV316A3_14q23.1b	ERV3-16A3_I-int	chr14	57975466	57977196	+	turquoise
ERV316A3_14q23.1c	ERV3-16A3_I-int	chr14	57977240	57979797	+	turquoise
ERV316A3_14q23.1d	ERV3-16A3_I-int	chr14	58990246	58993160	+	turquoise
ERV316A3_14q23.1e	ERV3-16A3_I-int	chr14	60609914	60614330	-	turquoise
ERV316A3_14q23.2b	ERV3-16A3_I-int	chr14	62424578	62426920	-	turquoise
ERV316A3_14q24.2a	ERV3-16A3_I-int	chr14	70236643	70237658	-	turquoise
ERV316A3_14q24.2b	ERV3-16A3_I-int	chr14	70273216	70275032	-	turquoise
ERV316A3_14q24.2c	ERV3-16A3_I-int	chr14	70427732	70428364	-	turquoise
ERV316A3_14q24.2d	ERV3-16A3_I-int	chr14	70464616	70465633	+	turquoise
ERV316A3_14q24.2e	ERV3-16A3_I-int	chr14	70514889	70519285	+	turquoise
ERV316A3_14q24.2f	ERV3-16A3_I-int	chr14	71132407	71138320	-	turquoise
ERV316A3_14q31.1b	ERV3-16A3_I-int	chr14	80976240	80978766	-	turquoise
ERV316A3_14q31.2	ERV3-16A3_I-int	chr14	83965475	83966579	-	turquoise
ERV316A3_14q31.3	ERV3-16A3_I-int	chr14	87867274	87869900	-	turquoise
ERV316A3_14q32.11a	ERV3-16A3_I-int	chr14	89703089	89706122	-	turquoise
ERV316A3_14q32.11c	ERV3-16A3_I-int	chr14	91036521	91038059	-	turquoise
ERV316A3_14q32.2a	ERV3-16A3_I-int	chr14	96635852	96639416	-	turquoise
ERV316A3_14q32.2d	ERV3-16A3_I-int	chr14	100762499	100766490	-	turquoise
ERV316A3_14q32.31a	ERV3-16A3_I-int	chr14	101508826	101512013	+	turquoise
ERV316A3_14q32.31b	ERV3-16A3_I-int	chr14	101590543	101596912	+	turquoise
ERV316A3_15q11.1a	ERV3-16A3_I-int	chr15	19852611	19853873	-	turquoise
ERV316A3_15q14a	ERV3-16A3_I-int	chr15	35549680	35551193	-	turquoise
ERV316A3_15q14b	ERV3-16A3_I-int	chr15	37149557	37155905	+	turquoise
ERV316A3_15q14c	ERV3-16A3_I-int	chr15	39129156	39131086	+	turquoise
ERV316A3_15q14d	ERV3-16A3_I-int	chr15	39548084	39550354	+	turquoise
ERV316A3_15q15.1a	ERV3-16A3_I-int	chr15	40314799	40320531	-	turquoise
ERV316A3_15q15.1b	ERV3-16A3_I-int	chr15	42119485	42121564	-	turquoise
ERV316A3_15q21.1a	ERV3-16A3_I-int	chr15	45565763	45569117	+	turquoise
ERV316A3_15q21.1d	ERV3-16A3_I-int	chr15	45766131	45770240	-	turquoise
ERV316A3_15q21.1e	ERV3-16A3_I-int	chr15	45865975	45869730	+	turquoise
ERV316A3_15q21.1f	ERV3-16A3_I-int	chr15	45973789	45975068	+	turquoise
ERV316A3_15q21.1g	ERV3-16A3_I-int	chr15	46034226	46037689	-	turquoise
ERV316A3_15q21.1h	ERV3-16A3_I-int	chr15	46037731	46041139	-	turquoise
ERV316A3_15q21.1i	ERV3-16A3_I-int	chr15	46092844	46095086	-	turquoise
ERV316A3_15q21.1j	ERV3-16A3_I-int	chr15	46138050	46139568	-	turquoise
ERV316A3_15q21.1k	ERV3-16A3_I-int	chr15	46526325	46529175	-	turquoise
ERV316A3_15q21.1m	ERV3-16A3_I-int	chr15	45620146	45622408	+	turquoise
ERV316A3_15q21.2a	ERV3-16A3_I-int	chr15	49650523	49652924	+	turquoise
ERV316A3_15q21.2b	ERV3-16A3_I-int	chr15	51995047	51996386	-	turquoise
ERV316A3_15q21.3a	ERV3-16A3_I-int	chr15	53990838	53993502	-	turquoise
ERV316A3_15q21.3b	ERV3-16A3_I-int	chr15	54774650	54776237	+	turquoise
ERV316A3_15q21.3c	ERV3-16A3_I-int	chr15	56291715	56293042	+	turquoise
ERV316A3_15q21.3d	ERV3-16A3_I-int	chr15	56336612	56338505	-	turquoise
ERV316A3_15q23	ERV3-16A3_I-int	chr15	67932524	67936765	+	turquoise
ERV316A3_15q24.1a	ERV3-16A3_I-int	chr15	72618777	72620666	+	turquoise
ERV316A3_15q24.1b	ERV3-16A3_I-int	chr15	74493830	74502571	-	turquoise
ERV316A3_15q24.2	ERV3-16A3_I-int	chr15	75314899	75316770	+	turquoise
ERV316A3_15q24.3a	ERV3-16A3_I-int	chr15	76315039	76318446	-	turquoise
ERV316A3_15q25.1a	ERV3-16A3_I-int	chr15	79226963	79227795	+	turquoise
ERV316A3_15q25.1b	ERV3-16A3_I-int	chr15	79402815	79407567	-	turquoise
ERV316A3_15q25.1c	ERV3-16A3_I-int	chr15	79540213	79543477	+	turquoise
ERV316A3_15q25.1d	ERV3-16A3_I-int	chr15	80655173	80656937	-	turquoise
ERV316A3_15q25.2a	ERV3-16A3_I-int	chr15	81572878	81574370	+	turquoise
ERV316A3_15q25.2b	ERV3-16A3_I-int	chr15	82025012	82029004	+	turquoise
ERV316A3_15q26.2c	ERV3-16A3_I-int	chr15	97540490	97541950	-	turquoise
ERV316A3_15q26.2d	ERV3-16A3_I-int	chr15	97546703	97548375	-	turquoise
ERV316A3_15q26.3a	ERV3-16A3_I-int	chr15	99963111	99968055	+	turquoise
ERV316A3_15q26.3b	ERV3-16A3_I-int	chr15	101821083	101824536	+	turquoise
ERV316A3_15q26.3c	ERV3-16A3_I-int	chr15	101948690	101950227	+	turquoise
ERV316A3_16p11.2a	ERV3-16A3_I-int	chr16	32444792	32446352	-	turquoise
ERV316A3_16p12.1	ERV3-16A3_I-int	chr16	28287960	28288926	-	turquoise
ERV316A3_16p12.3	ERV3-16A3_I-int	chr16	16803687	16805134	-	turquoise
ERV316A3_16q12.1a	ERV3-16A3_I-int	chr16	49100649	49107489	-	turquoise
ERV316A3_16q12.1b	ERV3-16A3_I-int	chr16	50895371	50898985	+	turquoise
ERV316A3_16q12.2a	ERV3-16A3_I-int	chr16	52916110	52918140	-	turquoise
ERV316A3_16q12.2d	ERV3-16A3_I-int	chr16	55884185	55885814	-	turquoise
ERV316A3_16q21a	ERV3-16A3_I-int	chr16	58247275	58248778	-	turquoise
ERV316A3_16q21b	ERV3-16A3_I-int	chr16	59119458	59120993	-	turquoise
ERV316A3_16q21d	ERV3-16A3_I-int	chr16	59888234	59889096	+	turquoise
ERV316A3_16q21e	ERV3-16A3_I-int	chr16	60151953	60154175	+	turquoise
ERV316A3_16q21f	ERV3-16A3_I-int	chr16	60457778	60461226	-	turquoise
ERV316A3_16q21h	ERV3-16A3_I-int	chr16	61142873	61146736	-	turquoise
ERV316A3_16q21i	ERV3-16A3_I-int	chr16	62758823	62761060	+	turquoise
ERV316A3_16q21j	ERV3-16A3_I-int	chr16	63028699	63033107	+	turquoise
ERV316A3_16q21k	ERV3-16A3_I-int	chr16	64835948	64837132	-	turquoise
ERV316A3_16q21l	ERV3-16A3_I-int	chr16	64837220	64841722	-	turquoise
ERV316A3_16q22.2	ERV3-16A3_I-int	chr16	72750696	72752598	-	turquoise
ERV316A3_16q23.1a	ERV3-16A3_I-int	chr16	74611569	74615756	-	turquoise
ERV316A3_16q23.1b	ERV3-16A3_I-int	chr16	76561884	76565124	-	turquoise
ERV316A3_17p11.2a	ERV3-16A3_I-int	chr17	16571376	16578211	+	turquoise
ERV316A3_17p12a	ERV3-16A3_I-int	chr17	11056805	11066050	+	turquoise
ERV316A3_17p12b	ERV3-16A3_I-int	chr17	14933961	14937464	-	turquoise
ERV316A3_17q12a	ERV3-16A3_I-int	chr17	34290528	34292439	-	turquoise
ERV316A3_17q12c	ERV3-16A3_I-int	chr17	34800439	34804619	-	turquoise
ERV316A3_17q12d	ERV3-16A3_I-int	chr17	35231847	35238245	-	turquoise
ERV316A3_17q12e	ERV3-16A3_I-int	chr17	36061399	36063169	+	turquoise
ERV316A3_17q21.2	ERV3-16A3_I-int	chr17	41172605	41176515	+	turquoise
ERV316A3_17q21.31	ERV3-16A3_I-int	chr17	45881546	45888812	-	turquoise
ERV316A3_17q21.32	ERV3-16A3_I-int	chr17	49273848	49279406	-	turquoise
ERV316A3_17q21.33a	ERV3-16A3_I-int	chr17	50317558	50319950	+	turquoise
ERV316A3_17q22a	ERV3-16A3_I-int	chr17	52264254	52266117	-	turquoise
ERV316A3_17q22b	ERV3-16A3_I-int	chr17	54277738	54279107	-	turquoise
ERV316A3_17q22c	ERV3-16A3_I-int	chr17	55884008	55886722	+	turquoise
ERV316A3_17q22d	ERV3-16A3_I-int	chr17	57817082	57819235	+	turquoise
ERV316A3_17q23.1	ERV3-16A3_I-int	chr17	59503491	59506610	-	turquoise
ERV316A3_17q23.2a	ERV3-16A3_I-int	chr17	62178517	62185522	-	turquoise
ERV316A3_17q23.2b	ERV3-16A3_I-int	chr17	62186186	62188311	-	turquoise
ERV316A3_17q24.2a	ERV3-16A3_I-int	chr17	66206755	66208661	+	turquoise
ERV316A3_17q24.2b	ERV3-16A3_I-int	chr17	68820905	68823230	+	turquoise
ERV316A3_17q24.3a	ERV3-16A3_I-int	chr17	69237066	69240465	-	turquoise
ERV316A3_17q24.3d	ERV3-16A3_I-int	chr17	69825947	69828027	+	turquoise
ERV316A3_17q24.3e	ERV3-16A3_I-int	chr17	70420703	70422512	-	turquoise
ERV316A3_17q24.3f	ERV3-16A3_I-int	chr17	71341967	71343486	+	turquoise
ERV316A3_17q24.3g	ERV3-16A3_I-int	chr17	71942539	71948965	+	turquoise
ERV316A3_17q25.3a	ERV3-16A3_I-int	chr17	79901129	79904073	-	turquoise
ERV316A3_17q25.3b	ERV3-16A3_I-int	chr17	79904359	79906563	-	turquoise
ERV316A3_18p11.21a	ERV3-16A3_I-int	chr18	11211079	11211755	-	turquoise
ERV316A3_18p11.21b	ERV3-16A3_I-int	chr18	11527168	11529434	+	turquoise
ERV316A3_18p11.21c	ERV3-16A3_I-int	chr18	15361001	15363516	+	turquoise
ERV316A3_18p11.22a	ERV3-16A3_I-int	chr18	9456917	9459157	-	turquoise
ERV316A3_18p11.31a	ERV3-16A3_I-int	chr18	4758365	4762071	+	turquoise
ERV316A3_18p11.31d	ERV3-16A3_I-int	chr18	6671882	6674742	-	turquoise
ERV316A3_18p11.32c	ERV3-16A3_I-int	chr18	1003192	1008109	-	turquoise
ERV316A3_18p11.32d	ERV3-16A3_I-int	chr18	2625765	2630527	+	turquoise
ERV316A3_18q11.1	ERV3-16A3_I-int	chr18	21190560	21192359	+	turquoise
ERV316A3_18q11.2a	ERV3-16A3_I-int	chr18	22840781	22843704	+	turquoise
ERV316A3_18q11.2c	ERV3-16A3_I-int	chr18	24356917	24358507	+	turquoise
ERV316A3_18q11.2e	ERV3-16A3_I-int	chr18	25647320	25651583	-	turquoise
ERV316A3_18q11.2f	ERV3-16A3_I-int	chr18	26267884	26269507	-	turquoise
ERV316A3_18q11.2g	ERV3-16A3_I-int	chr18	27254235	27255444	-	turquoise
ERV316A3_18q12.1a	ERV3-16A3_I-int	chr18	28357917	28359076	+	turquoise
ERV316A3_18q12.1b	ERV3-16A3_I-int	chr18	29281742	29287425	-	turquoise
ERV316A3_18q12.1c	ERV3-16A3_I-int	chr18	30567087	30570067	+	turquoise
ERV316A3_18q12.1g	ERV3-16A3_I-int	chr18	34442832	34444830	-	turquoise
ERV316A3_18q12.3a	ERV3-16A3_I-int	chr18	39899334	39902259	+	turquoise
ERV316A3_18q21.1a	ERV3-16A3_I-int	chr18	45977352	45982497	+	turquoise
ERV316A3_18q21.1b	ERV3-16A3_I-int	chr18	46275058	46278556	+	turquoise
ERV316A3_18q21.2	ERV3-16A3_I-int	chr18	54508232	54509807	+	turquoise
ERV316A3_18q21.31	ERV3-16A3_I-int	chr18	57399701	57401876	+	turquoise
ERV316A3_18q22.1a	ERV3-16A3_I-int	chr18	64189883	64192337	-	turquoise
ERV316A3_18q22.1b	ERV3-16A3_I-int	chr18	64466951	64470786	+	turquoise
ERV316A3_18q22.1c	ERV3-16A3_I-int	chr18	64830307	64832376	-	turquoise
ERV316A3_18q22.1e	ERV3-16A3_I-int	chr18	65325400	65327255	-	turquoise
ERV316A3_18q22.1f	ERV3-16A3_I-int	chr18	65363823	65365319	-	turquoise
ERV316A3_18q22.1g	ERV3-16A3_I-int	chr18	65365971	65368048	-	turquoise
ERV316A3_18q22.1h	ERV3-16A3_I-int	chr18	65698231	65700560	-	turquoise
ERV316A3_18q22.1i	ERV3-16A3_I-int	chr18	66086511	66087985	+	turquoise
ERV316A3_18q22.1j	ERV3-16A3_I-int	chr18	66132832	66134214	+	turquoise
ERV316A3_18q22.1k	ERV3-16A3_I-int	chr18	66249514	66252963	-	turquoise
ERV316A3_18q22.1l	ERV3-16A3_I-int	chr18	68309059	68312630	-	turquoise
ERV316A3_18q22.1m	ERV3-16A3_I-int	chr18	68446744	68450909	-	turquoise
ERV316A3_18q22.1n	ERV3-16A3_I-int	chr18	68558277	68560715	+	turquoise
ERV316A3_18q22.1o	ERV3-16A3_I-int	chr18	68737017	68739972	-	turquoise
ERV316A3_18q22.3a	ERV3-16A3_I-int	chr18	72254937	72256025	+	turquoise
ERV316A3_18q22.3b	ERV3-16A3_I-int	chr18	72897666	72899819	+	turquoise
ERV316A3_18q22.3d	ERV3-16A3_I-int	chr18	73051587	73053651	-	turquoise
ERV316A3_18q22.3e	ERV3-16A3_I-int	chr18	74149836	74153074	-	turquoise
ERV316A3_19q12a	ERV3-16A3_I-int	chr19	28511166	28513266	+	turquoise
ERV316A3_19q12b	ERV3-16A3_I-int	chr19	29034287	29036173	+	turquoise
ERV316A3_19q12c	ERV3-16A3_I-int	chr19	29451755	29453981	+	turquoise
ERV316A3_19q12d	ERV3-16A3_I-int	chr19	29454008	29456906	+	turquoise
ERV316A3_19q12e	ERV3-16A3_I-int	chr19	30745577	30752624	-	turquoise
ERV316A3_19q13.11a	ERV3-16A3_I-int	chr19	31953669	31957035	+	turquoise
ERV316A3_19q13.11b	ERV3-16A3_I-int	chr19	33782953	33786722	+	turquoise
ERV316A3_19q13.2	ERV3-16A3_I-int	chr19	41493877	41495898	-	turquoise
ERV316A3_19q13.31	ERV3-16A3_I-int	chr19	43813525	43818789	-	turquoise
ERV316A3_19q13.42	ERV3-16A3_I-int	chr19	53622561	53625638	-	turquoise
ERV316A3_1p11.2	ERV3-16A3_I-int	chr1	121484168	121489258	+	turquoise
ERV316A3_1p12	ERV3-16A3_I-int	chr1	118345271	118346978	+	turquoise
ERV316A3_1p13.3a	ERV3-16A3_I-int	chr1	109430469	109433302	+	turquoise
ERV316A3_1p13.3b	ERV3-16A3_I-int	chr1	109436278	109439099	+	turquoise
ERV316A3_1p21.1a	ERV3-16A3_I-int	chr1	102173844	102176687	-	turquoise
ERV316A3_1p21.1c	ERV3-16A3_I-int	chr1	103125340	103130310	-	turquoise
ERV316A3_1p21.1e	ERV3-16A3_I-int	chr1	104236130	104236966	-	turquoise
ERV316A3_1p21.1f	ERV3-16A3_I-int	chr1	104795005	104799851	+	turquoise
ERV316A3_1p21.1h	ERV3-16A3_I-int	chr1	105238520	105240989	-	turquoise
ERV316A3_1p21.2b	ERV3-16A3_I-int	chr1	101266391	101269155	+	turquoise
ERV316A3_1p21.3a	ERV3-16A3_I-int	chr1	97679722	97680969	+	turquoise
ERV316A3_1p21.3b	ERV3-16A3_I-int	chr1	98942499	98944900	+	turquoise
ERV316A3_1p22.1a	ERV3-16A3_I-int	chr1	92991647	92993456	-	turquoise
ERV316A3_1p22.1c	ERV3-16A3_I-int	chr1	94269983	94272882	+	turquoise
ERV316A3_1p22.2b	ERV3-16A3_I-int	chr1	88578270	88580028	+	turquoise
ERV316A3_1p22.2c	ERV3-16A3_I-int	chr1	89275321	89277392	-	turquoise
ERV316A3_1p22.3a	ERV3-16A3_I-int	chr1	85935919	85939056	+	turquoise
ERV316A3_1p22.3b	ERV3-16A3_I-int	chr1	86002209	86005168	+	turquoise
ERV316A3_1p31.1a	ERV3-16A3_I-int	chr1	71818991	71823069	+	turquoise
ERV316A3_1p31.1b	ERV3-16A3_I-int	chr1	74804194	74805454	-	turquoise
ERV316A3_1p31.1c	ERV3-16A3_I-int	chr1	81277800	81281566	-	turquoise
ERV316A3_1p31.1d	ERV3-16A3_I-int	chr1	81587983	81592738	-	turquoise
ERV316A3_1p31.1e	ERV3-16A3_I-int	chr1	82550256	82553802	-	turquoise
ERV316A3_1p31.1f	ERV3-16A3_I-int	chr1	82937479	82941026	-	turquoise
ERV316A3_1p31.1g	ERV3-16A3_I-int	chr1	84357153	84361136	-	turquoise
ERV316A3_1p31.3a	ERV3-16A3_I-int	chr1	62427667	62431892	-	turquoise
ERV316A3_1p31.3b	ERV3-16A3_I-int	chr1	63705544	63707137	+	turquoise
ERV316A3_1p31.3c	ERV3-16A3_I-int	chr1	63707156	63708437	+	turquoise
ERV316A3_1p31.3d	ERV3-16A3_I-int	chr1	63764735	63765414	-	turquoise
ERV316A3_1p31.3e	ERV3-16A3_I-int	chr1	64729146	64734751	-	turquoise
ERV316A3_1p31.3f	ERV3-16A3_I-int	chr1	64974575	64976920	-	turquoise
ERV316A3_1p31.3g	ERV3-16A3_I-int	chr1	65945013	65946329	-	turquoise
ERV316A3_1p31.3h	ERV3-16A3_I-int	chr1	65946472	65950867	-	turquoise
ERV316A3_1p31.3i	ERV3-16A3_I-int	chr1	68309163	68312885	-	turquoise
ERV316A3_1p32.1a	ERV3-16A3_I-int	chr1	58547607	58551064	-	turquoise
ERV316A3_1p32.1b	ERV3-16A3_I-int	chr1	59227368	59231293	-	turquoise
ERV316A3_1p32.1c	ERV3-16A3_I-int	chr1	60534356	60536130	+	turquoise
ERV316A3_1p32.2a	ERV3-16A3_I-int	chr1	55812852	55814649	-	turquoise
ERV316A3_1p32.2b	ERV3-16A3_I-int	chr1	55842855	55844924	-	turquoise
ERV316A3_1p32.2c	ERV3-16A3_I-int	chr1	55888184	55889591	-	turquoise
ERV316A3_1p32.2d	ERV3-16A3_I-int	chr1	56608052	56608727	+	turquoise
ERV316A3_1p32.2e	ERV3-16A3_I-int	chr1	58365304	58366814	+	turquoise
ERV316A3_1p32.2f	ERV3-16A3_I-int	chr1	58367294	58369323	+	turquoise
ERV316A3_1p32.3a	ERV3-16A3_I-int	chr1	52152823	52159748	-	turquoise
ERV316A3_1p32.3b	ERV3-16A3_I-int	chr1	54101969	54105569	+	turquoise
ERV316A3_1p33	ERV3-16A3_I-int	chr1	49626047	49632050	-	turquoise
ERV316A3_1p34.1a	ERV3-16A3_I-int	chr1	44370793	44374424	+	turquoise
ERV316A3_1p34.1b	ERV3-16A3_I-int	chr1	45212384	45217042	-	turquoise
ERV316A3_1p34.2a	ERV3-16A3_I-int	chr1	41958113	41960712	+	turquoise
ERV316A3_1p34.2b	ERV3-16A3_I-int	chr1	43042735	43046910	+	turquoise
ERV316A3_1p34.3a	ERV3-16A3_I-int	chr1	35648569	35650718	+	turquoise
ERV316A3_1p34.3b	ERV3-16A3_I-int	chr1	35650750	35651744	+	turquoise
ERV316A3_1p34.3c	ERV3-16A3_I-int	chr1	38155702	38159588	+	turquoise
ERV316A3_1p35.1a	ERV3-16A3_I-int	chr1	33186883	33192763	-	turquoise
ERV316A3_1p35.1b	ERV3-16A3_I-int	chr1	33581791	33583607	+	turquoise
ERV316A3_1p35.2	ERV3-16A3_I-int	chr1	29950154	29954214	+	turquoise
ERV316A3_1p36.13	ERV3-16A3_I-int	chr1	18843102	18846539	+	turquoise
ERV316A3_1p36.22a	ERV3-16A3_I-int	chr1	11378008	11383024	+	turquoise
ERV316A3_1p36.23	ERV3-16A3_I-int	chr1	7320314	7322250	-	turquoise
ERV316A3_1q21.2	ERV3-16A3_I-int	chr1	150165565	150170972	+	turquoise
ERV316A3_1q21.3a	ERV3-16A3_I-int	chr1	151498455	151503350	-	turquoise
ERV316A3_1q21.3b	ERV3-16A3_I-int	chr1	151753504	151757274	+	turquoise
ERV316A3_1q21.3d	ERV3-16A3_I-int	chr1	153470032	153474206	-	turquoise
ERV316A3_1q21.3e	ERV3-16A3_I-int	chr1	154302860	154306031	-	turquoise
ERV316A3_1q21.3f	ERV3-16A3_I-int	chr1	154306075	154308655	-	turquoise
ERV316A3_1q23.2	ERV3-16A3_I-int	chr1	159475002	159478088	+	turquoise
ERV316A3_1q23.3a	ERV3-16A3_I-int	chr1	162896813	162901616	+	turquoise
ERV316A3_1q23.3c	ERV3-16A3_I-int	chr1	164147817	164151389	+	turquoise
ERV316A3_1q23.3d	ERV3-16A3_I-int	chr1	164370613	164371862	-	turquoise
ERV316A3_1q23.3e	ERV3-16A3_I-int	chr1	164465893	164469347	-	turquoise
ERV316A3_1q23.3f	ERV3-16A3_I-int	chr1	164469401	164470914	-	turquoise
ERV316A3_1q23.3g	ERV3-16A3_I-int	chr1	164886625	164890264	+	turquoise
ERV316A3_1q24.1	ERV3-16A3_I-int	chr1	165815775	165818468	+	turquoise
ERV316A3_1q24.2a	ERV3-16A3_I-int	chr1	167581655	167584948	-	turquoise
ERV316A3_1q24.2b	ERV3-16A3_I-int	chr1	168434251	168436218	+	turquoise
ERV316A3_1q24.3a	ERV3-16A3_I-int	chr1	171608720	171614720	-	turquoise
ERV316A3_1q24.3b	ERV3-16A3_I-int	chr1	172696420	172696961	-	turquoise
ERV316A3_1q25.2a	ERV3-16A3_I-int	chr1	177291956	177294248	-	turquoise
ERV316A3_1q25.2b	ERV3-16A3_I-int	chr1	177455894	177461782	-	turquoise
ERV316A3_1q25.3b	ERV3-16A3_I-int	chr1	180893781	180896927	+	turquoise
ERV316A3_1q25.3d	ERV3-16A3_I-int	chr1	181997613	181999203	-	turquoise
ERV316A3_1q25.3f	ERV3-16A3_I-int	chr1	182494569	182497220	-	turquoise
ERV316A3_1q31.1	ERV3-16A3_I-int	chr1	188758546	188760145	+	turquoise
ERV316A3_1q31.2a	ERV3-16A3_I-int	chr1	192224564	192227876	+	turquoise
ERV316A3_1q31.2b	ERV3-16A3_I-int	chr1	192237925	192238996	+	turquoise
ERV316A3_1q31.3a	ERV3-16A3_I-int	chr1	194296403	194298175	-	turquoise
ERV316A3_1q31.3b	ERV3-16A3_I-int	chr1	194841597	194843308	+	turquoise
ERV316A3_1q31.3d	ERV3-16A3_I-int	chr1	195659613	195660588	-	turquoise
ERV316A3_1q31.3e	ERV3-16A3_I-int	chr1	197231408	197235276	+	turquoise
ERV316A3_1q32.1a	ERV3-16A3_I-int	chr1	199358701	199359381	-	turquoise
ERV316A3_1q32.1b	ERV3-16A3_I-int	chr1	199544712	199548341	+	turquoise
ERV316A3_1q32.1c	ERV3-16A3_I-int	chr1	206973325	206977103	-	turquoise
ERV316A3_1q32.2a	ERV3-16A3_I-int	chr1	207135436	207140442	-	turquoise
ERV316A3_1q32.2b	ERV3-16A3_I-int	chr1	208984563	208986825	-	turquoise
ERV316A3_1q32.2c	ERV3-16A3_I-int	chr1	209283261	209286159	-	turquoise
ERV316A3_1q32.2d	ERV3-16A3_I-int	chr1	209444886	209448546	-	turquoise
ERV316A3_1q32.2e	ERV3-16A3_I-int	chr1	209910312	209913183	+	turquoise
ERV316A3_1q32.3b	ERV3-16A3_I-int	chr1	212138300	212139424	+	turquoise
ERV316A3_1q41a	ERV3-16A3_I-int	chr1	214585874	214590346	-	turquoise
ERV316A3_1q41b	ERV3-16A3_I-int	chr1	215248392	215250212	-	turquoise
ERV316A3_1q41c	ERV3-16A3_I-int	chr1	216193885	216195860	+	turquoise
ERV316A3_1q41d	ERV3-16A3_I-int	chr1	221595403	221598541	-	turquoise
ERV316A3_1q41e	ERV3-16A3_I-int	chr1	222288336	222293533	+	turquoise
ERV316A3_1q42.12b	ERV3-16A3_I-int	chr1	225716020	225725256	+	turquoise
ERV316A3_1q42.13a	ERV3-16A3_I-int	chr1	227353706	227355425	-	turquoise
ERV316A3_1q42.13b	ERV3-16A3_I-int	chr1	227357275	227360947	-	turquoise
ERV316A3_1q42.13c	ERV3-16A3_I-int	chr1	227865345	227868077	+	turquoise
ERV316A3_1q42.13d	ERV3-16A3_I-int	chr1	229141459	229145532	+	turquoise
ERV316A3_1q42.13f	ERV3-16A3_I-int	chr1	229887855	229890725	+	turquoise
ERV316A3_1q42.2a	ERV3-16A3_I-int	chr1	230541931	230546466	+	turquoise
ERV316A3_1q42.2b	ERV3-16A3_I-int	chr1	232213630	232216676	+	turquoise
ERV316A3_1q42.2c	ERV3-16A3_I-int	chr1	232745164	232747470	+	turquoise
ERV316A3_1q43a	ERV3-16A3_I-int	chr1	238509197	238512392	+	turquoise
ERV316A3_1q43b	ERV3-16A3_I-int	chr1	238712225	238714350	-	turquoise
ERV316A3_1q43c	ERV3-16A3_I-int	chr1	239269924	239275810	-	turquoise
ERV316A3_1q43d	ERV3-16A3_I-int	chr1	240419494	240421256	-	turquoise
ERV316A3_1q43e	ERV3-16A3_I-int	chr1	240485614	240489056	+	turquoise
ERV316A3_1q44a	ERV3-16A3_I-int	chr1	244003513	244010519	+	turquoise
ERV316A3_1q44b	ERV3-16A3_I-int	chr1	244644512	244646518	+	turquoise
ERV316A3_1q44c	ERV3-16A3_I-int	chr1	245062647	245063542	-	turquoise
ERV316A3_20p11.21	ERV3-16A3_I-int	chr20	25671515	25673906	-	turquoise
ERV316A3_20p11.23a	ERV3-16A3_I-int	chr20	20821507	20824442	-	turquoise
ERV316A3_20p12.1a	ERV3-16A3_I-int	chr20	14622866	14627590	+	turquoise
ERV316A3_20p12.1c	ERV3-16A3_I-int	chr20	16861973	16864107	+	turquoise
ERV316A3_20q12a	ERV3-16A3_I-int	chr20	39413394	39414308	+	turquoise
ERV316A3_20q12b	ERV3-16A3_I-int	chr20	39624402	39625925	+	turquoise
ERV316A3_20q13.12	ERV3-16A3_I-int	chr20	46432835	46435517	-	turquoise
ERV316A3_20q13.2	ERV3-16A3_I-int	chr20	56026476	56028361	-	turquoise
ERV316A3_20q13.32a	ERV3-16A3_I-int	chr20	59367431	59369987	-	turquoise
ERV316A3_21q11.2a	ERV3-16A3_I-int	chr21	13004717	13005970	-	turquoise
ERV316A3_21q11.2b	ERV3-16A3_I-int	chr21	13006024	13007231	-	turquoise
ERV316A3_21q21.1a	ERV3-16A3_I-int	chr21	16806462	16808102	+	turquoise
ERV316A3_21q21.1b	ERV3-16A3_I-int	chr21	16826585	16827989	+	turquoise
ERV316A3_21q21.1d	ERV3-16A3_I-int	chr21	20419334	20422740	-	turquoise
ERV316A3_21q21.1e	ERV3-16A3_I-int	chr21	20737691	20740161	+	turquoise
ERV316A3_21q21.1f	ERV3-16A3_I-int	chr21	22032698	22035130	-	turquoise
ERV316A3_21q21.2b	ERV3-16A3_I-int	chr21	23316077	23319336	-	turquoise
ERV316A3_21q21.2d	ERV3-16A3_I-int	chr21	23896824	23901268	+	turquoise
ERV316A3_21q21.2e	ERV3-16A3_I-int	chr21	23902225	23904756	+	turquoise
ERV316A3_21q21.2f	ERV3-16A3_I-int	chr21	24072644	24076040	-	turquoise
ERV316A3_21q21.2g	ERV3-16A3_I-int	chr21	24438073	24441244	+	turquoise
ERV316A3_21q21.3b	ERV3-16A3_I-int	chr21	27365626	27366597	-	turquoise
ERV316A3_21q21.3c	ERV3-16A3_I-int	chr21	27368499	27370523	-	turquoise
ERV316A3_21q21.3d	ERV3-16A3_I-int	chr21	27801320	27801966	+	turquoise
ERV316A3_21q21.3e	ERV3-16A3_I-int	chr21	28455897	28457203	-	turquoise
ERV316A3_21q22.11a	ERV3-16A3_I-int	chr21	31860927	31865846	+	turquoise
ERV316A3_21q22.11b	ERV3-16A3_I-int	chr21	33288905	33293464	-	turquoise
ERV316A3_21q22.12b	ERV3-16A3_I-int	chr21	35833358	35839688	+	turquoise
ERV316A3_21q22.2a	ERV3-16A3_I-int	chr21	38338593	38340596	+	turquoise
ERV316A3_21q22.2b	ERV3-16A3_I-int	chr21	39572047	39574163	-	turquoise
ERV316A3_21q22.2c	ERV3-16A3_I-int	chr21	39710767	39715002	-	turquoise
ERV316A3_21q22.3a	ERV3-16A3_I-int	chr21	41653581	41657285	-	turquoise
ERV316A3_21q22.3b	ERV3-16A3_I-int	chr21	42598743	42600906	-	turquoise
ERV316A3_21q22.3c	ERV3-16A3_I-int	chr21	46094126	46096937	-	turquoise
ERV316A3_21q22.3d	ERV3-16A3_I-int	chr21	46447214	46447803	-	turquoise
ERV316A3_21q22.3e	ERV3-16A3_I-int	chr21	46451755	46458103	-	turquoise
ERV316A3_22q11.1a	ERV3-16A3_I-int	chr22	15231211	15232429	-	turquoise
ERV316A3_22q11.1b	ERV3-16A3_I-int	chr22	15232483	15233690	-	turquoise
ERV316A3_22q11.1c	ERV3-16A3_I-int	chr22	16099521	16100763	-	turquoise
ERV316A3_22q11.1f	ERV3-16A3_I-int	chr22	16418913	16420478	+	turquoise
ERV316A3_22q11.22a	ERV3-16A3_I-int	chr22	22224581	22226044	-	turquoise
ERV316A3_22q12.3b	ERV3-16A3_I-int	chr22	34673100	34675939	+	turquoise
ERV316A3_22q13.1	ERV3-16A3_I-int	chr22	37287909	37290999	-	turquoise
ERV316A3_22q13.33a	ERV3-16A3_I-int	chr22	49930842	49933439	-	turquoise
ERV316A3_22q13.33b	ERV3-16A3_I-int	chr22	50765992	50767060	+	turquoise
ERV316A3_2p11.1a	ERV3-16A3_I-int	chr2	91868944	91870258	+	turquoise
ERV316A3_2p11.1b	ERV3-16A3_I-int	chr2	91873093	91874655	+	turquoise
ERV316A3_2p11.2a	ERV3-16A3_I-int	chr2	83115153	83116354	-	turquoise
ERV316A3_2p11.2b	ERV3-16A3_I-int	chr2	85111587	85115113	+	turquoise
ERV316A3_2p11.2c	ERV3-16A3_I-int	chr2	88205171	88207766	+	turquoise
ERV316A3_2p13.3	ERV3-16A3_I-int	chr2	69255819	69265142	+	turquoise
ERV316A3_2p14	ERV3-16A3_I-int	chr2	65952925	65958811	-	turquoise
ERV316A3_2p15b	ERV3-16A3_I-int	chr2	63345145	63346595	+	turquoise
ERV316A3_2p16.1a	ERV3-16A3_I-int	chr2	55625410	55626717	+	turquoise
ERV316A3_2p16.1b	ERV3-16A3_I-int	chr2	56507653	56509259	-	turquoise
ERV316A3_2p16.1c	ERV3-16A3_I-int	chr2	56639933	56641259	-	turquoise
ERV316A3_2p16.1d	ERV3-16A3_I-int	chr2	56667413	56668360	+	turquoise
ERV316A3_2p16.1e	ERV3-16A3_I-int	chr2	57695895	57699454	-	turquoise
ERV316A3_2p16.3a	ERV3-16A3_I-int	chr2	49376197	49378507	+	turquoise
ERV316A3_2p16.3b	ERV3-16A3_I-int	chr2	51225593	51229897	-	turquoise
ERV316A3_2p22.2	ERV3-16A3_I-int	chr2	38246110	38252249	+	turquoise
ERV316A3_2p22.3b	ERV3-16A3_I-int	chr2	34433042	34436259	-	turquoise
ERV316A3_2p22.3c	ERV3-16A3_I-int	chr2	34737167	34739830	-	turquoise
ERV316A3_2p22.3d	ERV3-16A3_I-int	chr2	34964811	34966459	+	turquoise
ERV316A3_2p22.3e	ERV3-16A3_I-int	chr2	35445138	35448048	-	turquoise
ERV316A3_2p22.3f	ERV3-16A3_I-int	chr2	35644113	35646695	+	turquoise
ERV316A3_2p22.3g	ERV3-16A3_I-int	chr2	35653338	35658408	+	turquoise
ERV316A3_2p22.3h	ERV3-16A3_I-int	chr2	35918470	35921590	-	turquoise
ERV316A3_2p22.3i	ERV3-16A3_I-int	chr2	36282175	36283242	-	turquoise
ERV316A3_2p23.3a	ERV3-16A3_I-int	chr2	25883138	25889177	+	turquoise
ERV316A3_2p24.1a	ERV3-16A3_I-int	chr2	21396567	21398547	+	turquoise
ERV316A3_2p24.1b	ERV3-16A3_I-int	chr2	22202082	22203195	+	turquoise
ERV316A3_2p24.1c	ERV3-16A3_I-int	chr2	22206096	22209338	+	turquoise
ERV316A3_2p24.1d	ERV3-16A3_I-int	chr2	23311872	23313218	+	turquoise
ERV316A3_2p24.3a	ERV3-16A3_I-int	chr2	12749922	12751680	-	turquoise
ERV316A3_2p24.3b	ERV3-16A3_I-int	chr2	13325730	13330417	-	turquoise
ERV316A3_2p24.3c	ERV3-16A3_I-int	chr2	14875746	14878608	-	turquoise
ERV316A3_2p25.1a	ERV3-16A3_I-int	chr2	8296771	8302648	-	turquoise
ERV316A3_2p25.1b	ERV3-16A3_I-int	chr2	11395773	11400825	-	turquoise
ERV316A3_2p25.3a	ERV3-16A3_I-int	chr2	2440429	2445607	+	turquoise
ERV316A3_2p25.3c	ERV3-16A3_I-int	chr2	4302238	4303569	+	turquoise
ERV316A3_2q11.2	ERV3-16A3_I-int	chr2	100265606	100271342	-	turquoise
ERV316A3_2q12.1a	ERV3-16A3_I-int	chr2	102556205	102559853	-	turquoise
ERV316A3_2q12.1b	ERV3-16A3_I-int	chr2	105128819	105131658	-	turquoise
ERV316A3_2q12.3a	ERV3-16A3_I-int	chr2	106967926	106974578	-	turquoise
ERV316A3_2q12.3d	ERV3-16A3_I-int	chr2	108229967	108231578	-	turquoise
ERV316A3_2q14.1a	ERV3-16A3_I-int	chr2	112455599	112459611	+	turquoise
ERV316A3_2q14.1b	ERV3-16A3_I-int	chr2	112601737	112604332	+	turquoise
ERV316A3_2q14.1c	ERV3-16A3_I-int	chr2	112605241	112606628	-	turquoise
ERV316A3_2q14.1e	ERV3-16A3_I-int	chr2	113643838	113645005	-	turquoise
ERV316A3_2q14.1f	ERV3-16A3_I-int	chr2	115097871	115101670	-	turquoise
ERV316A3_2q14.1g	ERV3-16A3_I-int	chr2	116098422	116100709	+	turquoise
ERV316A3_2q14.1h	ERV3-16A3_I-int	chr2	116421964	116423932	+	turquoise
ERV316A3_2q14.1i	ERV3-16A3_I-int	chr2	116599329	116601162	-	turquoise
ERV316A3_2q14.1j	ERV3-16A3_I-int	chr2	117292358	117294729	+	turquoise
ERV316A3_2q14.1k	ERV3-16A3_I-int	chr2	117633211	117641397	-	turquoise
ERV316A3_2q14.3a	ERV3-16A3_I-int	chr2	122705347	122708324	-	turquoise
ERV316A3_2q21.2a	ERV3-16A3_I-int	chr2	131738683	131739547	-	turquoise
ERV316A3_2q21.2b	ERV3-16A3_I-int	chr2	132192221	132194743	+	turquoise
ERV316A3_2q21.2c	ERV3-16A3_I-int	chr2	134034572	134037411	-	turquoise
ERV316A3_2q21.3	ERV3-16A3_I-int	chr2	135885578	135890637	-	turquoise
ERV316A3_2q22.1a	ERV3-16A3_I-int	chr2	136144277	136150317	+	turquoise
ERV316A3_2q22.1b	ERV3-16A3_I-int	chr2	140734634	140738788	+	turquoise
ERV316A3_2q22.2a	ERV3-16A3_I-int	chr2	142578069	142581930	+	turquoise
ERV316A3_2q22.2b	ERV3-16A3_I-int	chr2	143261716	143264508	-	turquoise
ERV316A3_2q22.3a	ERV3-16A3_I-int	chr2	143751094	143753311	-	turquoise
ERV316A3_2q22.3b	ERV3-16A3_I-int	chr2	145456100	145458831	-	turquoise
ERV316A3_2q22.3c	ERV3-16A3_I-int	chr2	145568458	145569941	-	turquoise
ERV316A3_2q22.3d	ERV3-16A3_I-int	chr2	145884454	145888622	-	turquoise
ERV316A3_2q22.3e	ERV3-16A3_I-int	chr2	146288239	146290955	-	turquoise
ERV316A3_2q23.3a	ERV3-16A3_I-int	chr2	150237847	150242265	-	turquoise
ERV316A3_2q24.1a	ERV3-16A3_I-int	chr2	155009030	155011170	-	turquoise
ERV316A3_2q24.1b	ERV3-16A3_I-int	chr2	155299164	155301479	-	turquoise
ERV316A3_2q24.1c	ERV3-16A3_I-int	chr2	155334536	155336116	+	turquoise
ERV316A3_2q24.1d	ERV3-16A3_I-int	chr2	155336148	155341190	+	turquoise
ERV316A3_2q24.1f	ERV3-16A3_I-int	chr2	157940776	157946319	+	turquoise
ERV316A3_2q24.2b	ERV3-16A3_I-int	chr2	160782580	160787301	+	turquoise
ERV316A3_2q24.2c	ERV3-16A3_I-int	chr2	161486903	161489610	-	turquoise
ERV316A3_2q24.3a	ERV3-16A3_I-int	chr2	162911942	162918630	+	turquoise
ERV316A3_2q24.3b	ERV3-16A3_I-int	chr2	162981788	162983298	+	turquoise
ERV316A3_2q24.3c	ERV3-16A3_I-int	chr2	163229286	163231364	-	turquoise
ERV316A3_2q24.3d	ERV3-16A3_I-int	chr2	165691621	165696599	-	turquoise
ERV316A3_2q24.3e	ERV3-16A3_I-int	chr2	167016606	167018662	-	turquoise
ERV316A3_2q31.1b	ERV3-16A3_I-int	chr2	173774650	173781020	-	turquoise
ERV316A3_2q31.2	ERV3-16A3_I-int	chr2	178421097	178423900	-	turquoise
ERV316A3_2q31.3a	ERV3-16A3_I-int	chr2	180009041	180011335	-	turquoise
ERV316A3_2q31.3b	ERV3-16A3_I-int	chr2	180011383	180014127	-	turquoise
ERV316A3_2q31.3c	ERV3-16A3_I-int	chr2	180349279	180351665	+	turquoise
ERV316A3_2q31.3d	ERV3-16A3_I-int	chr2	180442409	180447600	-	turquoise
ERV316A3_2q31.3e	ERV3-16A3_I-int	chr2	181728304	181730530	-	turquoise
ERV316A3_2q32.1a	ERV3-16A3_I-int	chr2	182297786	182302304	+	turquoise
ERV316A3_2q32.1b	ERV3-16A3_I-int	chr2	183724981	183728338	-	turquoise
ERV316A3_2q32.1c	ERV3-16A3_I-int	chr2	184277439	184280012	-	turquoise
ERV316A3_2q32.1d	ERV3-16A3_I-int	chr2	184451658	184452712	-	turquoise
ERV316A3_2q32.1e	ERV3-16A3_I-int	chr2	185209066	185210600	+	turquoise
ERV316A3_2q32.1f	ERV3-16A3_I-int	chr2	185994150	185996442	+	turquoise
ERV316A3_2q32.1g	ERV3-16A3_I-int	chr2	186820717	186824937	+	turquoise
ERV316A3_2q32.1h	ERV3-16A3_I-int	chr2	187085749	187087545	+	turquoise
ERV316A3_2q32.1i	ERV3-16A3_I-int	chr2	187791826	187792937	-	turquoise
ERV316A3_2q32.2a	ERV3-16A3_I-int	chr2	189075831	189078068	+	turquoise
ERV316A3_2q32.2b	ERV3-16A3_I-int	chr2	190756516	190757108	-	turquoise
ERV316A3_2q32.2c	ERV3-16A3_I-int	chr2	190842238	190844528	+	turquoise
ERV316A3_2q32.3a	ERV3-16A3_I-int	chr2	191179289	191181901	-	turquoise
ERV316A3_2q32.3b	ERV3-16A3_I-int	chr2	193844357	193845885	-	turquoise
ERV316A3_2q32.3c	ERV3-16A3_I-int	chr2	194693299	194694027	+	turquoise
ERV316A3_2q33.1a	ERV3-16A3_I-int	chr2	198945854	198948341	+	turquoise
ERV316A3_2q33.1c	ERV3-16A3_I-int	chr2	199139172	199140174	-	turquoise
ERV316A3_2q33.1d	ERV3-16A3_I-int	chr2	199146953	199151327	+	turquoise
ERV316A3_2q33.1e	ERV3-16A3_I-int	chr2	199613737	199617980	-	turquoise
ERV316A3_2q33.1f	ERV3-16A3_I-int	chr2	199705744	199707138	-	turquoise
ERV316A3_2q33.1g	ERV3-16A3_I-int	chr2	199772560	199775568	-	turquoise
ERV316A3_2q33.2	ERV3-16A3_I-int	chr2	203846166	203852533	+	turquoise
ERV316A3_2q33.3a	ERV3-16A3_I-int	chr2	205871130	205876307	+	turquoise
ERV316A3_2q33.3b	ERV3-16A3_I-int	chr2	206326051	206330025	-	turquoise
ERV316A3_2q34a	ERV3-16A3_I-int	chr2	208661800	208664596	+	turquoise
ERV316A3_2q34b	ERV3-16A3_I-int	chr2	210237690	210241376	-	turquoise
ERV316A3_2q34c	ERV3-16A3_I-int	chr2	210882425	210886739	+	turquoise
ERV316A3_2q34e	ERV3-16A3_I-int	chr2	212802265	212807530	+	turquoise
ERV316A3_2q34f	ERV3-16A3_I-int	chr2	213383742	213385791	-	turquoise
ERV316A3_2q35a	ERV3-16A3_I-int	chr2	214847747	214849856	-	turquoise
ERV316A3_2q35b	ERV3-16A3_I-int	chr2	214866562	214870502	+	turquoise
ERV316A3_2q35c	ERV3-16A3_I-int	chr2	214879116	214880279	+	turquoise
ERV316A3_2q35e	ERV3-16A3_I-int	chr2	215940647	215942020	-	turquoise
ERV316A3_2q35f	ERV3-16A3_I-int	chr2	216034255	216036830	+	turquoise
ERV316A3_2q35g	ERV3-16A3_I-int	chr2	216817389	216818465	+	turquoise
ERV316A3_2q35h	ERV3-16A3_I-int	chr2	218537782	218542252	+	turquoise
ERV316A3_2q35i	ERV3-16A3_I-int	chr2	220028737	220033584	+	turquoise
ERV316A3_2q35j	ERV3-16A3_I-int	chr2	220447112	220451110	+	turquoise
ERV316A3_2q36.1a	ERV3-16A3_I-int	chr2	222018453	222021688	+	turquoise
ERV316A3_2q36.2	ERV3-16A3_I-int	chr2	224827741	224830374	+	turquoise
ERV316A3_2q36.3a	ERV3-16A3_I-int	chr2	225508460	225509765	-	turquoise
ERV316A3_2q36.3b	ERV3-16A3_I-int	chr2	226350295	226352386	-	turquoise
ERV316A3_2q36.3c	ERV3-16A3_I-int	chr2	226419339	226422771	-	turquoise
ERV316A3_2q37.1a	ERV3-16A3_I-int	chr2	230403818	230406889	+	turquoise
ERV316A3_2q37.1b	ERV3-16A3_I-int	chr2	234616758	234619051	+	turquoise
ERV316A3_2q37.3a	ERV3-16A3_I-int	chr2	238304163	238309918	-	turquoise
ERV316A3_3p11.1	ERV3-16A3_I-int	chr3	88027843	88029549	-	turquoise
ERV316A3_3p11.2	ERV3-16A3_I-int	chr3	87374292	87377308	-	turquoise
ERV316A3_3p12.1a	ERV3-16A3_I-int	chr3	84375976	84379107	+	turquoise
ERV316A3_3p12.1b	ERV3-16A3_I-int	chr3	84788526	84790281	+	turquoise
ERV316A3_3p12.1c	ERV3-16A3_I-int	chr3	86154014	86155771	-	turquoise
ERV316A3_3p12.1d	ERV3-16A3_I-int	chr3	86912674	86915479	+	turquoise
ERV316A3_3p12.2a	ERV3-16A3_I-int	chr3	79855742	79860633	+	turquoise
ERV316A3_3p12.2b	ERV3-16A3_I-int	chr3	80825941	80828888	-	turquoise
ERV316A3_3p12.2c	ERV3-16A3_I-int	chr3	80831826	80835595	-	turquoise
ERV316A3_3p12.2d	ERV3-16A3_I-int	chr3	81231137	81235457	-	turquoise
ERV316A3_3p12.2e	ERV3-16A3_I-int	chr3	82035185	82035935	+	turquoise
ERV316A3_3p12.2f	ERV3-16A3_I-int	chr3	82122576	82128820	+	turquoise
ERV316A3_3p12.2g	ERV3-16A3_I-int	chr3	82516053	82519220	-	turquoise
ERV316A3_3p12.3a	ERV3-16A3_I-int	chr3	74548876	74551293	+	turquoise
ERV316A3_3p12.3b	ERV3-16A3_I-int	chr3	74557375	74558370	+	turquoise
ERV316A3_3p12.3d	ERV3-16A3_I-int	chr3	77671522	77673728	+	turquoise
ERV316A3_3p12.3e	ERV3-16A3_I-int	chr3	79659712	79661388	+	turquoise
ERV316A3_3p21.1a	ERV3-16A3_I-int	chr3	53417669	53421099	-	turquoise
ERV316A3_3p21.1b	ERV3-16A3_I-int	chr3	53424460	53428060	-	turquoise
ERV316A3_3p21.2a	ERV3-16A3_I-int	chr3	51838684	51841803	+	turquoise
ERV316A3_3p21.31c	ERV3-16A3_I-int	chr3	45818665	45822568	+	turquoise
ERV316A3_3p21.31d	ERV3-16A3_I-int	chr3	46637487	46642758	-	turquoise
ERV316A3_3p21.31e	ERV3-16A3_I-int	chr3	46816558	46817200	+	turquoise
ERV316A3_3p22.3a	ERV3-16A3_I-int	chr3	35807616	35809676	-	turquoise
ERV316A3_3p22.3b	ERV3-16A3_I-int	chr3	36172450	36173324	-	turquoise
ERV316A3_3p24.1	ERV3-16A3_I-int	chr3	28110979	28112641	-	turquoise
ERV316A3_3p24.2	ERV3-16A3_I-int	chr3	25798176	25800254	-	turquoise
ERV316A3_3p25.1	ERV3-16A3_I-int	chr3	16029909	16032360	+	turquoise
ERV316A3_3p25.2d	ERV3-16A3_I-int	chr3	12706372	12713168	-	turquoise
ERV316A3_3p26.1	ERV3-16A3_I-int	chr3	4470242	4472991	-	turquoise
ERV316A3_3q11.2a	ERV3-16A3_I-int	chr3	94601590	94605066	-	turquoise
ERV316A3_3q11.2b	ERV3-16A3_I-int	chr3	94692828	94695259	-	turquoise
ERV316A3_3q11.2d	ERV3-16A3_I-int	chr3	95615144	95616787	+	turquoise
ERV316A3_3q11.2e	ERV3-16A3_I-int	chr3	96238159	96241296	-	turquoise
ERV316A3_3q11.2g	ERV3-16A3_I-int	chr3	96730288	96734286	-	turquoise
ERV316A3_3q12.1a	ERV3-16A3_I-int	chr3	99390080	99395019	-	turquoise
ERV316A3_3q12.1c	ERV3-16A3_I-int	chr3	99608527	99612272	-	turquoise
ERV316A3_3q12.1d	ERV3-16A3_I-int	chr3	99808942	99811648	-	turquoise
ERV316A3_3q13.11a	ERV3-16A3_I-int	chr3	103191678	103194268	+	turquoise
ERV316A3_3q13.11c	ERV3-16A3_I-int	chr3	104156341	104157699	-	turquoise
ERV316A3_3q13.11d	ERV3-16A3_I-int	chr3	104158001	104159204	-	turquoise
ERV316A3_3q13.11f	ERV3-16A3_I-int	chr3	104931932	104933129	+	turquoise
ERV316A3_3q13.11g	ERV3-16A3_I-int	chr3	105021255	105025285	+	turquoise
ERV316A3_3q13.11h	ERV3-16A3_I-int	chr3	105201815	105204824	+	turquoise
ERV316A3_3q13.11i	ERV3-16A3_I-int	chr3	106009240	106010400	+	turquoise
ERV316A3_3q13.12a	ERV3-16A3_I-int	chr3	106700659	106704034	-	turquoise
ERV316A3_3q13.12c	ERV3-16A3_I-int	chr3	107248969	107249989	-	turquoise
ERV316A3_3q13.12d	ERV3-16A3_I-int	chr3	107273390	107275095	+	turquoise
ERV316A3_3q13.12e	ERV3-16A3_I-int	chr3	107318233	107322352	+	turquoise
ERV316A3_3q13.12f	ERV3-16A3_I-int	chr3	107960990	107964886	-	turquoise
ERV316A3_3q13.13a	ERV3-16A3_I-int	chr3	108233323	108235718	-	turquoise
ERV316A3_3q13.13b	ERV3-16A3_I-int	chr3	108276289	108280984	-	turquoise
ERV316A3_3q13.13d	ERV3-16A3_I-int	chr3	110106308	110110375	-	turquoise
ERV316A3_3q13.13e	ERV3-16A3_I-int	chr3	110426931	110430529	-	turquoise
ERV316A3_3q13.2a	ERV3-16A3_I-int	chr3	112832088	112834559	+	turquoise
ERV316A3_3q13.2b	ERV3-16A3_I-int	chr3	113185093	113187839	+	turquoise
ERV316A3_3q13.31a	ERV3-16A3_I-int	chr3	114113384	114117765	+	turquoise
ERV316A3_3q13.31b	ERV3-16A3_I-int	chr3	115432539	115438659	+	turquoise
ERV316A3_3q13.31c	ERV3-16A3_I-int	chr3	116991586	116996187	+	turquoise
ERV316A3_3q13.33a	ERV3-16A3_I-int	chr3	120603293	120604294	-	turquoise
ERV316A3_3q13.33b	ERV3-16A3_I-int	chr3	121007649	121011384	-	turquoise
ERV316A3_3q22.2a	ERV3-16A3_I-int	chr3	135533167	135535008	-	turquoise
ERV316A3_3q22.2b	ERV3-16A3_I-int	chr3	135666871	135668238	-	turquoise
ERV316A3_3q22.3a	ERV3-16A3_I-int	chr3	136233460	136237428	+	turquoise
ERV316A3_3q22.3c	ERV3-16A3_I-int	chr3	137937624	137944889	-	turquoise
ERV316A3_3q22.3d	ERV3-16A3_I-int	chr3	138137127	138139740	-	turquoise
ERV316A3_3q23a	ERV3-16A3_I-int	chr3	139132093	139135827	+	turquoise
ERV316A3_3q24a	ERV3-16A3_I-int	chr3	143212373	143215188	+	turquoise
ERV316A3_3q24b	ERV3-16A3_I-int	chr3	144244465	144247518	-	turquoise
ERV316A3_3q24c	ERV3-16A3_I-int	chr3	145201382	145202620	-	turquoise
ERV316A3_3q24d	ERV3-16A3_I-int	chr3	146630884	146633899	-	turquoise
ERV316A3_3q25.2a	ERV3-16A3_I-int	chr3	153351906	153356709	+	turquoise
ERV316A3_3q25.2b	ERV3-16A3_I-int	chr3	153904617	153906476	+	turquoise
ERV316A3_3q25.2c	ERV3-16A3_I-int	chr3	153906501	153909016	+	turquoise
ERV316A3_3q25.31	ERV3-16A3_I-int	chr3	155332201	155334090	+	turquoise
ERV316A3_3q25.32a	ERV3-16A3_I-int	chr3	157475517	157478417	+	turquoise
ERV316A3_3q25.32b	ERV3-16A3_I-int	chr3	159192378	159193972	-	turquoise
ERV316A3_3q26.1a	ERV3-16A3_I-int	chr3	162801178	162803194	+	turquoise
ERV316A3_3q26.1d	ERV3-16A3_I-int	chr3	164541991	164543514	+	turquoise
ERV316A3_3q26.1e	ERV3-16A3_I-int	chr3	165950308	165952219	-	turquoise
ERV316A3_3q26.1g	ERV3-16A3_I-int	chr3	166549600	166554725	-	turquoise
ERV316A3_3q26.1h	ERV3-16A3_I-int	chr3	166703835	166705126	-	turquoise
ERV316A3_3q26.2b	ERV3-16A3_I-int	chr3	169058099	169063587	+	turquoise
ERV316A3_3q26.31	ERV3-16A3_I-int	chr3	172550393	172552486	-	turquoise
ERV316A3_3q26.32	ERV3-16A3_I-int	chr3	176142121	176145282	-	turquoise
ERV316A3_3q26.33	ERV3-16A3_I-int	chr3	180172482	180173569	-	turquoise
ERV316A3_3q27.1a	ERV3-16A3_I-int	chr3	183114642	183118015	-	turquoise
ERV316A3_3q27.1b	ERV3-16A3_I-int	chr3	184464071	184466203	-	turquoise
ERV316A3_3q27.3b	ERV3-16A3_I-int	chr3	186463443	186465796	+	turquoise
ERV316A3_3q27.3d	ERV3-16A3_I-int	chr3	187106849	187110529	-	turquoise
ERV316A3_3q27.3e	ERV3-16A3_I-int	chr3	187374111	187378966	-	turquoise
ERV316A3_3q28a	ERV3-16A3_I-int	chr3	189438050	189439235	+	turquoise
ERV316A3_3q28b	ERV3-16A3_I-int	chr3	189577410	189579603	+	turquoise
ERV316A3_3q28c	ERV3-16A3_I-int	chr3	189615562	189620816	-	turquoise
ERV316A3_3q28d	ERV3-16A3_I-int	chr3	190335732	190339270	+	turquoise
ERV316A3_3q28e	ERV3-16A3_I-int	chr3	190363714	190366901	-	turquoise
ERV316A3_3q28f	ERV3-16A3_I-int	chr3	190836085	190837756	+	turquoise
ERV316A3_3q28g	ERV3-16A3_I-int	chr3	190970855	190972349	-	turquoise
ERV316A3_3q28h	ERV3-16A3_I-int	chr3	191019110	191019669	-	turquoise
ERV316A3_3q29	ERV3-16A3_I-int	chr3	197591652	197592530	-	turquoise
ERV316A3_4p12a	ERV3-16A3_I-int	chr4	44801902	44805620	+	turquoise
ERV316A3_4p12d	ERV3-16A3_I-int	chr4	45677733	45681279	+	turquoise
ERV316A3_4p12e	ERV3-16A3_I-int	chr4	45687415	45689470	-	turquoise
ERV316A3_4p12f	ERV3-16A3_I-int	chr4	45715217	45718460	+	turquoise
ERV316A3_4p12g	ERV3-16A3_I-int	chr4	47945917	47949520	+	turquoise
ERV316A3_4p13a	ERV3-16A3_I-int	chr4	41829175	41834569	+	turquoise
ERV316A3_4p15.1c	ERV3-16A3_I-int	chr4	28385346	28386176	-	turquoise
ERV316A3_4p15.1d	ERV3-16A3_I-int	chr4	28790603	28794737	-	turquoise
ERV316A3_4p15.1e	ERV3-16A3_I-int	chr4	28992643	28997090	+	turquoise
ERV316A3_4p15.1f	ERV3-16A3_I-int	chr4	29000197	29001164	+	turquoise
ERV316A3_4p15.1g	ERV3-16A3_I-int	chr4	29839621	29842183	-	turquoise
ERV316A3_4p15.1h	ERV3-16A3_I-int	chr4	31316096	31318144	-	turquoise
ERV316A3_4p15.1i	ERV3-16A3_I-int	chr4	32462309	32463901	+	turquoise
ERV316A3_4p15.1j	ERV3-16A3_I-int	chr4	32578856	32582199	-	turquoise
ERV316A3_4p15.1k	ERV3-16A3_I-int	chr4	34118193	34120567	-	turquoise
ERV316A3_4p15.1l	ERV3-16A3_I-int	chr4	34308817	34311349	+	turquoise
ERV316A3_4p15.1o	ERV3-16A3_I-int	chr4	35619452	35623131	+	turquoise
ERV316A3_4p15.2a	ERV3-16A3_I-int	chr4	23679909	23682160	-	turquoise
ERV316A3_4p15.2b	ERV3-16A3_I-int	chr4	23682202	23682846	-	turquoise
ERV316A3_4p15.2e	ERV3-16A3_I-int	chr4	24607148	24611453	+	turquoise
ERV316A3_4p15.2g	ERV3-16A3_I-int	chr4	27471214	27474964	+	turquoise
ERV316A3_4p15.2h	ERV3-16A3_I-int	chr4	27528392	27531682	-	turquoise
ERV316A3_4p15.31a	ERV3-16A3_I-int	chr4	18590134	18591893	+	turquoise
ERV316A3_4p15.32a	ERV3-16A3_I-int	chr4	16356432	16357313	-	turquoise
ERV316A3_4p15.32b	ERV3-16A3_I-int	chr4	17628616	17629628	+	turquoise
ERV316A3_4p15.33a	ERV3-16A3_I-int	chr4	12408246	12412007	+	turquoise
ERV316A3_4p15.33b	ERV3-16A3_I-int	chr4	12434311	12436076	+	turquoise
ERV316A3_4p15.33d	ERV3-16A3_I-int	chr4	12616456	12618402	+	turquoise
ERV316A3_4p15.33f	ERV3-16A3_I-int	chr4	14076910	14082179	-	turquoise
ERV316A3_4p15.33g	ERV3-16A3_I-int	chr4	14311736	14312811	+	turquoise
ERV316A3_4p16.1d	ERV3-16A3_I-int	chr4	10947811	10949726	+	turquoise
ERV316A3_4p16.1f	ERV3-16A3_I-int	chr4	11149646	11151554	+	turquoise
ERV316A3_4p16.1g	ERV3-16A3_I-int	chr4	11225121	11227868	-	turquoise
ERV316A3_4p16.3a	ERV3-16A3_I-int	chr4	2215354	2220064	-	turquoise
ERV316A3_4p16.3b	ERV3-16A3_I-int	chr4	3352892	3354204	-	turquoise
ERV316A3_4q12	ERV3-16A3_I-int	chr4	58101288	58103143	-	turquoise
ERV316A3_4q13.1a	ERV3-16A3_I-int	chr4	59135516	59138895	-	turquoise
ERV316A3_4q13.1b	ERV3-16A3_I-int	chr4	59678275	59681045	+	turquoise
ERV316A3_4q13.1c	ERV3-16A3_I-int	chr4	60613782	60618644	+	turquoise
ERV316A3_4q13.1d	ERV3-16A3_I-int	chr4	61049292	61051530	-	turquoise
ERV316A3_4q13.1e	ERV3-16A3_I-int	chr4	62516313	62517430	-	turquoise
ERV316A3_4q13.1f	ERV3-16A3_I-int	chr4	63088768	63089735	-	turquoise
ERV316A3_4q13.1h	ERV3-16A3_I-int	chr4	63776454	63778380	-	turquoise
ERV316A3_4q13.1i	ERV3-16A3_I-int	chr4	63970511	63973278	-	turquoise
ERV316A3_4q13.1j	ERV3-16A3_I-int	chr4	64282949	64285389	+	turquoise
ERV316A3_4q13.1k	ERV3-16A3_I-int	chr4	65061530	65065243	-	turquoise
ERV316A3_4q13.1l	ERV3-16A3_I-int	chr4	65303079	65305264	+	turquoise
ERV316A3_4q13.1m	ERV3-16A3_I-int	chr4	65339174	65341134	+	turquoise
ERV316A3_4q13.2a	ERV3-16A3_I-int	chr4	66006443	66008245	-	turquoise
ERV316A3_4q13.2c	ERV3-16A3_I-int	chr4	66779367	66781023	+	turquoise
ERV316A3_4q13.2d	ERV3-16A3_I-int	chr4	67043410	67047249	-	turquoise
ERV316A3_4q13.2e	ERV3-16A3_I-int	chr4	67891965	67894000	+	turquoise
ERV316A3_4q13.2f	ERV3-16A3_I-int	chr4	67983409	67985637	+	turquoise
ERV316A3_4q13.2g	ERV3-16A3_I-int	chr4	69264033	69265740	-	turquoise
ERV316A3_4q13.3a	ERV3-16A3_I-int	chr4	71650206	71652465	+	turquoise
ERV316A3_4q13.3d	ERV3-16A3_I-int	chr4	75061690	75063481	-	turquoise
ERV316A3_4q13.3e	ERV3-16A3_I-int	chr4	73657151	73659609	+	turquoise
ERV316A3_4q21.1a	ERV3-16A3_I-int	chr4	75530112	75530967	-	turquoise
ERV316A3_4q21.1b	ERV3-16A3_I-int	chr4	77206438	77207431	-	turquoise
ERV316A3_4q21.1c	ERV3-16A3_I-int	chr4	77237871	77239523	-	turquoise
ERV316A3_4q21.1d	ERV3-16A3_I-int	chr4	77294830	77295457	-	turquoise
ERV316A3_4q21.1e	ERV3-16A3_I-int	chr4	77312798	77314180	-	turquoise
ERV316A3_4q21.1g	ERV3-16A3_I-int	chr4	77408057	77409566	-	turquoise
ERV316A3_4q21.1h	ERV3-16A3_I-int	chr4	77419013	77420479	+	turquoise
ERV316A3_4q21.1j	ERV3-16A3_I-int	chr4	77479330	77482751	+	turquoise
ERV316A3_4q21.1m	ERV3-16A3_I-int	chr4	77557268	77559538	-	turquoise
ERV316A3_4q21.21a	ERV3-16A3_I-int	chr4	78031565	78036384	+	turquoise
ERV316A3_4q21.21b	ERV3-16A3_I-int	chr4	79848602	79850304	+	turquoise
ERV316A3_4q21.21c	ERV3-16A3_I-int	chr4	80368903	80375923	-	turquoise
ERV316A3_4q22.1a	ERV3-16A3_I-int	chr4	87560828	87561948	-	turquoise
ERV316A3_4q22.1c	ERV3-16A3_I-int	chr4	90083464	90085368	-	turquoise
ERV316A3_4q22.1e	ERV3-16A3_I-int	chr4	91976444	91977413	+	turquoise
ERV316A3_4q22.3a	ERV3-16A3_I-int	chr4	94785926	94788613	+	turquoise
ERV316A3_4q22.3b	ERV3-16A3_I-int	chr4	95953828	95956254	+	turquoise
ERV316A3_4q22.3d	ERV3-16A3_I-int	chr4	97224847	97228219	-	turquoise
ERV316A3_4q24b	ERV3-16A3_I-int	chr4	100879021	100881653	+	turquoise
ERV316A3_4q24c	ERV3-16A3_I-int	chr4	104453698	104455379	+	turquoise
ERV316A3_4q24d	ERV3-16A3_I-int	chr4	104510872	104513960	+	turquoise
ERV316A3_4q24i	ERV3-16A3_I-int	chr4	106630691	106632714	+	turquoise
ERV316A3_4q25a	ERV3-16A3_I-int	chr4	108321520	108325972	+	turquoise
ERV316A3_4q25c	ERV3-16A3_I-int	chr4	108737438	108740114	+	turquoise
ERV316A3_4q25d	ERV3-16A3_I-int	chr4	109802583	109804649	-	turquoise
ERV316A3_4q25e	ERV3-16A3_I-int	chr4	109805023	109806413	-	turquoise
ERV316A3_4q26a	ERV3-16A3_I-int	chr4	114382862	114384154	+	turquoise
ERV316A3_4q26b	ERV3-16A3_I-int	chr4	114394584	114398388	-	turquoise
ERV316A3_4q26c	ERV3-16A3_I-int	chr4	114418161	114420402	+	turquoise
ERV316A3_4q26d	ERV3-16A3_I-int	chr4	114856647	114859940	+	turquoise
ERV316A3_4q26e	ERV3-16A3_I-int	chr4	115916164	115919178	+	turquoise
ERV316A3_4q26f	ERV3-16A3_I-int	chr4	116156233	116158418	-	turquoise
ERV316A3_4q26g	ERV3-16A3_I-int	chr4	116702896	116704058	-	turquoise
ERV316A3_4q26i	ERV3-16A3_I-int	chr4	117700024	117702020	+	turquoise
ERV316A3_4q26k	ERV3-16A3_I-int	chr4	119475662	119476625	-	turquoise
ERV316A3_4q27a	ERV3-16A3_I-int	chr4	120641554	120643166	-	turquoise
ERV316A3_4q27b	ERV3-16A3_I-int	chr4	120648495	120649109	-	turquoise
ERV316A3_4q27c	ERV3-16A3_I-int	chr4	122118840	122120793	+	turquoise
ERV316A3_4q28.1a	ERV3-16A3_I-int	chr4	123494814	123496826	+	turquoise
ERV316A3_4q28.1b	ERV3-16A3_I-int	chr4	124846291	124848649	-	turquoise
ERV316A3_4q28.1c	ERV3-16A3_I-int	chr4	125214923	125218975	+	turquoise
ERV316A3_4q28.1d	ERV3-16A3_I-int	chr4	126640636	126644869	+	turquoise
ERV316A3_4q28.3a	ERV3-16A3_I-int	chr4	130467291	130468440	+	turquoise
ERV316A3_4q28.3c	ERV3-16A3_I-int	chr4	130658588	130659358	-	turquoise
ERV316A3_4q28.3d	ERV3-16A3_I-int	chr4	130823240	130824349	-	turquoise
ERV316A3_4q28.3e	ERV3-16A3_I-int	chr4	130824400	130827638	-	turquoise
ERV316A3_4q28.3f	ERV3-16A3_I-int	chr4	130828808	130830679	+	turquoise
ERV316A3_4q28.3h	ERV3-16A3_I-int	chr4	132607317	132609113	-	turquoise
ERV316A3_4q28.3i	ERV3-16A3_I-int	chr4	133398222	133402988	-	turquoise
ERV316A3_4q28.3j	ERV3-16A3_I-int	chr4	133454272	133460907	+	turquoise
ERV316A3_4q28.3k	ERV3-16A3_I-int	chr4	133972382	133978323	+	turquoise
ERV316A3_4q28.3m	ERV3-16A3_I-int	chr4	135725706	135728654	-	turquoise
ERV316A3_4q28.3n	ERV3-16A3_I-int	chr4	136672204	136673670	+	turquoise
ERV316A3_4q28.3o	ERV3-16A3_I-int	chr4	136926806	136932582	+	turquoise
ERV316A3_4q28.3p	ERV3-16A3_I-int	chr4	136991055	136992817	-	turquoise
ERV316A3_4q28.3q	ERV3-16A3_I-int	chr4	137378340	137381280	+	turquoise
ERV316A3_4q28.3r	ERV3-16A3_I-int	chr4	137413345	137419231	-	turquoise
ERV316A3_4q28.3s	ERV3-16A3_I-int	chr4	137436313	137438946	+	turquoise
ERV316A3_4q28.3t	ERV3-16A3_I-int	chr4	137964699	137969722	+	turquoise
ERV316A3_4q31.1a	ERV3-16A3_I-int	chr4	140210609	140212643	-	turquoise
ERV316A3_4q31.1b	ERV3-16A3_I-int	chr4	140289102	140293802	-	turquoise
ERV316A3_4q31.21a	ERV3-16A3_I-int	chr4	141234973	141239196	+	turquoise
ERV316A3_4q31.21b	ERV3-16A3_I-int	chr4	141464461	141466105	-	turquoise
ERV316A3_4q31.21c	ERV3-16A3_I-int	chr4	143122163	143124563	+	turquoise
ERV316A3_4q31.21d	ERV3-16A3_I-int	chr4	143720039	143721952	+	turquoise
ERV316A3_4q31.21e	ERV3-16A3_I-int	chr4	145300335	145302957	-	turquoise
ERV316A3_4q31.21f	ERV3-16A3_I-int	chr4	145438648	145439497	+	turquoise
ERV316A3_4q31.22a	ERV3-16A3_I-int	chr4	146063634	146067777	+	turquoise
ERV316A3_4q31.22b	ERV3-16A3_I-int	chr4	146984610	146986702	-	turquoise
ERV316A3_4q31.23b	ERV3-16A3_I-int	chr4	148769793	148771067	+	turquoise
ERV316A3_4q31.23c	ERV3-16A3_I-int	chr4	149027518	149031932	-	turquoise
ERV316A3_4q31.23d	ERV3-16A3_I-int	chr4	149306310	149313049	+	turquoise
ERV316A3_4q31.3a	ERV3-16A3_I-int	chr4	151331579	151332762	-	turquoise
ERV316A3_4q32.1a	ERV3-16A3_I-int	chr4	155046945	155048453	+	turquoise
ERV316A3_4q32.1b	ERV3-16A3_I-int	chr4	156238104	156241420	-	turquoise
ERV316A3_4q32.1c	ERV3-16A3_I-int	chr4	156707315	156712304	-	turquoise
ERV316A3_4q32.1d	ERV3-16A3_I-int	chr4	156990675	156992065	+	turquoise
ERV316A3_4q32.1e	ERV3-16A3_I-int	chr4	157008663	157010178	+	turquoise
ERV316A3_4q32.1f	ERV3-16A3_I-int	chr4	157047995	157050959	+	turquoise
ERV316A3_4q32.1i	ERV3-16A3_I-int	chr4	160295729	160297504	-	turquoise
ERV316A3_4q32.1j	ERV3-16A3_I-int	chr4	160498362	160501675	+	turquoise
ERV316A3_4q32.1k	ERV3-16A3_I-int	chr4	160754500	160757673	-	turquoise
ERV316A3_4q32.1l	ERV3-16A3_I-int	chr4	160794307	160799795	+	turquoise
ERV316A3_4q32.2a	ERV3-16A3_I-int	chr4	162229726	162231261	+	turquoise
ERV316A3_4q32.2b	ERV3-16A3_I-int	chr4	162233833	162234765	+	turquoise
ERV316A3_4q32.2c	ERV3-16A3_I-int	chr4	162954811	162957883	+	turquoise
ERV316A3_4q32.2d	ERV3-16A3_I-int	chr4	163047106	163049250	-	turquoise
ERV316A3_4q32.3c	ERV3-16A3_I-int	chr4	165971222	165975281	-	turquoise
ERV316A3_4q32.3f	ERV3-16A3_I-int	chr4	168013893	168017945	-	turquoise
ERV316A3_4q34.1a	ERV3-16A3_I-int	chr4	171133932	171138794	+	turquoise
ERV316A3_4q34.1b	ERV3-16A3_I-int	chr4	171148853	171153744	-	turquoise
ERV316A3_4q34.1c	ERV3-16A3_I-int	chr4	171792731	171796675	-	turquoise
ERV316A3_4q34.3a	ERV3-16A3_I-int	chr4	177107467	177110159	+	turquoise
ERV316A3_4q34.3b	ERV3-16A3_I-int	chr4	179220300	179226576	+	turquoise
ERV316A3_4q34.3c	ERV3-16A3_I-int	chr4	179855351	179856604	-	turquoise
ERV316A3_4q35.1	ERV3-16A3_I-int	chr4	183068724	183070206	-	turquoise
ERV316A3_4q35.2a	ERV3-16A3_I-int	chr4	186513234	186516728	+	turquoise
ERV316A3_4q35.2b	ERV3-16A3_I-int	chr4	187330685	187333812	+	turquoise
ERV316A3_4q35.2d	ERV3-16A3_I-int	chr4	188915325	188916693	-	turquoise
ERV316A3_5p12a	ERV3-16A3_I-int	chr5	42790505	42792913	-	turquoise
ERV316A3_5p12b	ERV3-16A3_I-int	chr5	44004189	44013175	-	turquoise
ERV316A3_5p12c	ERV3-16A3_I-int	chr5	44187358	44192012	-	turquoise
ERV316A3_5p12d	ERV3-16A3_I-int	chr5	45128042	45130548	-	turquoise
ERV316A3_5p12e	ERV3-16A3_I-int	chr5	45154298	45161107	-	turquoise
ERV316A3_5p12f	ERV3-16A3_I-int	chr5	45862287	45864352	+	turquoise
ERV316A3_5p13.1a	ERV3-16A3_I-int	chr5	38645421	38647106	-	turquoise
ERV316A3_5p13.1b	ERV3-16A3_I-int	chr5	39691521	39693328	-	turquoise
ERV316A3_5p13.1c	ERV3-16A3_I-int	chr5	41111329	41114252	+	turquoise
ERV316A3_5p13.1d	ERV3-16A3_I-int	chr5	42121529	42124549	-	turquoise
ERV316A3_5p13.1f	ERV3-16A3_I-int	chr5	42381821	42384670	-	turquoise
ERV316A3_5p13.1g	ERV3-16A3_I-int	chr5	39805462	39809036	+	turquoise
ERV316A3_5p13.2	ERV3-16A3_I-int	chr5	36515383	36516443	-	turquoise
ERV316A3_5p13.3a	ERV3-16A3_I-int	chr5	29386995	29388401	+	turquoise
ERV316A3_5p13.3b	ERV3-16A3_I-int	chr5	29786831	29789693	-	turquoise
ERV316A3_5p13.3d	ERV3-16A3_I-int	chr5	30749381	30756199	-	turquoise
ERV316A3_5p13.3e	ERV3-16A3_I-int	chr5	31500031	31503600	+	turquoise
ERV316A3_5p14.1a	ERV3-16A3_I-int	chr5	25025977	25027317	-	turquoise
ERV316A3_5p14.1b	ERV3-16A3_I-int	chr5	25094323	25097831	-	turquoise
ERV316A3_5p14.1c	ERV3-16A3_I-int	chr5	25223289	25224739	+	turquoise
ERV316A3_5p14.1d	ERV3-16A3_I-int	chr5	27062218	27064330	+	turquoise
ERV316A3_5p14.2a	ERV3-16A3_I-int	chr5	23439026	23441097	-	turquoise
ERV316A3_5p14.2b	ERV3-16A3_I-int	chr5	23759825	23763489	+	turquoise
ERV316A3_5p14.3a	ERV3-16A3_I-int	chr5	18516847	18517981	-	turquoise
ERV316A3_5p14.3c	ERV3-16A3_I-int	chr5	18519474	18521830	-	turquoise
ERV316A3_5p14.3d	ERV3-16A3_I-int	chr5	18595846	18602210	+	turquoise
ERV316A3_5p14.3e	ERV3-16A3_I-int	chr5	19001542	19004680	-	turquoise
ERV316A3_5p14.3f	ERV3-16A3_I-int	chr5	21103390	21105567	+	turquoise
ERV316A3_5p14.3g	ERV3-16A3_I-int	chr5	22879007	22881020	+	turquoise
ERV316A3_5p14.3h	ERV3-16A3_I-int	chr5	23025611	23027969	-	turquoise
ERV316A3_5p14.3i	ERV3-16A3_I-int	chr5	23074594	23077216	-	turquoise
ERV316A3_5p14.3j	ERV3-16A3_I-int	chr5	23084718	23089581	-	turquoise
ERV316A3_5p14.3k	ERV3-16A3_I-int	chr5	23253038	23258967	+	turquoise
ERV316A3_5p15.1a	ERV3-16A3_I-int	chr5	15220672	15222854	-	turquoise
ERV316A3_5p15.1b	ERV3-16A3_I-int	chr5	15303708	15304316	+	turquoise
ERV316A3_5p15.1d	ERV3-16A3_I-int	chr5	18082406	18085783	+	turquoise
ERV316A3_5p15.1e	ERV3-16A3_I-int	chr5	18085818	18086746	+	turquoise
ERV316A3_5p15.2c	ERV3-16A3_I-int	chr5	13237989	13239596	-	turquoise
ERV316A3_5p15.2d	ERV3-16A3_I-int	chr5	13413442	13416394	-	turquoise
ERV316A3_5p15.2e	ERV3-16A3_I-int	chr5	13422785	13424300	-	turquoise
ERV316A3_5p15.2f	ERV3-16A3_I-int	chr5	13468906	13469948	+	turquoise
ERV316A3_5p15.31	ERV3-16A3_I-int	chr5	7879635	7882319	-	turquoise
ERV316A3_5p15.32a	ERV3-16A3_I-int	chr5	4534519	4540889	+	turquoise
ERV316A3_5p15.32b	ERV3-16A3_I-int	chr5	4783978	4786072	+	turquoise
ERV316A3_5p15.32c	ERV3-16A3_I-int	chr5	5032844	5034464	-	turquoise
ERV316A3_5p15.32d	ERV3-16A3_I-int	chr5	5598492	5601157	-	turquoise
ERV316A3_5q11.1	ERV3-16A3_I-int	chr5	51356075	51358262	+	turquoise
ERV316A3_5q11.2a	ERV3-16A3_I-int	chr5	52285001	52286838	+	turquoise
ERV316A3_5q11.2b	ERV3-16A3_I-int	chr5	52287446	52290115	+	turquoise
ERV316A3_5q11.2c	ERV3-16A3_I-int	chr5	53153414	53157627	-	turquoise
ERV316A3_5q11.2d	ERV3-16A3_I-int	chr5	53259162	53265410	-	turquoise
ERV316A3_5q11.2g	ERV3-16A3_I-int	chr5	55068803	55071639	-	turquoise
ERV316A3_5q11.2h	ERV3-16A3_I-int	chr5	55793265	55794016	-	turquoise
ERV316A3_5q11.2j	ERV3-16A3_I-int	chr5	57641569	57642412	+	turquoise
ERV316A3_5q11.2k	ERV3-16A3_I-int	chr5	57854923	57857442	-	turquoise
ERV316A3_5q12.1b	ERV3-16A3_I-int	chr5	61172131	61174398	+	turquoise
ERV316A3_5q12.1d	ERV3-16A3_I-int	chr5	61886661	61887929	-	turquoise
ERV316A3_5q12.1e	ERV3-16A3_I-int	chr5	62100486	62101691	+	turquoise
ERV316A3_5q12.1f	ERV3-16A3_I-int	chr5	62108696	62110771	+	turquoise
ERV316A3_5q12.3a	ERV3-16A3_I-int	chr5	64096805	64099692	-	turquoise
ERV316A3_5q12.3c	ERV3-16A3_I-int	chr5	65120559	65123334	+	turquoise
ERV316A3_5q12.3d	ERV3-16A3_I-int	chr5	65886720	65888891	-	turquoise
ERV316A3_5q12.3e	ERV3-16A3_I-int	chr5	67374999	67376628	+	turquoise
ERV316A3_5q13.1	ERV3-16A3_I-int	chr5	67672538	67674659	-	turquoise
ERV316A3_5q13.2a	ERV3-16A3_I-int	chr5	71815204	71817568	-	turquoise
ERV316A3_5q13.2b	ERV3-16A3_I-int	chr5	71964788	71967151	-	turquoise
ERV316A3_5q13.2c	ERV3-16A3_I-int	chr5	71984718	71989999	+	turquoise
ERV316A3_5q13.2d	ERV3-16A3_I-int	chr5	71996929	72000851	+	turquoise
ERV316A3_5q13.3c	ERV3-16A3_I-int	chr5	77133891	77135356	+	turquoise
ERV316A3_5q14.1	ERV3-16A3_I-int	chr5	79228212	79231720	+	turquoise
ERV316A3_5q14.2	ERV3-16A3_I-int	chr5	82703975	82707538	-	turquoise
ERV316A3_5q14.3b	ERV3-16A3_I-int	chr5	85095940	85097356	-	turquoise
ERV316A3_5q14.3c	ERV3-16A3_I-int	chr5	85438901	85442542	+	turquoise
ERV316A3_5q14.3d	ERV3-16A3_I-int	chr5	85934428	85938321	+	turquoise
ERV316A3_5q14.3e	ERV3-16A3_I-int	chr5	86999875	87003125	-	turquoise
ERV316A3_5q14.3f	ERV3-16A3_I-int	chr5	87987779	87990484	+	turquoise
ERV316A3_5q14.3g	ERV3-16A3_I-int	chr5	89487892	89495921	+	turquoise
ERV316A3_5q14.3h	ERV3-16A3_I-int	chr5	89990585	89994670	-	turquoise
ERV316A3_5q14.3j	ERV3-16A3_I-int	chr5	90670326	90671542	+	turquoise
ERV316A3_5q15a	ERV3-16A3_I-int	chr5	96058097	96063559	+	turquoise
ERV316A3_5q15c	ERV3-16A3_I-int	chr5	97186903	97187859	+	turquoise
ERV316A3_5q15d	ERV3-16A3_I-int	chr5	98413130	98415981	-	turquoise
ERV316A3_5q15e	ERV3-16A3_I-int	chr5	98486057	98491837	+	turquoise
ERV316A3_5q21.1a	ERV3-16A3_I-int	chr5	98944571	98947229	-	turquoise
ERV316A3_5q21.1b	ERV3-16A3_I-int	chr5	99842677	99844867	-	turquoise
ERV316A3_5q21.1c	ERV3-16A3_I-int	chr5	101483797	101486830	+	turquoise
ERV316A3_5q21.2a	ERV3-16A3_I-int	chr5	103623073	103625763	-	turquoise
ERV316A3_5q21.2b	ERV3-16A3_I-int	chr5	104742150	104747099	+	turquoise
ERV316A3_5q21.2c	ERV3-16A3_I-int	chr5	104772287	104774091	-	turquoise
ERV316A3_5q21.2d	ERV3-16A3_I-int	chr5	105021251	105022827	-	turquoise
ERV316A3_5q21.3a	ERV3-16A3_I-int	chr5	107306016	107308065	+	turquoise
ERV316A3_5q21.3c	ERV3-16A3_I-int	chr5	108672657	108673962	+	turquoise
ERV316A3_5q22.2a	ERV3-16A3_I-int	chr5	113707793	113708744	+	turquoise
ERV316A3_5q22.2b	ERV3-16A3_I-int	chr5	113708768	113709991	-	turquoise
ERV316A3_5q23.1a	ERV3-16A3_I-int	chr5	115921469	115926292	+	turquoise
ERV316A3_5q23.1b	ERV3-16A3_I-int	chr5	116627992	116630268	+	turquoise
ERV316A3_5q23.1c	ERV3-16A3_I-int	chr5	117181390	117185208	-	turquoise
ERV316A3_5q23.1d	ERV3-16A3_I-int	chr5	117326284	117332767	+	turquoise
ERV316A3_5q23.1f	ERV3-16A3_I-int	chr5	118305737	118307313	-	turquoise
ERV316A3_5q23.1g	ERV3-16A3_I-int	chr5	119995361	119997408	-	turquoise
ERV316A3_5q23.1h	ERV3-16A3_I-int	chr5	120449148	120450529	+	turquoise
ERV316A3_5q23.1i	ERV3-16A3_I-int	chr5	121792454	121793187	+	turquoise
ERV316A3_5q23.2a	ERV3-16A3_I-int	chr5	122652871	122653322	-	turquoise
ERV316A3_5q23.2b	ERV3-16A3_I-int	chr5	124927966	124933483	-	turquoise
ERV316A3_5q23.2d	ERV3-16A3_I-int	chr5	125959336	125961742	+	turquoise
ERV316A3_5q23.2e	ERV3-16A3_I-int	chr5	126676843	126680468	+	turquoise
ERV316A3_5q23.2f	ERV3-16A3_I-int	chr5	127114902	127123399	+	turquoise
ERV316A3_5q23.2g	ERV3-16A3_I-int	chr5	127852336	127853268	-	turquoise
ERV316A3_5q23.3a	ERV3-16A3_I-int	chr5	129088928	129090254	-	turquoise
ERV316A3_5q23.3b	ERV3-16A3_I-int	chr5	129439362	129441828	+	turquoise
ERV316A3_5q23.3c	ERV3-16A3_I-int	chr5	129856923	129861613	+	turquoise
ERV316A3_5q23.3d	ERV3-16A3_I-int	chr5	131064049	131065413	-	turquoise
ERV316A3_5q31.1a	ERV3-16A3_I-int	chr5	131606973	131611288	+	turquoise
ERV316A3_5q31.1b	ERV3-16A3_I-int	chr5	134273494	134276817	-	turquoise
ERV316A3_5q31.1c	ERV3-16A3_I-int	chr5	136369855	136375660	+	turquoise
ERV316A3_5q31.3a	ERV3-16A3_I-int	chr5	141272549	141274064	+	turquoise
ERV316A3_5q31.3b	ERV3-16A3_I-int	chr5	141275576	141280667	+	turquoise
ERV316A3_5q31.3c	ERV3-16A3_I-int	chr5	142727807	142735305	-	turquoise
ERV316A3_5q31.3d	ERV3-16A3_I-int	chr5	144840839	144843864	-	turquoise
ERV316A3_5q32	ERV3-16A3_I-int	chr5	147460752	147464826	+	turquoise
ERV316A3_5q33.1	ERV3-16A3_I-int	chr5	152504339	152506682	-	turquoise
ERV316A3_5q33.2a	ERV3-16A3_I-int	chr5	155336711	155339111	+	turquoise
ERV316A3_5q33.2b	ERV3-16A3_I-int	chr5	155692775	155695965	-	turquoise
ERV316A3_5q34a	ERV3-16A3_I-int	chr5	163229546	163231206	-	turquoise
ERV316A3_5q34b	ERV3-16A3_I-int	chr5	168605545	168606894	-	turquoise
ERV316A3_5q35.2a	ERV3-16A3_I-int	chr5	174006800	174009108	+	turquoise
ERV316A3_5q35.2b	ERV3-16A3_I-int	chr5	175901724	175907757	+	turquoise
ERV316A3_5q35.3a	ERV3-16A3_I-int	chr5	177931460	177936750	-	turquoise
ERV316A3_6p12.2	ERV3-16A3_I-int	chr6	52322920	52324727	-	turquoise
ERV316A3_6p12.3a	ERV3-16A3_I-int	chr6	47152770	47156944	-	turquoise
ERV316A3_6p12.3b	ERV3-16A3_I-int	chr6	48599818	48604298	-	turquoise
ERV316A3_6p12.3c	ERV3-16A3_I-int	chr6	49065537	49070971	+	turquoise
ERV316A3_6p21.2a	ERV3-16A3_I-int	chr6	38660109	38662217	+	turquoise
ERV316A3_6p21.2c	ERV3-16A3_I-int	chr6	40112545	40116908	+	turquoise
ERV316A3_6p21.2d	ERV3-16A3_I-int	chr6	40123126	40126514	+	turquoise
ERV316A3_6p21.33a	ERV3-16A3_I-int	chr6	31300558	31302000	+	turquoise
ERV316A3_6p21.33b	ERV3-16A3_I-int	chr6	31383746	31387283	-	turquoise
ERV316A3_6p21.33c	ERV3-16A3_I-int	chr6	31463420	31469043	-	turquoise
ERV316A3_6p22.1b	ERV3-16A3_I-int	chr6	28342079	28347246	+	turquoise
ERV316A3_6p22.1c	ERV3-16A3_I-int	chr6	28454462	28455650	-	turquoise
ERV316A3_6p22.1d	ERV3-16A3_I-int	chr6	29209120	29212517	+	turquoise
ERV316A3_6p22.1e	ERV3-16A3_I-int	chr6	29404359	29405943	+	turquoise
ERV316A3_6p22.1f	ERV3-16A3_I-int	chr6	29579631	29584117	-	turquoise
ERV316A3_6p22.1g	ERV3-16A3_I-int	chr6	29710867	29715028	+	turquoise
ERV316A3_6p22.1h	ERV3-16A3_I-int	chr6	29767822	29772967	+	turquoise
ERV316A3_6p22.1j	ERV3-16A3_I-int	chr6	29815953	29818692	+	turquoise
ERV316A3_6p22.1k	ERV3-16A3_I-int	chr6	29868623	29874102	+	turquoise
ERV316A3_6p22.1l	ERV3-16A3_I-int	chr6	29892311	29893557	+	turquoise
ERV316A3_6p22.1m	ERV3-16A3_I-int	chr6	29912749	29918216	+	turquoise
ERV316A3_6p22.1n	ERV3-16A3_I-int	chr6	29946920	29950412	+	turquoise
ERV316A3_6p22.1o	ERV3-16A3_I-int	chr6	29997951	30003286	+	turquoise
ERV316A3_6p22.1p	ERV3-16A3_I-int	chr6	30276058	30277473	+	turquoise
ERV316A3_6p22.2	ERV3-16A3_I-int	chr6	25838435	25840551	-	turquoise
ERV316A3_6p22.3a	ERV3-16A3_I-int	chr6	17265730	17270638	+	turquoise
ERV316A3_6p22.3b	ERV3-16A3_I-int	chr6	19363924	19367993	-	turquoise
ERV316A3_6p22.3c	ERV3-16A3_I-int	chr6	19372094	19375716	+	turquoise
ERV316A3_6p22.3d	ERV3-16A3_I-int	chr6	23241607	23243932	+	turquoise
ERV316A3_6p22.3e	ERV3-16A3_I-int	chr6	23593549	23599770	-	turquoise
ERV316A3_6p22.3f	ERV3-16A3_I-int	chr6	24163042	24166457	-	turquoise
ERV316A3_6p23	ERV3-16A3_I-int	chr6	14563152	14566549	+	turquoise
ERV316A3_6p24.3a	ERV3-16A3_I-int	chr6	7657086	7661464	-	turquoise
ERV316A3_6p24.3b	ERV3-16A3_I-int	chr6	9414073	9416206	+	turquoise
ERV316A3_6p25.1a	ERV3-16A3_I-int	chr6	4239967	4241334	+	turquoise
ERV316A3_6p25.1c	ERV3-16A3_I-int	chr6	5897965	5900536	-	turquoise
ERV316A3_6p25.1d	ERV3-16A3_I-int	chr6	6688741	6691684	+	turquoise
ERV316A3_6p25.2b	ERV3-16A3_I-int	chr6	2591793	2596633	+	turquoise
ERV316A3_6p25.2c	ERV3-16A3_I-int	chr6	3252869	3256853	-	turquoise
ERV316A3_6p25.3b	ERV3-16A3_I-int	chr6	1020026	1024272	-	turquoise
ERV316A3_6q11.1	ERV3-16A3_I-int	chr6	61620600	61625817	+	turquoise
ERV316A3_6q12a	ERV3-16A3_I-int	chr6	63236399	63239138	+	turquoise
ERV316A3_6q12b	ERV3-16A3_I-int	chr6	64828382	64831186	+	turquoise
ERV316A3_6q12c	ERV3-16A3_I-int	chr6	66348717	66350527	+	turquoise
ERV316A3_6q12d	ERV3-16A3_I-int	chr6	66725879	66727132	+	turquoise
ERV316A3_6q12e	ERV3-16A3_I-int	chr6	67046998	67049342	-	turquoise
ERV316A3_6q12f	ERV3-16A3_I-int	chr6	67976063	67981751	-	turquoise
ERV316A3_6q12g	ERV3-16A3_I-int	chr6	67993156	67998715	+	turquoise
ERV316A3_6q13a	ERV3-16A3_I-int	chr6	71103669	71105878	-	turquoise
ERV316A3_6q13b	ERV3-16A3_I-int	chr6	73286914	73288329	+	turquoise
ERV316A3_6q14.1a	ERV3-16A3_I-int	chr6	77149660	77152315	+	turquoise
ERV316A3_6q14.1b	ERV3-16A3_I-int	chr6	78053330	78054727	-	turquoise
ERV316A3_6q14.1e	ERV3-16A3_I-int	chr6	81475199	81480616	-	turquoise
ERV316A3_6q14.2	ERV3-16A3_I-int	chr6	83310141	83312525	+	turquoise
ERV316A3_6q14.3a	ERV3-16A3_I-int	chr6	84235212	84236368	+	turquoise
ERV316A3_6q14.3b	ERV3-16A3_I-int	chr6	84240138	84242945	+	turquoise
ERV316A3_6q14.3c	ERV3-16A3_I-int	chr6	84799340	84801555	-	turquoise
ERV316A3_6q14.3d	ERV3-16A3_I-int	chr6	86487105	86490539	+	turquoise
ERV316A3_6q14.3e	ERV3-16A3_I-int	chr6	86739089	86744439	-	turquoise
ERV316A3_6q15a	ERV3-16A3_I-int	chr6	89543388	89545528	-	turquoise
ERV316A3_6q15b	ERV3-16A3_I-int	chr6	90417070	90420287	-	turquoise
ERV316A3_6q16.1a	ERV3-16A3_I-int	chr6	93837870	93842822	+	turquoise
ERV316A3_6q16.1b	ERV3-16A3_I-int	chr6	94107416	94109509	-	turquoise
ERV316A3_6q16.1c	ERV3-16A3_I-int	chr6	96459409	96460877	+	turquoise
ERV316A3_6q16.1d	ERV3-16A3_I-int	chr6	97724841	97725981	+	turquoise
ERV316A3_6q16.1e	ERV3-16A3_I-int	chr6	98091032	98092646	-	turquoise
ERV316A3_6q16.2	ERV3-16A3_I-int	chr6	99070246	99072679	+	turquoise
ERV316A3_6q16.3b	ERV3-16A3_I-int	chr6	102257665	102261073	-	turquoise
ERV316A3_6q21a	ERV3-16A3_I-int	chr6	105450678	105451787	+	turquoise
ERV316A3_6q21b	ERV3-16A3_I-int	chr6	109688599	109689756	+	turquoise
ERV316A3_6q21c	ERV3-16A3_I-int	chr6	110091041	110092078	+	turquoise
ERV316A3_6q21d	ERV3-16A3_I-int	chr6	112005510	112006924	-	turquoise
ERV316A3_6q22.1a	ERV3-16A3_I-int	chr6	114651846	114653791	+	turquoise
ERV316A3_6q22.1b	ERV3-16A3_I-int	chr6	117049587	117055075	-	turquoise
ERV316A3_6q22.1c	ERV3-16A3_I-int	chr6	117222732	117228538	-	turquoise
ERV316A3_6q22.1d	ERV3-16A3_I-int	chr6	117280647	117283625	-	turquoise
ERV316A3_6q22.31b	ERV3-16A3_I-int	chr6	119092566	119093946	-	turquoise
ERV316A3_6q22.31c	ERV3-16A3_I-int	chr6	122156366	122158710	-	turquoise
ERV316A3_6q22.31d	ERV3-16A3_I-int	chr6	123710909	123713878	+	turquoise
ERV316A3_6q22.31e	ERV3-16A3_I-int	chr6	123720896	123722803	+	turquoise
ERV316A3_6q22.31f	ERV3-16A3_I-int	chr6	124328507	124330699	-	turquoise
ERV316A3_6q22.31g	ERV3-16A3_I-int	chr6	124439889	124443608	-	turquoise
ERV316A3_6q22.31h	ERV3-16A3_I-int	chr6	125510375	125511281	+	turquoise
ERV316A3_6q22.33	ERV3-16A3_I-int	chr6	127704172	127706078	+	turquoise
ERV316A3_6q23.2a	ERV3-16A3_I-int	chr6	131782176	131783854	+	turquoise
ERV316A3_6q23.2b	ERV3-16A3_I-int	chr6	132160779	132164412	+	turquoise
ERV316A3_6q23.3a	ERV3-16A3_I-int	chr6	135569650	135574376	+	turquoise
ERV316A3_6q23.3b	ERV3-16A3_I-int	chr6	138026947	138028628	+	turquoise
ERV316A3_6q24.1a	ERV3-16A3_I-int	chr6	138414701	138420870	+	turquoise
ERV316A3_6q24.1c	ERV3-16A3_I-int	chr6	138998462	139000534	+	turquoise
ERV316A3_6q24.1d	ERV3-16A3_I-int	chr6	141023967	141027475	+	turquoise
ERV316A3_6q24.1e	ERV3-16A3_I-int	chr6	141051398	141054393	+	turquoise
ERV316A3_6q24.1g	ERV3-16A3_I-int	chr6	141204309	141210559	-	turquoise
ERV316A3_6q24.1h	ERV3-16A3_I-int	chr6	141853079	141856872	-	turquoise
ERV316A3_6q24.2a	ERV3-16A3_I-int	chr6	142526409	142528367	-	turquoise
ERV316A3_6q24.2b	ERV3-16A3_I-int	chr6	145053170	145059928	+	turquoise
ERV316A3_6q24.3a	ERV3-16A3_I-int	chr6	146197487	146201059	-	turquoise
ERV316A3_6q25.1b	ERV3-16A3_I-int	chr6	149150909	149153287	+	turquoise
ERV316A3_6q25.1c	ERV3-16A3_I-int	chr6	149425042	149429091	-	turquoise
ERV316A3_6q25.1d	ERV3-16A3_I-int	chr6	149920275	149922207	+	turquoise
ERV316A3_6q25.1g	ERV3-16A3_I-int	chr6	150002113	150003708	+	turquoise
ERV316A3_6q25.1i	ERV3-16A3_I-int	chr6	150468888	150471458	-	turquoise
ERV316A3_6q25.2a	ERV3-16A3_I-int	chr6	153319345	153321133	+	turquoise
ERV316A3_6q25.2c	ERV3-16A3_I-int	chr6	153603339	153605575	-	turquoise
ERV316A3_6q25.2d	ERV3-16A3_I-int	chr6	153844141	153847738	-	turquoise
ERV316A3_6q25.2e	ERV3-16A3_I-int	chr6	154146796	154148845	-	turquoise
ERV316A3_6q25.3	ERV3-16A3_I-int	chr6	160318599	160322116	+	turquoise
ERV316A3_6q26a	ERV3-16A3_I-int	chr6	161376690	161379814	+	turquoise
ERV316A3_7p12.1e	ERV3-16A3_I-int	chr7	53637963	53638954	+	turquoise
ERV316A3_7p13a	ERV3-16A3_I-int	chr7	45050816	45054421	-	turquoise
ERV316A3_7p14.1b	ERV3-16A3_I-int	chr7	41933917	41936920	+	turquoise
ERV316A3_7p14.3	ERV3-16A3_I-int	chr7	34772796	34775289	-	turquoise
ERV316A3_7p15.3a	ERV3-16A3_I-int	chr7	22099082	22102480	-	turquoise
ERV316A3_7p15.3b	ERV3-16A3_I-int	chr7	22656846	22661312	+	turquoise
ERV316A3_7p21.2a	ERV3-16A3_I-int	chr7	14309582	14310850	+	turquoise
ERV316A3_7p21.2d	ERV3-16A3_I-int	chr7	15036204	15039152	-	turquoise
ERV316A3_7p21.3b	ERV3-16A3_I-int	chr7	9883126	9884418	-	turquoise
ERV316A3_7p21.3c	ERV3-16A3_I-int	chr7	10302368	10303915	-	turquoise
ERV316A3_7q11.22	ERV3-16A3_I-int	chr7	68341498	68343492	-	turquoise
ERV316A3_7q21.11a	ERV3-16A3_I-int	chr7	79652420	79654628	+	turquoise
ERV316A3_7q21.11b	ERV3-16A3_I-int	chr7	80244753	80250006	-	turquoise
ERV316A3_7q21.11d	ERV3-16A3_I-int	chr7	80519439	80526809	-	turquoise
ERV316A3_7q21.11e	ERV3-16A3_I-int	chr7	81188548	81191353	+	turquoise
ERV316A3_7q21.11f	ERV3-16A3_I-int	chr7	82056197	82058328	+	turquoise
ERV316A3_7q21.11g	ERV3-16A3_I-int	chr7	82743879	82748076	+	turquoise
ERV316A3_7q21.11h	ERV3-16A3_I-int	chr7	83872564	83875793	+	turquoise
ERV316A3_7q21.11i	ERV3-16A3_I-int	chr7	85903379	85906751	-	turquoise
ERV316A3_7q21.11k	ERV3-16A3_I-int	chr7	86411908	86416011	+	turquoise
ERV316A3_7q21.12a	ERV3-16A3_I-int	chr7	87125631	87127325	+	turquoise
ERV316A3_7q21.12b	ERV3-16A3_I-int	chr7	87910895	87915022	-	turquoise
ERV316A3_7q21.13	ERV3-16A3_I-int	chr7	90462841	90467565	-	turquoise
ERV316A3_7q21.3a	ERV3-16A3_I-int	chr7	94073652	94077152	+	turquoise
ERV316A3_7q21.3b	ERV3-16A3_I-int	chr7	94563686	94566141	-	turquoise
ERV316A3_7q21.3c	ERV3-16A3_I-int	chr7	96100026	96103376	+	turquoise
ERV316A3_7q31.1a	ERV3-16A3_I-int	chr7	109027824	109029145	-	turquoise
ERV316A3_7q31.1b	ERV3-16A3_I-int	chr7	109145877	109148264	+	turquoise
ERV316A3_7q31.1c	ERV3-16A3_I-int	chr7	109956656	109963216	+	turquoise
ERV316A3_7q31.1d	ERV3-16A3_I-int	chr7	110528040	110529381	-	turquoise
ERV316A3_7q31.1e	ERV3-16A3_I-int	chr7	112364075	112370656	-	turquoise
ERV316A3_7q31.1f	ERV3-16A3_I-int	chr7	113672921	113676680	+	turquoise
ERV316A3_7q31.2	ERV3-16A3_I-int	chr7	115613723	115619231	-	turquoise
ERV316A3_7q31.31a	ERV3-16A3_I-int	chr7	117946424	117950048	+	turquoise
ERV316A3_7q31.31b	ERV3-16A3_I-int	chr7	118368793	118372859	-	turquoise
ERV316A3_7q31.31c	ERV3-16A3_I-int	chr7	118462895	118463871	+	turquoise
ERV316A3_7q31.31d	ERV3-16A3_I-int	chr7	118697863	118700223	-	turquoise
ERV316A3_7q31.31e	ERV3-16A3_I-int	chr7	120229043	120234206	+	turquoise
ERV316A3_7q31.32b	ERV3-16A3_I-int	chr7	123008258	123011170	+	turquoise
ERV316A3_7q31.32c	ERV3-16A3_I-int	chr7	123031956	123036582	+	turquoise
ERV316A3_7q31.33b	ERV3-16A3_I-int	chr7	125717870	125719088	+	turquoise
ERV316A3_7q31.33c	ERV3-16A3_I-int	chr7	126052179	126052730	+	turquoise
ERV316A3_7q32.1	ERV3-16A3_I-int	chr7	127541696	127544074	+	turquoise
ERV316A3_7q33d	ERV3-16A3_I-int	chr7	137631483	137636635	+	turquoise
ERV316A3_7q34a	ERV3-16A3_I-int	chr7	139112301	139113489	-	turquoise
ERV316A3_7q34b	ERV3-16A3_I-int	chr7	139113546	139117916	-	turquoise
ERV316A3_7q34d	ERV3-16A3_I-int	chr7	143013149	143015161	-	turquoise
ERV316A3_7q35a	ERV3-16A3_I-int	chr7	144975742	144977674	+	turquoise
ERV316A3_7q35b	ERV3-16A3_I-int	chr7	145122385	145124984	-	turquoise
ERV316A3_7q36.1a	ERV3-16A3_I-int	chr7	150257200	150259082	+	turquoise
ERV316A3_7q36.1c	ERV3-16A3_I-int	chr7	151949508	151951823	+	turquoise
ERV316A3_7q36.2a	ERV3-16A3_I-int	chr7	153604689	153607835	-	turquoise
ERV316A3_7q36.2b	ERV3-16A3_I-int	chr7	153666797	153669712	+	turquoise
ERV316A3_7q36.2d	ERV3-16A3_I-int	chr7	155060426	155062430	-	turquoise
ERV316A3_7q36.2e	ERV3-16A3_I-int	chr7	155063546	155066939	-	turquoise
ERV316A3_7q36.3b	ERV3-16A3_I-int	chr7	156189789	156194382	-	turquoise
ERV316A3_7q36.3c	ERV3-16A3_I-int	chr7	156536513	156538045	-	turquoise
ERV316A3_8p11.21	ERV3-16A3_I-int	chr8	41416063	41417950	+	turquoise
ERV316A3_8p11.22b	ERV3-16A3_I-int	chr8	39670778	39673033	+	turquoise
ERV316A3_8p11.22c	ERV3-16A3_I-int	chr8	39774888	39776449	-	turquoise
ERV316A3_8p11.23a	ERV3-16A3_I-int	chr8	36710316	36712611	-	turquoise
ERV316A3_8p12a	ERV3-16A3_I-int	chr8	30978133	30979880	-	turquoise
ERV316A3_8p12b	ERV3-16A3_I-int	chr8	30987942	30989511	+	turquoise
ERV316A3_8p12c	ERV3-16A3_I-int	chr8	30989553	30991768	+	turquoise
ERV316A3_8p12d	ERV3-16A3_I-int	chr8	31348108	31350425	+	turquoise
ERV316A3_8p12e	ERV3-16A3_I-int	chr8	31541928	31546982	-	turquoise
ERV316A3_8p12f	ERV3-16A3_I-int	chr8	32951528	32953770	-	turquoise
ERV316A3_8p12g	ERV3-16A3_I-int	chr8	33384075	33385599	+	turquoise
ERV316A3_8p12h	ERV3-16A3_I-int	chr8	33946908	33949847	+	turquoise
ERV316A3_8p12i	ERV3-16A3_I-int	chr8	34034527	34036168	-	turquoise
ERV316A3_8p21.2a	ERV3-16A3_I-int	chr8	24801681	24802697	-	turquoise
ERV316A3_8p21.2b	ERV3-16A3_I-int	chr8	26060078	26066891	-	turquoise
ERV316A3_8p21.3c	ERV3-16A3_I-int	chr8	20488725	20491805	-	turquoise
ERV316A3_8p21.3d	ERV3-16A3_I-int	chr8	21063247	21068543	+	turquoise
ERV316A3_8p21.3e	ERV3-16A3_I-int	chr8	21281908	21288297	+	turquoise
ERV316A3_8p21.3f	ERV3-16A3_I-int	chr8	21513848	21516552	-	turquoise
ERV316A3_8p21.3g	ERV3-16A3_I-int	chr8	21602749	21609595	+	turquoise
ERV316A3_8p22a	ERV3-16A3_I-int	chr8	13750377	13754086	+	turquoise
ERV316A3_8p22b	ERV3-16A3_I-int	chr8	14337089	14338154	+	turquoise
ERV316A3_8p22c	ERV3-16A3_I-int	chr8	15494268	15496771	-	turquoise
ERV316A3_8p22e	ERV3-16A3_I-int	chr8	16024842	16026202	-	turquoise
ERV316A3_8p22f	ERV3-16A3_I-int	chr8	16504465	16505806	-	turquoise
ERV316A3_8p22g	ERV3-16A3_I-int	chr8	16964142	16966917	+	turquoise
ERV316A3_8p23.1b	ERV3-16A3_I-int	chr8	9873464	9876693	+	turquoise
ERV316A3_8q11.21a	ERV3-16A3_I-int	chr8	49160321	49162766	-	turquoise
ERV316A3_8q11.21b	ERV3-16A3_I-int	chr8	49593677	49599366	+	turquoise
ERV316A3_8q11.21d	ERV3-16A3_I-int	chr8	50949175	50950867	+	turquoise
ERV316A3_8q11.23a	ERV3-16A3_I-int	chr8	52189105	52193580	+	turquoise
ERV316A3_8q11.23b	ERV3-16A3_I-int	chr8	52312420	52314222	+	turquoise
ERV316A3_8q12.1a	ERV3-16A3_I-int	chr8	54952787	54958591	-	turquoise
ERV316A3_8q12.2	ERV3-16A3_I-int	chr8	61042797	61048905	+	turquoise
ERV316A3_8q12.3a	ERV3-16A3_I-int	chr8	62418411	62420057	-	turquoise
ERV316A3_8q12.3b	ERV3-16A3_I-int	chr8	63427158	63428972	-	turquoise
ERV316A3_8q13.1a	ERV3-16A3_I-int	chr8	65908704	65910139	-	turquoise
ERV316A3_8q13.1b	ERV3-16A3_I-int	chr8	66220664	66224286	-	turquoise
ERV316A3_8q13.2a	ERV3-16A3_I-int	chr8	68149943	68151587	-	turquoise
ERV316A3_8q13.2c	ERV3-16A3_I-int	chr8	69209152	69210935	-	turquoise
ERV316A3_8q13.3a	ERV3-16A3_I-int	chr8	70099953	70104701	-	turquoise
ERV316A3_8q13.3b	ERV3-16A3_I-int	chr8	71953866	71955118	+	turquoise
ERV316A3_8q21.11a	ERV3-16A3_I-int	chr8	72471308	72472247	+	turquoise
ERV316A3_8q21.11b	ERV3-16A3_I-int	chr8	72489080	72490702	+	turquoise
ERV316A3_8q21.11d	ERV3-16A3_I-int	chr8	74328352	74331316	+	turquoise
ERV316A3_8q21.11e	ERV3-16A3_I-int	chr8	74500019	74502128	+	turquoise
ERV316A3_8q21.13a	ERV3-16A3_I-int	chr8	74730859	74731831	+	turquoise
ERV316A3_8q21.13b	ERV3-16A3_I-int	chr8	75393597	75395854	-	turquoise
ERV316A3_8q21.13c	ERV3-16A3_I-int	chr8	76505099	76507665	-	turquoise
ERV316A3_8q21.13d	ERV3-16A3_I-int	chr8	77019439	77021098	+	turquoise
ERV316A3_8q21.13e	ERV3-16A3_I-int	chr8	77026137	77029024	+	turquoise
ERV316A3_8q21.13f	ERV3-16A3_I-int	chr8	77815914	77819269	+	turquoise
ERV316A3_8q21.13g	ERV3-16A3_I-int	chr8	78135208	78138453	-	turquoise
ERV316A3_8q21.13h	ERV3-16A3_I-int	chr8	81533083	81536266	-	turquoise
ERV316A3_8q21.13i	ERV3-16A3_I-int	chr8	81896635	81897855	-	turquoise
ERV316A3_8q21.13j	ERV3-16A3_I-int	chr8	83329063	83332871	-	turquoise
ERV316A3_8q21.2	ERV3-16A3_I-int	chr8	84969857	84971069	-	turquoise
ERV316A3_8q21.3a	ERV3-16A3_I-int	chr8	87109942	87113286	-	turquoise
ERV316A3_8q21.3b	ERV3-16A3_I-int	chr8	87237918	87238509	-	turquoise
ERV316A3_8q21.3c	ERV3-16A3_I-int	chr8	87715761	87719773	-	turquoise
ERV316A3_8q21.3d	ERV3-16A3_I-int	chr8	87862864	87865641	+	turquoise
ERV316A3_8q21.3e	ERV3-16A3_I-int	chr8	89208679	89212564	-	turquoise
ERV316A3_8q21.3f	ERV3-16A3_I-int	chr8	89987046	89989040	-	turquoise
ERV316A3_8q21.3g	ERV3-16A3_I-int	chr8	90771601	90776999	-	turquoise
ERV316A3_8q21.3i	ERV3-16A3_I-int	chr8	92175870	92177756	+	turquoise
ERV316A3_8q22.1a	ERV3-16A3_I-int	chr8	93523653	93528559	-	turquoise
ERV316A3_8q22.1b	ERV3-16A3_I-int	chr8	93529002	93530374	-	turquoise
ERV316A3_8q22.1d	ERV3-16A3_I-int	chr8	96735582	96736748	-	turquoise
ERV316A3_8q22.3b	ERV3-16A3_I-int	chr8	103846269	103848598	-	turquoise
ERV316A3_8q22.3c	ERV3-16A3_I-int	chr8	103897037	103901527	-	turquoise
ERV316A3_8q23.1b	ERV3-16A3_I-int	chr8	108953759	108956489	-	turquoise
ERV316A3_8q23.1c	ERV3-16A3_I-int	chr8	109499764	109503023	-	turquoise
ERV316A3_8q23.2a	ERV3-16A3_I-int	chr8	109865243	109868041	+	turquoise
ERV316A3_8q23.2b	ERV3-16A3_I-int	chr8	110395653	110397219	+	turquoise
ERV316A3_8q23.3a	ERV3-16A3_I-int	chr8	111258299	111262923	-	turquoise
ERV316A3_8q23.3b	ERV3-16A3_I-int	chr8	111914376	111915950	+	turquoise
ERV316A3_8q23.3c	ERV3-16A3_I-int	chr8	113754591	113756811	+	turquoise
ERV316A3_8q23.3d	ERV3-16A3_I-int	chr8	113760656	113764205	-	turquoise
ERV316A3_8q23.3f	ERV3-16A3_I-int	chr8	114860055	114861582	-	turquoise
ERV316A3_8q23.3h	ERV3-16A3_I-int	chr8	111238209	111242759	+	turquoise
ERV316A3_8q24.11a	ERV3-16A3_I-int	chr8	117390978	117393370	+	turquoise
ERV316A3_8q24.11b	ERV3-16A3_I-int	chr8	117402490	117406395	+	turquoise
ERV316A3_8q24.11c	ERV3-16A3_I-int	chr8	117475665	117478774	-	turquoise
ERV316A3_8q24.11d	ERV3-16A3_I-int	chr8	117594591	117597824	+	turquoise
ERV316A3_8q24.12a	ERV3-16A3_I-int	chr8	118816444	118817918	+	turquoise
ERV316A3_8q24.12b	ERV3-16A3_I-int	chr8	119227340	119230386	-	turquoise
ERV316A3_8q24.12c	ERV3-16A3_I-int	chr8	119248305	119254183	-	turquoise
ERV316A3_8q24.12e	ERV3-16A3_I-int	chr8	119339966	119342719	+	turquoise
ERV316A3_8q24.12f	ERV3-16A3_I-int	chr8	121213958	121216002	+	turquoise
ERV316A3_8q24.13a	ERV3-16A3_I-int	chr8	122140896	122142063	-	turquoise
ERV316A3_8q24.13b	ERV3-16A3_I-int	chr8	124464425	124467547	+	turquoise
ERV316A3_8q24.13d	ERV3-16A3_I-int	chr8	124886335	124889425	-	turquoise
ERV316A3_8q24.21b	ERV3-16A3_I-int	chr8	126726140	126727872	+	turquoise
ERV316A3_8q24.22c	ERV3-16A3_I-int	chr8	131072541	131073546	-	turquoise
ERV316A3_8q24.22d	ERV3-16A3_I-int	chr8	131274175	131276707	+	turquoise
ERV316A3_8q24.22f	ERV3-16A3_I-int	chr8	133844328	133846701	-	turquoise
ERV316A3_8q24.22j	ERV3-16A3_I-int	chr8	135064013	135066866	-	turquoise
ERV316A3_8q24.23a	ERV3-16A3_I-int	chr8	135871822	135872956	-	turquoise
ERV316A3_8q24.23b	ERV3-16A3_I-int	chr8	135975337	135976436	-	turquoise
ERV316A3_8q24.23c	ERV3-16A3_I-int	chr8	136115313	136118334	-	turquoise
ERV316A3_8q24.23d	ERV3-16A3_I-int	chr8	136147227	136148953	-	turquoise
ERV316A3_8q24.23e	ERV3-16A3_I-int	chr8	136256209	136258492	-	turquoise
ERV316A3_8q24.23g	ERV3-16A3_I-int	chr8	136614064	136615514	-	turquoise
ERV316A3_8q24.23h	ERV3-16A3_I-int	chr8	136631814	136633858	-	turquoise
ERV316A3_8q24.23j	ERV3-16A3_I-int	chr8	137355647	137357497	+	turquoise
ERV316A3_8q24.23k	ERV3-16A3_I-int	chr8	137357786	137361566	+	turquoise
ERV316A3_8q24.3a	ERV3-16A3_I-int	chr8	139188905	139190614	-	turquoise
ERV316A3_8q24.3k	ERV3-16A3_I-int	chr8	144856421	144858292	+	turquoise
ERV316A3_9p11.2	ERV3-16A3_I-int	chr9	40798717	40801235	+	turquoise
ERV316A3_9p13.3a	ERV3-16A3_I-int	chr9	34158413	34168326	-	turquoise
ERV316A3_9p13.3b	ERV3-16A3_I-int	chr9	34939323	34945492	-	turquoise
ERV316A3_9p21.1a	ERV3-16A3_I-int	chr9	28375244	28376757	+	turquoise
ERV316A3_9p21.1b	ERV3-16A3_I-int	chr9	29256595	29262339	-	turquoise
ERV316A3_9p21.1c	ERV3-16A3_I-int	chr9	30472901	30474045	-	turquoise
ERV316A3_9p21.1d	ERV3-16A3_I-int	chr9	30560066	30562320	-	turquoise
ERV316A3_9p21.1e	ERV3-16A3_I-int	chr9	31697885	31699269	-	turquoise
ERV316A3_9p21.2	ERV3-16A3_I-int	chr9	27305480	27307073	-	turquoise
ERV316A3_9p21.3	ERV3-16A3_I-int	chr9	22690572	22693784	-	turquoise
ERV316A3_9p23a	ERV3-16A3_I-int	chr9	10699447	10703017	-	turquoise
ERV316A3_9p23b	ERV3-16A3_I-int	chr9	11450091	11455492	+	turquoise
ERV316A3_9p23c	ERV3-16A3_I-int	chr9	11547963	11548988	+	turquoise
ERV316A3_9p23d	ERV3-16A3_I-int	chr9	11551528	11552913	+	turquoise
ERV316A3_9p23f	ERV3-16A3_I-int	chr9	13761576	13766637	-	turquoise
ERV316A3_9p23g	ERV3-16A3_I-int	chr9	14002586	14006016	-	turquoise
ERV316A3_9p24.1	ERV3-16A3_I-int	chr9	5551314	5552634	-	turquoise
ERV316A3_9p24.2a	ERV3-16A3_I-int	chr9	2849984	2853160	-	turquoise
ERV316A3_9p24.2b	ERV3-16A3_I-int	chr9	3595086	3597037	+	turquoise
ERV316A3_9p24.3a	ERV3-16A3_I-int	chr9	1239670	1240853	-	turquoise
ERV316A3_9p24.3b	ERV3-16A3_I-int	chr9	1267075	1269356	+	turquoise
ERV316A3_9p24.3c	ERV3-16A3_I-int	chr9	1377207	1383310	+	turquoise
ERV316A3_9p24.3d	ERV3-16A3_I-int	chr9	1526655	1530079	-	turquoise
ERV316A3_9q13	ERV3-16A3_I-int	chr9	64919512	64922024	+	turquoise
ERV316A3_9q21.13a	ERV3-16A3_I-int	chr9	72034611	72037990	+	turquoise
ERV316A3_9q21.13b	ERV3-16A3_I-int	chr9	73130115	73130716	+	turquoise
ERV316A3_9q21.13c	ERV3-16A3_I-int	chr9	73535271	73538129	+	turquoise
ERV316A3_9q21.31a	ERV3-16A3_I-int	chr9	81000385	81001884	-	turquoise
ERV316A3_9q21.31b	ERV3-16A3_I-int	chr9	81128337	81134257	+	turquoise
ERV316A3_9q21.31c	ERV3-16A3_I-int	chr9	81211486	81213696	+	turquoise
ERV316A3_9q21.33	ERV3-16A3_I-int	chr9	85630235	85631584	-	turquoise
ERV316A3_9q22.2	ERV3-16A3_I-int	chr9	90017494	90019501	+	turquoise
ERV316A3_9q22.33a	ERV3-16A3_I-int	chr9	98661715	98668243	+	turquoise
ERV316A3_9q22.33b	ERV3-16A3_I-int	chr9	98935317	98937951	-	turquoise
ERV316A3_9q31.1a	ERV3-16A3_I-int	chr9	102099591	102102407	+	turquoise
ERV316A3_9q31.1b	ERV3-16A3_I-int	chr9	103979252	103983451	-	turquoise
ERV316A3_9q31.1c	ERV3-16A3_I-int	chr9	104169981	104172285	+	turquoise
ERV316A3_9q31.1d	ERV3-16A3_I-int	chr9	104430860	104432587	-	turquoise
ERV316A3_9q31.3	ERV3-16A3_I-int	chr9	111052701	111054452	+	turquoise
ERV316A3_9q32a	ERV3-16A3_I-int	chr9	112907945	112910791	+	turquoise
ERV316A3_9q32b	ERV3-16A3_I-int	chr9	113033663	113034667	+	turquoise
ERV316A3_9q33.2	ERV3-16A3_I-int	chr9	122501756	122504590	-	turquoise
ERV316A3_9q33.3	ERV3-16A3_I-int	chr9	125612666	125613700	+	turquoise
ERV316A3_9q34.12	ERV3-16A3_I-int	chr9	131001251	131004495	-	turquoise
ERV316A3_9q34.13	ERV3-16A3_I-int	chr9	131993386	131996590	+	turquoise
ERV316A3_9q34.2a	ERV3-16A3_I-int	chr9	133549683	133553929	-	turquoise
ERV316A3_9q34.3c	ERV3-16A3_I-int	chr9	136315240	136318401	+	turquoise
ERV316A3_Xp11.22a	ERV3-16A3_I-int	chrX	51045789	51046612	+	turquoise
ERV316A3_Xp11.22b	ERV3-16A3_I-int	chrX	51055137	51059227	-	turquoise
ERV316A3_Xp11.22c	ERV3-16A3_I-int	chrX	51133519	51139979	+	turquoise
ERV316A3_Xp11.22d	ERV3-16A3_I-int	chrX	51151293	51151955	-	turquoise
ERV316A3_Xp11.23a	ERV3-16A3_I-int	chrX	47609171	47615053	+	turquoise
ERV316A3_Xp11.23b	ERV3-16A3_I-int	chrX	47748336	47750677	-	turquoise
ERV316A3_Xp11.23d	ERV3-16A3_I-int	chrX	49853505	49855494	-	turquoise
ERV316A3_Xp11.3a	ERV3-16A3_I-int	chrX	42987259	42989218	-	turquoise
ERV316A3_Xp11.3b	ERV3-16A3_I-int	chrX	43238756	43241113	+	turquoise
ERV316A3_Xp11.3c	ERV3-16A3_I-int	chrX	46162801	46166179	-	turquoise
ERV316A3_Xp11.4a	ERV3-16A3_I-int	chrX	38435235	38438684	+	turquoise
ERV316A3_Xp11.4c	ERV3-16A3_I-int	chrX	40347803	40352178	-	turquoise
ERV316A3_Xp11.4d	ERV3-16A3_I-int	chrX	40523752	40528724	-	turquoise
ERV316A3_Xp21.1a	ERV3-16A3_I-int	chrX	34047979	34048914	+	turquoise
ERV316A3_Xp21.1d	ERV3-16A3_I-int	chrX	36566942	36570779	-	turquoise
ERV316A3_Xp21.2	ERV3-16A3_I-int	chrX	30910129	30913573	+	turquoise
ERV316A3_Xp21.3b	ERV3-16A3_I-int	chrX	27554415	27555377	+	turquoise
ERV316A3_Xp21.3c	ERV3-16A3_I-int	chrX	27557598	27561238	-	turquoise
ERV316A3_Xp21.3e	ERV3-16A3_I-int	chrX	28555315	28557109	-	turquoise
ERV316A3_Xp22.12	ERV3-16A3_I-int	chrX	20575086	20578575	+	turquoise
ERV316A3_Xp22.33	ERV3-16A3_I-int	chrX	3998825	4000550	+	turquoise
ERV316A3_Xq21.1a	ERV3-16A3_I-int	chrX	81389978	81391887	-	turquoise
ERV316A3_Xq21.1b	ERV3-16A3_I-int	chrX	81467211	81469203	-	turquoise
ERV316A3_Xq21.1c	ERV3-16A3_I-int	chrX	83888534	83890106	-	turquoise
ERV316A3_Xq21.31a	ERV3-16A3_I-int	chrX	87161951	87164931	-	turquoise
ERV316A3_Xq21.31b	ERV3-16A3_I-int	chrX	88298304	88301775	-	turquoise
ERV316A3_Xq21.32	ERV3-16A3_I-int	chrX	94094367	94096099	-	turquoise
ERV316A3_Xq21.33a	ERV3-16A3_I-int	chrX	98398194	98402055	-	turquoise
ERV316A3_Xq22.1b	ERV3-16A3_I-int	chrX	101937954	101939885	+	turquoise
ERV316A3_Xq22.1c	ERV3-16A3_I-int	chrX	101942522	101943263	+	turquoise
ERV316A3_Xq22.3a	ERV3-16A3_I-int	chrX	106028343	106030047	+	turquoise
ERV316A3_Xq22.3b	ERV3-16A3_I-int	chrX	106213331	106215320	+	turquoise
ERV316A3_Xq22.3c	ERV3-16A3_I-int	chrX	107003404	107005335	+	turquoise
ERV316A3_Xq23a	ERV3-16A3_I-int	chrX	110595050	110596164	+	turquoise
ERV316A3_Xq23b	ERV3-16A3_I-int	chrX	111790584	111793270	+	turquoise
ERV316A3_Xq23c	ERV3-16A3_I-int	chrX	112375949	112379271	+	turquoise
ERV316A3_Xq24a	ERV3-16A3_I-int	chrX	120400045	120402822	+	turquoise
ERV316A3_Xq25b	ERV3-16A3_I-int	chrX	123501894	123504514	+	turquoise
ERV316A3_Xq25c	ERV3-16A3_I-int	chrX	123509623	123513073	+	turquoise
ERV316A3_Xq25d	ERV3-16A3_I-int	chrX	128165831	128171487	+	turquoise
ERV316A3_Xq26.1	ERV3-16A3_I-int	chrX	130414503	130417761	-	turquoise
ERV316A3_Xq26.2	ERV3-16A3_I-int	chrX	134253255	134261215	-	turquoise
ERV316A3_Xq26.3a	ERV3-16A3_I-int	chrX	136827470	136828656	+	turquoise
ERV316A3_Xq26.3b	ERV3-16A3_I-int	chrX	137938665	137941674	+	turquoise
ERV316A3_Xq26.3c	ERV3-16A3_I-int	chrX	138330638	138334582	-	turquoise
ERV316A3_Xq27.1a	ERV3-16A3_I-int	chrX	139405275	139407675	+	turquoise
ERV316A3_Xq27.1b	ERV3-16A3_I-int	chrX	139414851	139418884	+	turquoise
ERV316A3_Xq27.1e	ERV3-16A3_I-int	chrX	140672540	140673956	-	turquoise
ERV316A3_Xq27.2a	ERV3-16A3_I-int	chrX	142128668	142131298	-	turquoise
ERV316A3_Xq27.2b	ERV3-16A3_I-int	chrX	142490459	142491962	-	turquoise
ERV316A3_Xq27.2c	ERV3-16A3_I-int	chrX	142738282	142740821	-	turquoise
ERV316A3_Xq27.2d	ERV3-16A3_I-int	chrX	142775404	142779934	+	turquoise
ERV316A3_Xq27.3a	ERV3-16A3_I-int	chrX	145056236	145061665	+	turquoise
ERV316A3_Xq27.3b	ERV3-16A3_I-int	chrX	145163963	145164729	-	turquoise
ERV316A3_Xq27.3c	ERV3-16A3_I-int	chrX	146501223	146505226	+	turquoise
ERV316A3_Xq27.3d	ERV3-16A3_I-int	chrX	146508836	146510305	+	turquoise
ERV316A3_Xq27.3e	ERV3-16A3_I-int	chrX	146669441	146671936	+	turquoise
ERV316A3_Xq28a	ERV3-16A3_I-int	chrX	149069085	149073375	+	turquoise
ERV316A3_Xq28e	ERV3-16A3_I-int	chrX	151944470	151945569	+	turquoise
ERV316A3_Xq28f	ERV3-16A3_I-int	chrX	151945757	151949205	-	turquoise
ERV316A3_Xq28i	ERV3-16A3_I-int	chrX	153034407	153039482	+	turquoise
ERV316A3_Xq28j	ERV3-16A3_I-int	chrX	155004404	155006016	+	turquoise
ERV316A3_Xq28l	ERV3-16A3_I-int	chrX	155145537	155146717	-	turquoise
ERVL_10q11.22a	ERVL-int	chr10	46157064	46158485	-	turquoise
ERVL_10q11.22b	ERVL-int	chr10	46863173	46864574	-	turquoise
ERVL_10q21.2	ERVL-int	chr10	62356338	62360585	+	turquoise
ERVL_10q22.3	ERVL-int	chr10	78638226	78639281	-	turquoise
ERVL_10q23.31	ERVL-int	chr10	90654709	90658465	-	turquoise
ERVL_10q24.31	ERVL-int	chr10	101148059	101151766	-	turquoise
ERVL_10q25.1	ERVL-int	chr10	105752866	105753998	-	turquoise
ERVL_10q26.12	ERVL-int	chr10	120832824	120833238	+	turquoise
ERVL_11p14.1	ERVL-int	chr11	27548823	27555802	-	turquoise
ERVL_11p14.3	ERVL-int	chr11	23103460	23105364	+	turquoise
ERVL_11p15.5	ERVL-int	chr11	2232877	2238198	+	turquoise
ERVL_11q11	ERVL-int	chr11	55691865	55692718	-	turquoise
ERVL_11q12.1	ERVL-int	chr11	58480798	58487822	+	turquoise
ERVL_11q22.3	ERVL-int	chr11	106271690	106273238	+	turquoise
ERVL_11q25	ERVL-int	chr11	132895029	132900105	+	turquoise
ERVL_12p11.22	ERVL-int	chr12	28493920	28495611	-	turquoise
ERVL_12p13.2	ERVL-int	chr12	10992080	10993955	+	turquoise
ERVL_12q14.1a	ERVL-int	chr12	58150279	58152949	-	turquoise
ERVL_12q14.1b	ERVL-int	chr12	58153040	58156523	-	turquoise
ERVL_12q15	ERVL-int	chr12	67620069	67626465	+	turquoise
ERVL_12q21.1	ERVL-int	chr12	74618916	74620489	+	turquoise
ERVL_12q21.2	ERVL-int	chr12	76744149	76747459	+	turquoise
ERVL_12q21.31a	ERVL-int	chr12	81762708	81767744	+	turquoise
ERVL_12q21.31b	ERVL-int	chr12	86117465	86118061	+	turquoise
ERVL_12q22a	ERVL-int	chr12	92709936	92713069	-	turquoise
ERVL_12q22b	ERVL-int	chr12	92713136	92714978	-	turquoise
ERVL_13q13.1b	ERVL-int	chr13	32876118	32878753	+	turquoise
ERVL_13q21.1a	ERVL-int	chr13	56202549	56207311	-	turquoise
ERVL_13q21.1b	ERVL-int	chr13	57746646	57749686	+	turquoise
ERVL_13q21.33	ERVL-int	chr13	69242098	69246653	-	turquoise
ERVL_13q31.1a	ERVL-int	chr13	82795983	82799072	+	turquoise
ERVL_13q31.1b	ERVL-int	chr13	83685673	83688411	+	turquoise
ERVL_13q31.1c	ERVL-int	chr13	86348026	86349815	-	turquoise
ERVL_13q34	ERVL-int	chr13	109813009	109815571	+	turquoise
ERVL_14q12	ERVL-int	chr14	27316004	27317310	+	turquoise
ERVL_14q22.1	ERVL-int	chr14	53557124	53562143	+	turquoise
ERVL_14q23.1	ERVL-int	chr14	59220515	59224459	-	turquoise
ERVL_14q23.3	ERVL-int	chr14	66368875	66373018	+	turquoise
ERVL_14q31.1	ERVL-int	chr14	82056694	82060900	-	turquoise
ERVL_14q31.3	ERVL-int	chr14	85716982	85718016	+	turquoise
ERVL_14q32.11	ERVL-int	chr14	89650032	89651323	+	turquoise
ERVL_15q11.2a	ERVL-int	chr15	24145878	24147077	-	turquoise
ERVL_15q11.2b	ERVL-int	chr15	24201892	24203093	-	turquoise
ERVL_15q13.3	ERVL-int	chr15	31934702	31937815	+	turquoise
ERVL_15q21.1	ERVL-int	chr15	45285671	45287857	+	turquoise
ERVL_15q25.2	ERVL-int	chr15	82872821	82873752	+	turquoise
ERVL_15q26.1	ERVL-int	chr15	92552094	92553707	+	turquoise
ERVL_16p12.2	ERVL-int	chr16	23992260	23998394	+	turquoise
ERVL_16p12.3	ERVL-int	chr16	19272499	19281613	-	turquoise
ERVL_16p13.12	ERVL-int	chr16	13466039	13467642	+	turquoise
ERVL_16q12.1	ERVL-int	chr16	52356643	52359722	+	turquoise
ERVL_16q13	ERVL-int	chr16	56093208	56095519	-	turquoise
ERVL_16q21a	ERVL-int	chr16	59058257	59061249	+	turquoise
ERVL_16q21b	ERVL-int	chr16	59722341	59726114	-	turquoise
ERVL_16q21c	ERVL-int	chr16	64186821	64187242	+	turquoise
ERVL_17q12	ERVL-int	chr17	35281690	35284875	+	turquoise
ERVL_17q22	ERVL-int	chr17	56559636	56567714	+	turquoise
ERVL_18q12.1b	ERVL-int	chr18	34006254	34008452	+	turquoise
ERVL_18q12.3a	ERVL-int	chr18	44053712	44055809	+	turquoise
ERVL_18q21.2	ERVL-int	chr18	51908684	51909867	+	turquoise
ERVL_18q22.1a	ERVL-int	chr18	65274602	65275820	+	turquoise
ERVL_18q22.1b	ERVL-int	chr18	66025413	66027449	-	turquoise
ERVL_18q22.1c	ERVL-int	chr18	66130375	66131842	+	turquoise
ERVL_18q22.1d	ERVL-int	chr18	68232715	68234611	-	turquoise
ERVL_19q11	ERVL-int	chr19	27837062	27838931	-	turquoise
ERVL_1p13.1	ERVL-int	chr1	115596632	115598591	-	turquoise
ERVL_1p13.2	ERVL-int	chr1	115389845	115391814	+	turquoise
ERVL_1p21.1a	ERVL-int	chr1	104881671	104882757	+	turquoise
ERVL_1p31.1	ERVL-int	chr1	73719202	73725016	+	turquoise
ERVL_1p32.2a	ERVL-int	chr1	55779089	55783183	-	turquoise
ERVL_1p32.2b	ERVL-int	chr1	55788969	55791432	-	turquoise
ERVL_1p34.2	ERVL-int	chr1	41174282	41175563	+	turquoise
ERVL_1p36.22a	ERVL-int	chr1	9302227	9304444	+	turquoise
ERVL_1q24.1	ERVL-int	chr1	166710004	166711617	-	turquoise
ERVL_1q41	ERVL-int	chr1	220551443	220555214	-	turquoise
ERVL_1q42.13	ERVL-int	chr1	227616464	227618120	+	turquoise
ERVL_1q44a	ERVL-int	chr1	244390034	244392185	-	turquoise
ERVL_1q44b	ERVL-int	chr1	244392218	244399244	-	turquoise
ERVL_1q44c	ERVL-int	chr1	247782785	247788803	-	turquoise
ERVL_21q21.1a	ERVL-int	chr21	17869475	17870791	-	turquoise
ERVL_21q21.1b	ERVL-int	chr21	21967658	21968900	-	turquoise
ERVL_21q21.1c	ERVL-int	chr21	22233868	22237257	+	turquoise
ERVL_22q12.1	ERVL-int	chr22	25637709	25638790	-	turquoise
ERVL_2p12c	ERVL-int	chr2	80068942	80070126	-	turquoise
ERVL_2p15	ERVL-int	chr2	61863375	61865287	+	turquoise
ERVL_2p16.3	ERVL-int	chr2	51385643	51387388	-	turquoise
ERVL_2p22.1b	ERVL-int	chr2	39551801	39557615	-	turquoise
ERVL_2p24.1	ERVL-int	chr2	22719948	22723461	+	turquoise
ERVL_2p25.2	ERVL-int	chr2	5414971	5417124	-	turquoise
ERVL_2q14.1	ERVL-int	chr2	113994716	113996825	-	turquoise
ERVL_2q24.1a	ERVL-int	chr2	155923046	155927646	-	turquoise
ERVL_2q24.1b	ERVL-int	chr2	156732143	156733858	+	turquoise
ERVL_3p12.1	ERVL-int	chr3	83751693	83753084	+	turquoise
ERVL_3p12.2	ERVL-int	chr3	79978171	79980974	-	turquoise
ERVL_3p13	ERVL-int	chr3	70637953	70641157	-	turquoise
ERVL_3p22.3	ERVL-int	chr3	35083187	35085422	-	turquoise
ERVL_3q12.2	ERVL-int	chr3	101036422	101038311	+	turquoise
ERVL_3q13.11	ERVL-int	chr3	103744331	103746855	-	turquoise
ERVL_3q13.13	ERVL-int	chr3	110393060	110398391	-	turquoise
ERVL_3q22.1	ERVL-int	chr3	133510368	133514688	+	turquoise
ERVL_3q24	ERVL-int	chr3	146979471	146980933	-	turquoise
ERVL_3q26.1b	ERVL-int	chr3	165740633	165744816	+	turquoise
ERVL_3q26.1c	ERVL-int	chr3	166466567	166469506	+	turquoise
ERVL_3q26.32	ERVL-int	chr3	178856092	178858125	+	turquoise
ERVL_4p15.1a	ERVL-int	chr4	32614751	32616962	+	turquoise
ERVL_4p15.1c	ERVL-int	chr4	34692072	34697380	-	turquoise
ERVL_4p15.1d	ERVL-int	chr4	35203782	35209480	+	turquoise
ERVL_4q13.1	ERVL-int	chr4	65140542	65142641	-	turquoise
ERVL_4q13.3a	ERVL-int	chr4	69865342	69868580	+	turquoise
ERVL_4q13.3b	ERVL-int	chr4	70485524	70487672	-	turquoise
ERVL_4q21.23	ERVL-int	chr4	83751140	83753083	+	turquoise
ERVL_4q22.1	ERVL-int	chr4	91846445	91847936	+	turquoise
ERVL_4q25	ERVL-int	chr4	107395803	107397158	+	turquoise
ERVL_4q26a	ERVL-int	chr4	115013416	115016984	+	turquoise
ERVL_4q28.3	ERVL-int	chr4	136380419	136383512	+	turquoise
ERVL_4q32.1	ERVL-int	chr4	159558396	159561961	-	turquoise
ERVL_4q33	ERVL-int	chr4	170837613	170838208	-	turquoise
ERVL_5p14.3a	ERVL-int	chr5	21868916	21870425	+	turquoise
ERVL_5p14.3b	ERVL-int	chr5	23098611	23100255	-	turquoise
ERVL_5p15.33	ERVL-int	chr5	3242498	3243953	-	turquoise
ERVL_5q11.2	ERVL-int	chr5	58980759	58983927	-	turquoise
ERVL_5q22.2	ERVL-int	chr5	112614332	112616265	-	turquoise
ERVL_5q23.3a	ERVL-int	chr5	128665724	128668828	-	turquoise
ERVL_5q23.3b	ERVL-int	chr5	129046158	129050595	-	turquoise
ERVL_5q34	ERVL-int	chr5	161054469	161061541	-	turquoise
ERVL_6p24.2	ERVL-int	chr6	10639067	10641401	-	turquoise
ERVL_6p25.1	ERVL-int	chr6	6419960	6422665	-	turquoise
ERVL_6q14.2	ERVL-int	chr6	84105602	84107924	-	turquoise
ERVL_6q16.1a	ERVL-int	chr6	93659300	93661187	+	turquoise
ERVL_6q16.1b	ERVL-int	chr6	93719201	93720026	+	turquoise
ERVL_6q16.1c	ERVL-int	chr6	97422878	97424711	-	turquoise
ERVL_6q16.1d	ERVL-int	chr6	98403875	98410975	-	turquoise
ERVL_6q16.3a	ERVL-int	chr6	100618295	100619992	+	turquoise
ERVL_6q16.3b	ERVL-int	chr6	102618171	102619160	+	turquoise
ERVL_6q16.3c	ERVL-int	chr6	103116379	103117504	+	turquoise
ERVL_6q22.33	ERVL-int	chr6	126894522	126899750	+	turquoise
ERVL_6q23.3b	ERVL-int	chr6	137690931	137694326	+	turquoise
ERVL_6q24.1	ERVL-int	chr6	140750737	140752184	+	turquoise
ERVL_6q24.3	ERVL-int	chr6	145784612	145789228	+	turquoise
ERVL_6q27a	ERVL-int	chr6	164461798	164463627	-	turquoise
ERVL_7p12.1a	ERVL-int	chr7	51060297	51062031	+	turquoise
ERVL_7p21.2a	ERVL-int	chr7	14800645	14801850	+	turquoise
ERVL_7p21.2c	ERVL-int	chr7	15702205	15704874	+	turquoise
ERVL_7p21.3	ERVL-int	chr7	11246038	11246864	+	turquoise
ERVL_7p22.3	ERVL-int	chr7	1757630	1759683	-	turquoise
ERVL_7q21.11	ERVL-int	chr7	82733620	82739704	+	turquoise
ERVL_7q21.13b	ERVL-int	chr7	89476125	89477721	+	turquoise
ERVL_7q31.33	ERVL-int	chr7	125800924	125806593	+	turquoise
ERVL_8p11.21a	ERVL-int	chr8	41431638	41434046	+	turquoise
ERVL_8p21.2	ERVL-int	chr8	27003326	27006133	-	turquoise
ERVL_8p23.1	ERVL-int	chr8	10430967	10432280	+	turquoise
ERVL_8q11.21a	ERVL-int	chr8	49791269	49794652	+	turquoise
ERVL_8q11.21b	ERVL-int	chr8	50369847	50371048	+	turquoise
ERVL_8q23.2a	ERVL-int	chr8	110435665	110442761	-	turquoise
ERVL_8q23.2b	ERVL-int	chr8	110936879	110938055	-	turquoise
ERVL_8q24.13	ERVL-int	chr8	124987055	124992252	+	turquoise
ERVL_8q24.3	ERVL-int	chr8	138994354	138996020	-	turquoise
ERVL_9p21.1	ERVL-int	chr9	29750637	29752071	-	turquoise
ERVL_9q21.33	ERVL-int	chr9	87440710	87443900	-	turquoise
ERVL_9q31.1	ERVL-int	chr9	102539895	102542805	+	turquoise
ERVL_9q33.2b	ERVL-int	chr9	122564048	122565612	+	turquoise
ERVL_Xp11.21a	ERVL-int	chrX	56824111	56826878	-	turquoise
ERVL_Xp11.21b	ERVL-int	chrX	56833150	56834826	-	turquoise
ERVL_Xp11.22a	ERVL-int	chrX	53150801	53156783	-	turquoise
ERVL_Xp11.22c	ERVL-int	chrX	53482608	53491591	-	turquoise
ERVL_Xp11.3	ERVL-int	chrX	46351905	46354414	-	turquoise
ERVL_Xq13.2b	ERVL-int	chrX	73012064	73013510	-	turquoise
ERVL_Xq21.1b	ERVL-int	chrX	80765000	80766448	+	turquoise
ERVL_Xq21.1c	ERVL-int	chrX	82052632	82054635	-	turquoise
ERVL_Xq21.1d	ERVL-int	chrX	82655760	82661723	-	turquoise
ERVL_Xq21.31a	ERVL-int	chrX	89803507	89806220	-	turquoise
ERVL_Xq21.31c	ERVL-int	chrX	90202353	90205748	-	turquoise
ERVL_Xq21.31d	ERVL-int	chrX	90486774	90490448	-	turquoise
ERVL_Xq21.31e	ERVL-int	chrX	91257434	91258898	+	turquoise
ERVL_Xq21.33a	ERVL-int	chrX	95140887	95143162	-	turquoise
ERVL_Xq21.33b	ERVL-int	chrX	96231430	96235993	+	turquoise
ERVL_Xq23	ERVL-int	chrX	116195556	116199051	+	turquoise
ERVL_Xq25b	ERVL-int	chrX	127509820	127513266	+	turquoise
ERVL_Xq25c	ERVL-int	chrX	127670428	127676734	+	turquoise
ERVL_Xq26.2	ERVL-int	chrX	134092994	134099634	+	turquoise
ERVL_Xq26.3	ERVL-int	chrX	135738163	135739412	+	turquoise
ERVL_Xq28a	ERVL-int	chrX	149352972	149355687	+	turquoise
ERVL_Xq28b	ERVL-int	chrX	149361072	149362740	+	turquoise
ERVL_Yp11.2c	ERVL-int	chrY	3771321	3774878	-	turquoise
ERVLB4_10p11.21	ERVL-B4-int	chr10	34999279	35001258	+	turquoise
ERVLB4_10p11.22a	ERVL-B4-int	chr10	31636489	31637631	-	turquoise
ERVLB4_10p11.22b	ERVL-B4-int	chr10	32761330	32766853	+	turquoise
ERVLB4_10p12.1a	ERVL-B4-int	chr10	25880671	25885881	+	turquoise
ERVLB4_10p12.1b	ERVL-B4-int	chr10	27424404	27432620	+	turquoise
ERVLB4_10p12.31	ERVL-B4-int	chr10	18874333	18879700	+	turquoise
ERVLB4_10p13b	ERVL-B4-int	chr10	16067848	16069020	+	turquoise
ERVLB4_10p13c	ERVL-B4-int	chr10	16183678	16192827	-	turquoise
ERVLB4_10p15.1	ERVL-B4-int	chr10	5143017	5146658	+	turquoise
ERVLB4_10q11.21	ERVL-B4-int	chr10	42844649	42849633	-	turquoise
ERVLB4_10q11.22a	ERVL-B4-int	chr10	46976966	46982057	+	turquoise
ERVLB4_10q11.22b	ERVL-B4-int	chr10	48069799	48074884	-	turquoise
ERVLB4_10q11.23a	ERVL-B4-int	chr10	49562050	49564929	-	turquoise
ERVLB4_10q21.1a	ERVL-B4-int	chr10	55302407	55303569	-	turquoise
ERVLB4_10q21.1b	ERVL-B4-int	chr10	56422138	56426878	+	turquoise
ERVLB4_10q21.2	ERVL-B4-int	chr10	61805154	61807714	+	turquoise
ERVLB4_10q21.3a	ERVL-B4-int	chr10	64801100	64804283	-	turquoise
ERVLB4_10q21.3b	ERVL-B4-int	chr10	64810969	64813272	-	turquoise
ERVLB4_10q21.3c	ERVL-B4-int	chr10	65094070	65095497	+	turquoise
ERVLB4_10q21.3d	ERVL-B4-int	chr10	65407324	65412620	+	turquoise
ERVLB4_10q21.3e	ERVL-B4-int	chr10	65740034	65743215	-	turquoise
ERVLB4_10q21.3f	ERVL-B4-int	chr10	67300265	67302806	-	turquoise
ERVLB4_10q22.3a	ERVL-B4-int	chr10	79636240	79637627	-	turquoise
ERVLB4_10q22.3c	ERVL-B4-int	chr10	80035382	80037084	+	turquoise
ERVLB4_10q23.1a	ERVL-B4-int	chr10	80970252	80971746	-	turquoise
ERVLB4_10q23.1b	ERVL-B4-int	chr10	81205214	81207162	+	turquoise
ERVLB4_10q23.1c	ERVL-B4-int	chr10	86096451	86097617	+	turquoise
ERVLB4_10q23.31a	ERVL-B4-int	chr10	89872757	89875690	-	turquoise
ERVLB4_10q23.31b	ERVL-B4-int	chr10	90698715	90704136	-	turquoise
ERVLB4_10q23.31c	ERVL-B4-int	chr10	90956946	90961117	-	turquoise
ERVLB4_10q23.33b	ERVL-B4-int	chr10	94479974	94480644	-	turquoise
ERVLB4_10q23.33c	ERVL-B4-int	chr10	94666525	94672542	-	turquoise
ERVLB4_10q25.1a	ERVL-B4-int	chr10	107363902	107367520	+	turquoise
ERVLB4_10q25.1b	ERVL-B4-int	chr10	107375174	107381044	-	turquoise
ERVLB4_10q25.2a	ERVL-B4-int	chr10	111579104	111583925	-	turquoise
ERVLB4_10q25.2b	ERVL-B4-int	chr10	111589997	111592726	-	turquoise
ERVLB4_10q25.3	ERVL-B4-int	chr10	115270450	115276044	-	turquoise
ERVLB4_10q26.2b	ERVL-B4-int	chr10	127949338	127956187	+	turquoise
ERVLB4_10q26.3a	ERVL-B4-int	chr10	129155580	129157786	+	turquoise
ERVLB4_11p11.2	ERVL-B4-int	chr11	43524498	43528497	+	turquoise
ERVLB4_11p12	ERVL-B4-int	chr11	37066646	37067862	+	turquoise
ERVLB4_11p15.4b	ERVL-B4-int	chr11	4141300	4144989	+	turquoise
ERVLB4_11p15.4c	ERVL-B4-int	chr11	5649261	5651245	-	turquoise
ERVLB4_11p15.5c	ERVL-B4-int	chr11	2292785	2296646	-	turquoise
ERVLB4_11p15.5e	ERVL-B4-int	chr11	2354004	2362091	+	turquoise
ERVLB4_11q12.1a	ERVL-B4-int	chr11	56004358	56005424	-	turquoise
ERVLB4_11q12.1b	ERVL-B4-int	chr11	56008391	56009436	-	turquoise
ERVLB4_11q12.1c	ERVL-B4-int	chr11	56311459	56314964	+	turquoise
ERVLB4_11q12.1d	ERVL-B4-int	chr11	56519295	56521802	-	turquoise
ERVLB4_11q12.2a	ERVL-B4-int	chr11	60421488	60424729	-	turquoise
ERVLB4_11q12.2b	ERVL-B4-int	chr11	60654699	60657207	+	turquoise
ERVLB4_11q13.4b	ERVL-B4-int	chr11	73618480	73620962	+	turquoise
ERVLB4_11q14.1	ERVL-B4-int	chr11	78607893	78613676	+	turquoise
ERVLB4_11q14.3a	ERVL-B4-int	chr11	90900181	90902333	-	turquoise
ERVLB4_11q21b	ERVL-B4-int	chr11	93606121	93609488	-	turquoise
ERVLB4_11q21c	ERVL-B4-int	chr11	96697533	96700987	-	turquoise
ERVLB4_11q21d	ERVL-B4-int	chr11	96987260	96994711	+	turquoise
ERVLB4_11q21e	ERVL-B4-int	chr11	97250064	97252894	+	turquoise
ERVLB4_11q21f	ERVL-B4-int	chr11	97306948	97308761	-	turquoise
ERVLB4_11q22.1a	ERVL-B4-int	chr11	98876229	98882025	-	turquoise
ERVLB4_11q22.1b	ERVL-B4-int	chr11	99491407	99492375	-	turquoise
ERVLB4_11q22.2	ERVL-B4-int	chr11	102786635	102788456	-	turquoise
ERVLB4_11q22.3a	ERVL-B4-int	chr11	105346890	105347856	+	turquoise
ERVLB4_11q22.3b	ERVL-B4-int	chr11	105679012	105680618	-	turquoise
ERVLB4_11q23.3b	ERVL-B4-int	chr11	115842603	115847386	-	turquoise
ERVLB4_11q23.3c	ERVL-B4-int	chr11	116290787	116295715	+	turquoise
ERVLB4_11q24.2	ERVL-B4-int	chr11	127712134	127713845	-	turquoise
ERVLB4_11q24.3a	ERVL-B4-int	chr11	128092932	128097207	+	turquoise
ERVLB4_11q24.3b	ERVL-B4-int	chr11	129769495	129773102	-	turquoise
ERVLB4_11q25a	ERVL-B4-int	chr11	130928812	130933488	-	turquoise
ERVLB4_11q25b	ERVL-B4-int	chr11	133869042	133875426	+	turquoise
ERVLB4_12p11.22a	ERVL-B4-int	chr12	28212976	28215406	+	turquoise
ERVLB4_12p11.22b	ERVL-B4-int	chr12	29035514	29037502	-	turquoise
ERVLB4_12p11.22c	ERVL-B4-int	chr12	29250813	29253520	+	turquoise
ERVLB4_12p11.22d	ERVL-B4-int	chr12	30325863	30330604	-	turquoise
ERVLB4_12p12.1a	ERVL-B4-int	chr12	22562756	22563943	+	turquoise
ERVLB4_12p12.1b	ERVL-B4-int	chr12	22819186	22822707	+	turquoise
ERVLB4_12p12.1c	ERVL-B4-int	chr12	23303681	23304365	+	turquoise
ERVLB4_12p12.3a	ERVL-B4-int	chr12	14993640	14995697	+	turquoise
ERVLB4_12p12.3d	ERVL-B4-int	chr12	18632421	18638744	-	turquoise
ERVLB4_12p13.1	ERVL-B4-int	chr12	13241793	13248674	-	turquoise
ERVLB4_12p13.2a	ERVL-B4-int	chr12	10684437	10691402	-	turquoise
ERVLB4_12p13.2b	ERVL-B4-int	chr12	10960321	10961256	+	turquoise
ERVLB4_12p13.2c	ERVL-B4-int	chr12	11026347	11027868	+	turquoise
ERVLB4_12p13.2d	ERVL-B4-int	chr12	11057375	11058810	+	turquoise
ERVLB4_12p13.2e	ERVL-B4-int	chr12	11087471	11088945	+	turquoise
ERVLB4_12p13.31b	ERVL-B4-int	chr12	7028121	7036511	+	turquoise
ERVLB4_12p13.31c	ERVL-B4-int	chr12	7396451	7398207	+	turquoise
ERVLB4_12p13.32	ERVL-B4-int	chr12	5122826	5129865	-	turquoise
ERVLB4_12q12a	ERVL-B4-int	chr12	39249724	39252970	+	turquoise
ERVLB4_12q12b	ERVL-B4-int	chr12	43115977	43119389	-	turquoise
ERVLB4_12q12c	ERVL-B4-int	chr12	43250033	43254826	-	turquoise
ERVLB4_12q12d	ERVL-B4-int	chr12	45584263	45588528	+	turquoise
ERVLB4_12q13.13	ERVL-B4-int	chr12	53642331	53648563	+	turquoise
ERVLB4_12q13.2a	ERVL-B4-int	chr12	55624432	55628496	-	turquoise
ERVLB4_12q14.2	ERVL-B4-int	chr12	63384937	63385974	-	turquoise
ERVLB4_12q21.1a	ERVL-B4-int	chr12	74230415	74237386	+	turquoise
ERVLB4_12q21.1b	ERVL-B4-int	chr12	75030969	75037864	+	turquoise
ERVLB4_12q21.2	ERVL-B4-int	chr12	76501476	76504298	+	turquoise
ERVLB4_12q21.31a	ERVL-B4-int	chr12	83147274	83148071	-	turquoise
ERVLB4_12q21.31c	ERVL-B4-int	chr12	86190676	86192672	+	turquoise
ERVLB4_12q21.32a	ERVL-B4-int	chr12	87500003	87501311	-	turquoise
ERVLB4_12q21.32b	ERVL-B4-int	chr12	87617220	87623269	-	turquoise
ERVLB4_12q21.32c	ERVL-B4-int	chr12	87713791	87717073	-	turquoise
ERVLB4_12q21.32d	ERVL-B4-int	chr12	87975672	87977586	+	turquoise
ERVLB4_12q21.33a	ERVL-B4-int	chr12	89767496	89773655	-	turquoise
ERVLB4_12q21.33b	ERVL-B4-int	chr12	91065210	91067201	-	turquoise
ERVLB4_12q22a	ERVL-B4-int	chr12	92617232	92619495	+	turquoise
ERVLB4_12q22b	ERVL-B4-int	chr12	94967996	94969412	-	turquoise
ERVLB4_12q23.1a	ERVL-B4-int	chr12	97293595	97296067	-	turquoise
ERVLB4_12q23.1b	ERVL-B4-int	chr12	99915516	99916702	+	turquoise
ERVLB4_12q23.2a	ERVL-B4-int	chr12	102328732	102332097	+	turquoise
ERVLB4_12q23.2b	ERVL-B4-int	chr12	102653258	102661243	+	turquoise
ERVLB4_12q23.3c	ERVL-B4-int	chr12	107136812	107141805	-	turquoise
ERVLB4_12q24.11a	ERVL-B4-int	chr12	111125973	111131055	-	turquoise
ERVLB4_13q12.11a	ERVL-B4-int	chr13	19909783	19915040	+	turquoise
ERVLB4_13q12.11b	ERVL-B4-int	chr13	20317636	20319602	+	turquoise
ERVLB4_13q12.12a	ERVL-B4-int	chr13	22927361	22931755	-	turquoise
ERVLB4_13q12.12b	ERVL-B4-int	chr13	24348068	24353803	-	turquoise
ERVLB4_13q12.13	ERVL-B4-int	chr13	26142890	26149161	-	turquoise
ERVLB4_13q13.1	ERVL-B4-int	chr13	31718551	31719819	-	turquoise
ERVLB4_13q13.2	ERVL-B4-int	chr13	33865617	33867070	+	turquoise
ERVLB4_13q13.3a	ERVL-B4-int	chr13	36755979	36757131	+	turquoise
ERVLB4_13q13.3c	ERVL-B4-int	chr13	38673645	38675539	+	turquoise
ERVLB4_13q14.11a	ERVL-B4-int	chr13	41025738	41029828	+	turquoise
ERVLB4_13q14.11b	ERVL-B4-int	chr13	41247210	41248682	-	turquoise
ERVLB4_13q14.2a	ERVL-B4-int	chr13	47177076	47181713	-	turquoise
ERVLB4_13q21.1	ERVL-B4-int	chr13	56921458	56923992	+	turquoise
ERVLB4_13q21.2	ERVL-B4-int	chr13	61705516	61712096	+	turquoise
ERVLB4_13q21.31a	ERVL-B4-int	chr13	62251663	62254765	+	turquoise
ERVLB4_13q21.31b	ERVL-B4-int	chr13	62643537	62648004	+	turquoise
ERVLB4_13q21.31c	ERVL-B4-int	chr13	64008213	64009185	+	turquoise
ERVLB4_13q21.31d	ERVL-B4-int	chr13	64927117	64929960	+	turquoise
ERVLB4_13q21.32a	ERVL-B4-int	chr13	66004537	66005798	+	turquoise
ERVLB4_13q21.32b	ERVL-B4-int	chr13	66076395	66080242	+	turquoise
ERVLB4_13q21.33a	ERVL-B4-int	chr13	69556541	69558978	+	turquoise
ERVLB4_13q21.33b	ERVL-B4-int	chr13	71104212	71105497	-	turquoise
ERVLB4_13q22.1	ERVL-B4-int	chr13	73351752	73354248	-	turquoise
ERVLB4_13q31.1a	ERVL-B4-int	chr13	80485262	80488518	+	turquoise
ERVLB4_13q31.1c	ERVL-B4-int	chr13	81636082	81639297	-	turquoise
ERVLB4_13q31.1d	ERVL-B4-int	chr13	82136821	82138405	+	turquoise
ERVLB4_13q31.1f	ERVL-B4-int	chr13	83015573	83019637	-	turquoise
ERVLB4_13q31.1g	ERVL-B4-int	chr13	83019706	83022609	-	turquoise
ERVLB4_13q31.1h	ERVL-B4-int	chr13	83683653	83685682	+	turquoise
ERVLB4_13q31.1i	ERVL-B4-int	chr13	85945244	85947583	-	turquoise
ERVLB4_13q31.1j	ERVL-B4-int	chr13	87004964	87005602	-	turquoise
ERVLB4_13q31.2a	ERVL-B4-int	chr13	87297408	87300252	-	turquoise
ERVLB4_13q31.2b	ERVL-B4-int	chr13	87310139	87315631	+	turquoise
ERVLB4_13q31.2c	ERVL-B4-int	chr13	87596376	87598310	+	turquoise
ERVLB4_13q31.2d	ERVL-B4-int	chr13	87718622	87720860	+	turquoise
ERVLB4_13q31.2e	ERVL-B4-int	chr13	88156898	88162850	-	turquoise
ERVLB4_13q31.2f	ERVL-B4-int	chr13	88440532	88442078	+	turquoise
ERVLB4_13q31.2g	ERVL-B4-int	chr13	88680373	88686512	-	turquoise
ERVLB4_13q31.2i	ERVL-B4-int	chr13	89327142	89329616	-	turquoise
ERVLB4_13q31.3	ERVL-B4-int	chr13	93098531	93101508	-	turquoise
ERVLB4_13q32.2	ERVL-B4-int	chr13	98497985	98498600	+	turquoise
ERVLB4_13q33.2	ERVL-B4-int	chr13	105393263	105394130	-	turquoise
ERVLB4_13q33.3	ERVL-B4-int	chr13	106826623	106833691	-	turquoise
ERVLB4_14q12a	ERVL-B4-int	chr14	26992464	26995968	-	turquoise
ERVLB4_14q12b	ERVL-B4-int	chr14	27952923	27959228	-	turquoise
ERVLB4_14q12c	ERVL-B4-int	chr14	28932315	28932889	-	turquoise
ERVLB4_14q12d	ERVL-B4-int	chr14	29315543	29321926	+	turquoise
ERVLB4_14q12e	ERVL-B4-int	chr14	29981007	29982187	-	turquoise
ERVLB4_14q12f	ERVL-B4-int	chr14	31971467	31977486	-	turquoise
ERVLB4_14q13.3	ERVL-B4-int	chr14	37325724	37326860	-	turquoise
ERVLB4_14q21.1a	ERVL-B4-int	chr14	37745097	37747223	-	turquoise
ERVLB4_14q21.1b	ERVL-B4-int	chr14	40440101	40441948	-	turquoise
ERVLB4_14q21.1c	ERVL-B4-int	chr14	40770860	40775829	-	turquoise
ERVLB4_14q21.1d	ERVL-B4-int	chr14	42159653	42165974	-	turquoise
ERVLB4_14q21.1f	ERVL-B4-int	chr14	42992770	42994862	+	turquoise
ERVLB4_14q21.3a	ERVL-B4-int	chr14	47290969	47293347	-	turquoise
ERVLB4_14q21.3c	ERVL-B4-int	chr14	48078945	48080374	+	turquoise
ERVLB4_14q21.3d	ERVL-B4-int	chr14	50377534	50381467	+	turquoise
ERVLB4_14q23.2	ERVL-B4-int	chr14	62628255	62630706	-	turquoise
ERVLB4_14q23.3	ERVL-B4-int	chr14	65247466	65253447	-	turquoise
ERVLB4_14q31.1a	ERVL-B4-int	chr14	79927248	79931851	-	turquoise
ERVLB4_14q31.1b	ERVL-B4-int	chr14	81230150	81234145	+	turquoise
ERVLB4_14q31.3b	ERVL-B4-int	chr14	86017276	86020045	-	turquoise
ERVLB4_14q31.3d	ERVL-B4-int	chr14	87786721	87792168	-	turquoise
ERVLB4_14q32.11a	ERVL-B4-int	chr14	89743779	89746509	+	turquoise
ERVLB4_14q32.11b	ERVL-B4-int	chr14	91016539	91019592	+	turquoise
ERVLB4_14q32.33a	ERVL-B4-int	chr14	104463215	104469719	-	turquoise
ERVLB4_14q32.33b	ERVL-B4-int	chr14	106567399	106568555	-	turquoise
ERVLB4_15q11.1a	ERVL-B4-int	chr15	20119705	20120822	-	turquoise
ERVLB4_15q11.1c	ERVL-B4-int	chr15	20332728	20333829	+	turquoise
ERVLB4_15q11.2a	ERVL-B4-int	chr15	21126243	21127360	-	turquoise
ERVLB4_15q11.2c	ERVL-B4-int	chr15	23469077	23475176	-	turquoise
ERVLB4_15q11.2g	ERVL-B4-int	chr15	23995873	23997597	-	turquoise
ERVLB4_15q11.2h	ERVL-B4-int	chr15	24001954	24005106	-	turquoise
ERVLB4_15q11.2i	ERVL-B4-int	chr15	24069566	24072097	-	turquoise
ERVLB4_15q11.2j	ERVL-B4-int	chr15	24083063	24089605	-	turquoise
ERVLB4_15q11.2k	ERVL-B4-int	chr15	24211553	24214111	-	turquoise
ERVLB4_15q11.2l	ERVL-B4-int	chr15	24301728	24303199	-	turquoise
ERVLB4_15q11.2m	ERVL-B4-int	chr15	24311308	24316410	-	turquoise
ERVLB4_15q11.2n	ERVL-B4-int	chr15	24356858	24359086	-	turquoise
ERVLB4_15q11.2o	ERVL-B4-int	chr15	24411091	24413327	-	turquoise
ERVLB4_15q11.2p	ERVL-B4-int	chr15	24464662	24466901	-	turquoise
ERVLB4_15q11.2q	ERVL-B4-int	chr15	24509438	24510910	-	turquoise
ERVLB4_15q11.2r	ERVL-B4-int	chr15	24518365	24523479	-	turquoise
ERVLB4_15q11.2s	ERVL-B4-int	chr15	24595849	24598467	-	turquoise
ERVLB4_15q11.2t	ERVL-B4-int	chr15	24630985	24633910	-	turquoise
ERVLB4_15q11.2u	ERVL-B4-int	chr15	24940805	24945110	-	turquoise
ERVLB4_15q11.2v	ERVL-B4-int	chr15	25450818	25451562	+	turquoise
ERVLB4_15q12	ERVL-B4-int	chr15	25572234	25574436	-	turquoise
ERVLB4_15q13.2a	ERVL-B4-int	chr15	30309499	30313653	+	turquoise
ERVLB4_15q13.2b	ERVL-B4-int	chr15	30864706	30867381	-	turquoise
ERVLB4_15q13.2c	ERVL-B4-int	chr15	30867400	30872949	+	turquoise
ERVLB4_15q13.3a	ERVL-B4-int	chr15	31448070	31450841	-	turquoise
ERVLB4_15q13.3b	ERVL-B4-int	chr15	32223303	32229185	-	turquoise
ERVLB4_15q13.3c	ERVL-B4-int	chr15	32506258	32509243	-	turquoise
ERVLB4_15q14	ERVL-B4-int	chr15	38641659	38643425	-	turquoise
ERVLB4_15q21.1a	ERVL-B4-int	chr15	44931679	44934370	+	turquoise
ERVLB4_15q21.1b	ERVL-B4-int	chr15	44948064	44949935	-	turquoise
ERVLB4_15q21.1c	ERVL-B4-int	chr15	46381337	46383617	-	turquoise
ERVLB4_15q21.2	ERVL-B4-int	chr15	51933185	51935644	-	turquoise
ERVLB4_15q21.3	ERVL-B4-int	chr15	56338572	56341097	-	turquoise
ERVLB4_15q23a	ERVL-B4-int	chr15	69349149	69355184	+	turquoise
ERVLB4_15q25.2	ERVL-B4-int	chr15	83337990	83340847	+	turquoise
ERVLB4_15q25.3a	ERVL-B4-int	chr15	86826690	86830863	+	turquoise
ERVLB4_15q25.3b	ERVL-B4-int	chr15	86833211	86834366	+	turquoise
ERVLB4_15q26.1a	ERVL-B4-int	chr15	91232546	91235088	+	turquoise
ERVLB4_15q26.1b	ERVL-B4-int	chr15	91630261	91632467	+	turquoise
ERVLB4_15q26.2a	ERVL-B4-int	chr15	97026043	97030571	-	turquoise
ERVLB4_15q26.3b	ERVL-B4-int	chr15	100806560	100814413	-	turquoise
ERVLB4_16p11.2	ERVL-B4-int	chr16	33673000	33673543	+	turquoise
ERVLB4_16p12.3	ERVL-B4-int	chr16	16924193	16926476	-	turquoise
ERVLB4_16p13.3b	ERVL-B4-int	chr16	4034057	4035336	-	turquoise
ERVLB4_16q12.1	ERVL-B4-int	chr16	50128785	50137870	-	turquoise
ERVLB4_16q13a	ERVL-B4-int	chr16	56612708	56615580	-	turquoise
ERVLB4_16q13b	ERVL-B4-int	chr16	56947521	56950172	+	turquoise
ERVLB4_16q21a	ERVL-B4-int	chr16	59590524	59591669	+	turquoise
ERVLB4_16q23.1	ERVL-B4-int	chr16	76059019	76060408	+	turquoise
ERVLB4_17p13.2	ERVL-B4-int	chr17	5936121	5937947	+	turquoise
ERVLB4_17q12	ERVL-B4-int	chr17	36131939	36132906	+	turquoise
ERVLB4_17q21.32	ERVL-B4-int	chr17	49202488	49204391	+	turquoise
ERVLB4_17q22a	ERVL-B4-int	chr17	52446017	52448372	-	turquoise
ERVLB4_17q22b	ERVL-B4-int	chr17	53246246	53249867	-	turquoise
ERVLB4_17q22c	ERVL-B4-int	chr17	58095792	58097754	-	turquoise
ERVLB4_17q24.1	ERVL-B4-int	chr17	65912010	65912609	-	turquoise
ERVLB4_17q24.3	ERVL-B4-int	chr17	72642784	72644069	+	turquoise
ERVLB4_17q25.3a	ERVL-B4-int	chr17	79203936	79206370	+	turquoise
ERVLB4_17q25.3b	ERVL-B4-int	chr17	80265360	80268548	+	turquoise
ERVLB4_18p11.21c	ERVL-B4-int	chr18	12567512	12568263	-	turquoise
ERVLB4_18p11.21d	ERVL-B4-int	chr18	12934879	12940618	-	turquoise
ERVLB4_18p11.21e	ERVL-B4-int	chr18	12940660	12942421	-	turquoise
ERVLB4_18p11.21f	ERVL-B4-int	chr18	15036163	15038414	+	turquoise
ERVLB4_18p11.32a	ERVL-B4-int	chr18	878513	887335	+	turquoise
ERVLB4_18p11.32d	ERVL-B4-int	chr18	2469478	2472168	+	turquoise
ERVLB4_18q11.2	ERVL-B4-int	chr18	24771589	24779206	-	turquoise
ERVLB4_18q12.1a	ERVL-B4-int	chr18	30396571	30399526	-	turquoise
ERVLB4_18q12.1b	ERVL-B4-int	chr18	33116812	33121415	+	turquoise
ERVLB4_18q12.1c	ERVL-B4-int	chr18	33815751	33818565	+	turquoise
ERVLB4_18q12.2a	ERVL-B4-int	chr18	37117655	37119209	-	turquoise
ERVLB4_18q12.2b	ERVL-B4-int	chr18	38162864	38165816	-	turquoise
ERVLB4_18q12.2c	ERVL-B4-int	chr18	39061630	39064011	-	turquoise
ERVLB4_18q12.2d	ERVL-B4-int	chr18	39211356	39214311	-	turquoise
ERVLB4_18q12.3a	ERVL-B4-int	chr18	39934615	39936712	+	turquoise
ERVLB4_18q12.3b	ERVL-B4-int	chr18	44209923	44214001	+	turquoise
ERVLB4_18q21.32	ERVL-B4-int	chr18	59476749	59478335	+	turquoise
ERVLB4_18q22.1a	ERVL-B4-int	chr18	64734332	64738049	+	turquoise
ERVLB4_18q22.1b	ERVL-B4-int	chr18	66168724	66171609	-	turquoise
ERVLB4_18q22.1c	ERVL-B4-int	chr18	66231725	66237745	+	turquoise
ERVLB4_18q22.1e	ERVL-B4-int	chr18	66450239	66455294	-	turquoise
ERVLB4_18q22.1f	ERVL-B4-int	chr18	66900962	66903062	-	turquoise
ERVLB4_18q22.3	ERVL-B4-int	chr18	72388479	72396137	+	turquoise
ERVLB4_19p13.11	ERVL-B4-int	chr19	19760002	19764818	+	turquoise
ERVLB4_19q13.12	ERVL-B4-int	chr19	36669468	36673749	+	turquoise
ERVLB4_19q13.31a	ERVL-B4-int	chr19	43979355	43980979	+	turquoise
ERVLB4_19q13.31b	ERVL-B4-int	chr19	44017410	44019341	+	turquoise
ERVLB4_19q13.32	ERVL-B4-int	chr19	46367379	46369106	+	turquoise
ERVLB4_19q13.33a	ERVL-B4-int	chr19	50882256	50883600	+	turquoise
ERVLB4_19q13.41	ERVL-B4-int	chr19	51780527	51782818	+	turquoise
ERVLB4_19q13.42a	ERVL-B4-int	chr19	54568262	54571051	+	turquoise
ERVLB4_19q13.42c	ERVL-B4-int	chr19	54685144	54687144	-	turquoise
ERVLB4_1p21.1a	ERVL-B4-int	chr1	104470603	104474802	+	turquoise
ERVLB4_1p21.1b	ERVL-B4-int	chr1	105439916	105445065	+	turquoise
ERVLB4_1p21.1c	ERVL-B4-int	chr1	105518923	105520353	-	turquoise
ERVLB4_1p21.1d	ERVL-B4-int	chr1	105663639	105664957	+	turquoise
ERVLB4_1p21.2a	ERVL-B4-int	chr1	100300279	100301346	-	turquoise
ERVLB4_1p21.2b	ERVL-B4-int	chr1	101336341	101339354	+	turquoise
ERVLB4_1p21.3a	ERVL-B4-int	chr1	94785085	94786547	+	turquoise
ERVLB4_1p21.3c	ERVL-B4-int	chr1	98773793	98775877	+	turquoise
ERVLB4_1p22.2a	ERVL-B4-int	chr1	88378752	88379662	-	turquoise
ERVLB4_1p22.2b	ERVL-B4-int	chr1	88636269	88638131	-	turquoise
ERVLB4_1p22.2c	ERVL-B4-int	chr1	88638143	88641741	-	turquoise
ERVLB4_1p22.3a	ERVL-B4-int	chr1	85913180	85915546	+	turquoise
ERVLB4_1p22.3b	ERVL-B4-int	chr1	86280523	86283198	+	turquoise
ERVLB4_1p22.3c	ERVL-B4-int	chr1	87800644	87803070	-	turquoise
ERVLB4_1p31.1a	ERVL-B4-int	chr1	72854178	72855507	-	turquoise
ERVLB4_1p31.1b	ERVL-B4-int	chr1	73119379	73122614	+	turquoise
ERVLB4_1p31.1c	ERVL-B4-int	chr1	75891930	75896433	+	turquoise
ERVLB4_1p31.1e	ERVL-B4-int	chr1	79548566	79551834	+	turquoise
ERVLB4_1p31.1f	ERVL-B4-int	chr1	82452322	82454754	+	turquoise
ERVLB4_1p31.1g	ERVL-B4-int	chr1	84027914	84034931	+	turquoise
ERVLB4_1p32.1	ERVL-B4-int	chr1	60177052	60179474	-	turquoise
ERVLB4_1p33	ERVL-B4-int	chr1	47807138	47808402	+	turquoise
ERVLB4_1p34.1	ERVL-B4-int	chr1	46073148	46076202	-	turquoise
ERVLB4_1p34.2a	ERVL-B4-int	chr1	40433079	40436076	+	turquoise
ERVLB4_1p34.2b	ERVL-B4-int	chr1	42904887	42912582	-	turquoise
ERVLB4_1p34.2c	ERVL-B4-int	chr1	43469877	43472738	-	turquoise
ERVLB4_1p35.1	ERVL-B4-int	chr1	34050180	34052158	+	turquoise
ERVLB4_1p35.2	ERVL-B4-int	chr1	30288580	30290268	+	turquoise
ERVLB4_1p36.11	ERVL-B4-int	chr1	24888544	24893132	-	turquoise
ERVLB4_1p36.12b	ERVL-B4-int	chr1	21207724	21213077	+	turquoise
ERVLB4_1p36.22	ERVL-B4-int	chr1	9297468	9302644	+	turquoise
ERVLB4_1q21.3	ERVL-B4-int	chr1	152815774	152818436	+	turquoise
ERVLB4_1q23.1a	ERVL-B4-int	chr1	157823567	157827775	-	turquoise
ERVLB4_1q23.1b	ERVL-B4-int	chr1	158695922	158697077	+	turquoise
ERVLB4_1q23.3a	ERVL-B4-int	chr1	160758515	160765919	-	turquoise
ERVLB4_1q23.3b	ERVL-B4-int	chr1	163597992	163601391	+	turquoise
ERVLB4_1q23.3c	ERVL-B4-int	chr1	163812936	163814471	-	turquoise
ERVLB4_1q23.3d	ERVL-B4-int	chr1	164026723	164032424	-	turquoise
ERVLB4_1q23.3e	ERVL-B4-int	chr1	164079514	164082802	+	turquoise
ERVLB4_1q23.3f	ERVL-B4-int	chr1	164206186	164211462	+	turquoise
ERVLB4_1q23.3g	ERVL-B4-int	chr1	164272002	164273987	-	turquoise
ERVLB4_1q23.3h	ERVL-B4-int	chr1	164508061	164510104	-	turquoise
ERVLB4_1q24.1	ERVL-B4-int	chr1	166658793	166662164	+	turquoise
ERVLB4_1q24.2	ERVL-B4-int	chr1	168929961	168932471	+	turquoise
ERVLB4_1q24.3	ERVL-B4-int	chr1	170936135	170942366	-	turquoise
ERVLB4_1q25.1a	ERVL-B4-int	chr1	173021845	173024861	-	turquoise
ERVLB4_1q25.1b	ERVL-B4-int	chr1	173333146	173340404	+	turquoise
ERVLB4_1q25.1c	ERVL-B4-int	chr1	173394422	173401736	+	turquoise
ERVLB4_1q25.2	ERVL-B4-int	chr1	179583981	179585324	+	turquoise
ERVLB4_1q31.2	ERVL-B4-int	chr1	193439010	193444016	+	turquoise
ERVLB4_1q31.3a	ERVL-B4-int	chr1	195250239	195253558	+	turquoise
ERVLB4_1q31.3b	ERVL-B4-int	chr1	196030125	196033045	-	turquoise
ERVLB4_1q31.3c	ERVL-B4-int	chr1	198060648	198062536	-	turquoise
ERVLB4_1q32.2a	ERVL-B4-int	chr1	210082257	210084881	-	turquoise
ERVLB4_1q32.2b	ERVL-B4-int	chr1	210436679	210440818	-	turquoise
ERVLB4_1q41a	ERVL-B4-int	chr1	217310053	217316028	+	turquoise
ERVLB4_1q41b	ERVL-B4-int	chr1	221316978	221319839	+	turquoise
ERVLB4_1q42.12	ERVL-B4-int	chr1	225248755	225249390	+	turquoise
ERVLB4_1q42.13a	ERVL-B4-int	chr1	227444112	227445934	+	turquoise
ERVLB4_1q42.13b	ERVL-B4-int	chr1	229604400	229605948	+	turquoise
ERVLB4_1q42.2	ERVL-B4-int	chr1	233875154	233877864	+	turquoise
ERVLB4_1q43a	ERVL-B4-int	chr1	238626678	238630665	-	turquoise
ERVLB4_1q43c	ERVL-B4-int	chr1	241450003	241456515	-	turquoise
ERVLB4_1q44a	ERVL-B4-int	chr1	244544100	244550311	+	turquoise
ERVLB4_1q44b	ERVL-B4-int	chr1	247577934	247580848	+	turquoise
ERVLB4_20p11.21a	ERVL-B4-int	chr20	24192401	24195929	+	turquoise
ERVLB4_20p11.21b	ERVL-B4-int	chr20	24326480	24331710	-	turquoise
ERVLB4_20p11.21c	ERVL-B4-int	chr20	24937735	24942401	-	turquoise
ERVLB4_20p11.21d	ERVL-B4-int	chr20	25124259	25128147	+	turquoise
ERVLB4_20p11.23b	ERVL-B4-int	chr20	21298478	21300213	-	turquoise
ERVLB4_20p12.1	ERVL-B4-int	chr20	12603781	12606068	-	turquoise
ERVLB4_20p12.3a	ERVL-B4-int	chr20	7377069	7387024	-	turquoise
ERVLB4_20p12.3b	ERVL-B4-int	chr20	7577898	7583890	-	turquoise
ERVLB4_20p12.3c	ERVL-B4-int	chr20	8836313	8839500	+	turquoise
ERVLB4_20q12	ERVL-B4-int	chr20	41794828	41797456	-	turquoise
ERVLB4_20q13.12a	ERVL-B4-int	chr20	45087483	45090911	+	turquoise
ERVLB4_20q13.12b	ERVL-B4-int	chr20	45519890	45522646	-	turquoise
ERVLB4_20q13.13	ERVL-B4-int	chr20	48611470	48613023	-	turquoise
ERVLB4_20q13.2	ERVL-B4-int	chr20	54817566	54819424	+	turquoise
ERVLB4_21q11.2	ERVL-B4-int	chr21	13330724	13332975	-	turquoise
ERVLB4_21q21.1a	ERVL-B4-int	chr21	17870787	17875770	-	turquoise
ERVLB4_21q21.1b	ERVL-B4-int	chr21	18688509	18690835	+	turquoise
ERVLB4_21q21.1c	ERVL-B4-int	chr21	21548632	21550313	-	turquoise
ERVLB4_21q21.2a	ERVL-B4-int	chr21	23612704	23614308	-	turquoise
ERVLB4_21q21.2b	ERVL-B4-int	chr21	24631024	24634410	-	turquoise
ERVLB4_21q21.2c	ERVL-B4-int	chr21	25025452	25029000	+	turquoise
ERVLB4_21q21.3a	ERVL-B4-int	chr21	25619064	25620792	-	turquoise
ERVLB4_21q21.3b	ERVL-B4-int	chr21	25620851	25622818	-	turquoise
ERVLB4_21q21.3c	ERVL-B4-int	chr21	26609900	26611288	+	turquoise
ERVLB4_21q21.3d	ERVL-B4-int	chr21	28041568	28043841	-	turquoise
ERVLB4_21q21.3e	ERVL-B4-int	chr21	28872592	28876120	-	turquoise
ERVLB4_21q22.11	ERVL-B4-int	chr21	34284739	34292383	+	turquoise
ERVLB4_21q22.12	ERVL-B4-int	chr21	35156328	35158427	-	turquoise
ERVLB4_21q22.13	ERVL-B4-int	chr21	37770395	37771545	+	turquoise
ERVLB4_21q22.2	ERVL-B4-int	chr21	40915182	40922247	+	turquoise
ERVLB4_21q22.3a	ERVL-B4-int	chr21	41510454	41516597	-	turquoise
ERVLB4_21q22.3b	ERVL-B4-int	chr21	46607219	46610032	+	turquoise
ERVLB4_22q11.1b	ERVL-B4-int	chr22	17281404	17283901	-	turquoise
ERVLB4_22q11.21b	ERVL-B4-int	chr22	21161004	21161640	+	turquoise
ERVLB4_22q11.22a	ERVL-B4-int	chr22	22262466	22263618	-	turquoise
ERVLB4_22q11.22c	ERVL-B4-int	chr22	22748219	22749827	-	turquoise
ERVLB4_22q13.31b	ERVL-B4-int	chr22	45855129	45859216	-	turquoise
ERVLB4_22q13.32b	ERVL-B4-int	chr22	48456289	48461048	+	turquoise
ERVLB4_2p11.2b	ERVL-B4-int	chr2	87862992	87864698	+	turquoise
ERVLB4_2p11.2c	ERVL-B4-int	chr2	88419486	88422720	+	turquoise
ERVLB4_2p11.2d	ERVL-B4-int	chr2	90273861	90274973	+	turquoise
ERVLB4_2p12a	ERVL-B4-int	chr2	77507725	77508485	+	turquoise
ERVLB4_2p12b	ERVL-B4-int	chr2	82460842	82461813	+	turquoise
ERVLB4_2p16.1a	ERVL-B4-int	chr2	55972226	55975858	-	turquoise
ERVLB4_2p16.1b	ERVL-B4-int	chr2	56532238	56534178	-	turquoise
ERVLB4_2p16.1c	ERVL-B4-int	chr2	57443298	57446445	+	turquoise
ERVLB4_2p16.1d	ERVL-B4-int	chr2	58005706	58007331	+	turquoise
ERVLB4_2p16.3	ERVL-B4-int	chr2	47868611	47870210	+	turquoise
ERVLB4_2p21	ERVL-B4-int	chr2	42882051	42891594	+	turquoise
ERVLB4_2p22.1	ERVL-B4-int	chr2	40894129	40895435	+	turquoise
ERVLB4_2p23.3	ERVL-B4-int	chr2	25025385	25030324	+	turquoise
ERVLB4_2p24.1a	ERVL-B4-int	chr2	21307175	21308614	+	turquoise
ERVLB4_2p24.1b	ERVL-B4-int	chr2	21311667	21313374	+	turquoise
ERVLB4_2p24.3a	ERVL-B4-int	chr2	13708822	13710483	+	turquoise
ERVLB4_2p24.3b	ERVL-B4-int	chr2	14142637	14143273	+	turquoise
ERVLB4_2p25.1a	ERVL-B4-int	chr2	7183894	7184578	-	turquoise
ERVLB4_2p25.1b	ERVL-B4-int	chr2	11460960	11462158	-	turquoise
ERVLB4_2p25.3	ERVL-B4-int	chr2	3267103	3270169	+	turquoise
ERVLB4_2q11.1a	ERVL-B4-int	chr2	95122751	95123846	-	turquoise
ERVLB4_2q11.1b	ERVL-B4-int	chr2	95126905	95129136	-	turquoise
ERVLB4_2q11.2	ERVL-B4-int	chr2	100175931	100179071	+	turquoise
ERVLB4_2q12.1a	ERVL-B4-int	chr2	104181252	104184956	+	turquoise
ERVLB4_2q12.1b	ERVL-B4-int	chr2	103379600	103384049	+	turquoise
ERVLB4_2q12.3a	ERVL-B4-int	chr2	107424653	107427857	-	turquoise
ERVLB4_2q12.3b	ERVL-B4-int	chr2	107636812	107637958	-	turquoise
ERVLB4_2q12.3d	ERVL-B4-int	chr2	108273665	108276585	-	turquoise
ERVLB4_2q13a	ERVL-B4-int	chr2	109458529	109463559	-	turquoise
ERVLB4_2q13c	ERVL-B4-int	chr2	110379003	110381368	+	turquoise
ERVLB4_2q14.1a	ERVL-B4-int	chr2	114373968	114380342	-	turquoise
ERVLB4_2q14.1b	ERVL-B4-int	chr2	115953258	115955296	+	turquoise
ERVLB4_2q14.1c	ERVL-B4-int	chr2	115966591	115967852	+	turquoise
ERVLB4_2q14.1d	ERVL-B4-int	chr2	116487282	116488672	+	turquoise
ERVLB4_2q14.2a	ERVL-B4-int	chr2	118523082	118526546	+	turquoise
ERVLB4_2q14.2b	ERVL-B4-int	chr2	120619874	120622034	-	turquoise
ERVLB4_2q14.3b	ERVL-B4-int	chr2	122826918	122830736	+	turquoise
ERVLB4_2q14.3c	ERVL-B4-int	chr2	123492359	123493911	-	turquoise
ERVLB4_2q14.3d	ERVL-B4-int	chr2	123493934	123496304	+	turquoise
ERVLB4_2q14.3e	ERVL-B4-int	chr2	123500365	123501363	+	turquoise
ERVLB4_2q14.3f	ERVL-B4-int	chr2	125010718	125012997	+	turquoise
ERVLB4_2q14.3g	ERVL-B4-int	chr2	125466763	125467894	-	turquoise
ERVLB4_2q14.3h	ERVL-B4-int	chr2	126522088	126528169	-	turquoise
ERVLB4_2q14.3i	ERVL-B4-int	chr2	126759393	126761238	+	turquoise
ERVLB4_2q21.1a	ERVL-B4-int	chr2	129398200	129404464	+	turquoise
ERVLB4_2q21.1b	ERVL-B4-int	chr2	129507634	129511188	+	turquoise
ERVLB4_2q21.1c	ERVL-B4-int	chr2	130799480	130803676	+	turquoise
ERVLB4_2q21.2a	ERVL-B4-int	chr2	131866427	131868682	+	turquoise
ERVLB4_2q21.2b	ERVL-B4-int	chr2	133962531	133967667	+	turquoise
ERVLB4_2q22.3a	ERVL-B4-int	chr2	146098178	146105018	+	turquoise
ERVLB4_2q23.3	ERVL-B4-int	chr2	152780807	152781886	-	turquoise
ERVLB4_2q24.1a	ERVL-B4-int	chr2	155060998	155063399	-	turquoise
ERVLB4_2q24.1b	ERVL-B4-int	chr2	155069277	155073326	-	turquoise
ERVLB4_2q24.2	ERVL-B4-int	chr2	161768160	161769489	-	turquoise
ERVLB4_2q24.3a	ERVL-B4-int	chr2	166601946	166604205	-	turquoise
ERVLB4_2q24.3b	ERVL-B4-int	chr2	167303747	167305167	-	turquoise
ERVLB4_2q24.3c	ERVL-B4-int	chr2	168257550	168263450	+	turquoise
ERVLB4_2q31.1	ERVL-B4-int	chr2	174742999	174746543	+	turquoise
ERVLB4_2q31.3	ERVL-B4-int	chr2	181689377	181692173	+	turquoise
ERVLB4_2q32.1a	ERVL-B4-int	chr2	182160251	182166729	+	turquoise
ERVLB4_2q32.1c	ERVL-B4-int	chr2	184916980	184920237	-	turquoise
ERVLB4_2q32.1d	ERVL-B4-int	chr2	185695746	185700208	+	turquoise
ERVLB4_2q32.1e	ERVL-B4-int	chr2	186263672	186265173	+	turquoise
ERVLB4_2q32.1f	ERVL-B4-int	chr2	187324343	187325785	-	turquoise
ERVLB4_2q32.2	ERVL-B4-int	chr2	189418308	189418957	-	turquoise
ERVLB4_2q32.3	ERVL-B4-int	chr2	192042435	192046614	+	turquoise
ERVLB4_2q33.1	ERVL-B4-int	chr2	201567350	201570350	-	turquoise
ERVLB4_2q34	ERVL-B4-int	chr2	212131490	212132744	+	turquoise
ERVLB4_2q36.1b	ERVL-B4-int	chr2	224103652	224107998	-	turquoise
ERVLB4_2q36.3	ERVL-B4-int	chr2	225336560	225338508	+	turquoise
ERVLB4_2q37.1a	ERVL-B4-int	chr2	232585232	232586053	-	turquoise
ERVLB4_2q37.1b	ERVL-B4-int	chr2	232867729	232869107	-	turquoise
ERVLB4_2q37.3a	ERVL-B4-int	chr2	237247001	237250455	-	turquoise
ERVLB4_2q37.3b	ERVL-B4-int	chr2	241574252	241575873	+	turquoise
ERVLB4_3p11.1a	ERVL-B4-int	chr3	88037910	88039035	-	turquoise
ERVLB4_3p11.1b	ERVL-B4-int	chr3	88039070	88044076	-	turquoise
ERVLB4_3p11.1c	ERVL-B4-int	chr3	88171228	88174639	+	turquoise
ERVLB4_3p11.1d	ERVL-B4-int	chr3	90045286	90050370	-	turquoise
ERVLB4_3p12.1a	ERVL-B4-int	chr3	84315971	84318676	-	turquoise
ERVLB4_3p12.1b	ERVL-B4-int	chr3	86127828	86130131	+	turquoise
ERVLB4_3p12.2b	ERVL-B4-int	chr3	80787498	80788979	+	turquoise
ERVLB4_3p12.2c	ERVL-B4-int	chr3	82883334	82886459	-	turquoise
ERVLB4_3p12.3b	ERVL-B4-int	chr3	76220715	76224660	-	turquoise
ERVLB4_3p12.3c	ERVL-B4-int	chr3	77889215	77890530	+	turquoise
ERVLB4_3p12.3d	ERVL-B4-int	chr3	78196961	78198455	-	turquoise
ERVLB4_3p12.3e	ERVL-B4-int	chr3	78358198	78360135	-	turquoise
ERVLB4_3p12.3f	ERVL-B4-int	chr3	78360180	78365915	-	turquoise
ERVLB4_3p14.1	ERVL-B4-int	chr3	65214795	65216849	+	turquoise
ERVLB4_3p14.2	ERVL-B4-int	chr3	58713101	58717281	-	turquoise
ERVLB4_3p21.31a	ERVL-B4-int	chr3	44434466	44439444	-	turquoise
ERVLB4_3p21.31b	ERVL-B4-int	chr3	46057514	46059437	+	turquoise
ERVLB4_3p21.31d	ERVL-B4-int	chr3	46414268	46416315	+	turquoise
ERVLB4_3p21.31e	ERVL-B4-int	chr3	48509940	48513119	+	turquoise
ERVLB4_3p22.1a	ERVL-B4-int	chr3	41737789	41739828	+	turquoise
ERVLB4_3p22.3a	ERVL-B4-int	chr3	33081521	33082771	+	turquoise
ERVLB4_3p22.3b	ERVL-B4-int	chr3	34910326	34913972	-	turquoise
ERVLB4_3p24.1a	ERVL-B4-int	chr3	26501345	26503831	+	turquoise
ERVLB4_3p24.1b	ERVL-B4-int	chr3	28387910	28390070	-	turquoise
ERVLB4_3p24.1c	ERVL-B4-int	chr3	28538837	28545324	+	turquoise
ERVLB4_3p24.1d	ERVL-B4-int	chr3	28627171	28628957	+	turquoise
ERVLB4_3p24.2	ERVL-B4-int	chr3	24063621	24067835	-	turquoise
ERVLB4_3p25.3	ERVL-B4-int	chr3	8856391	8861358	+	turquoise
ERVLB4_3p26.1	ERVL-B4-int	chr3	7351460	7357102	+	turquoise
ERVLB4_3p26.2a	ERVL-B4-int	chr3	3563493	3564556	-	turquoise
ERVLB4_3p26.2b	ERVL-B4-int	chr3	3928386	3929629	-	turquoise
ERVLB4_3q11.2a	ERVL-B4-int	chr3	95959088	95959898	+	turquoise
ERVLB4_3q11.2b	ERVL-B4-int	chr3	97157563	97164311	-	turquoise
ERVLB4_3q11.2c	ERVL-B4-int	chr3	98124302	98126191	-	turquoise
ERVLB4_3q11.2d	ERVL-B4-int	chr3	98160635	98164524	-	turquoise
ERVLB4_3q11.2e	ERVL-B4-int	chr3	98200527	98203873	-	turquoise
ERVLB4_3q11.2f	ERVL-B4-int	chr3	98318750	98322074	-	turquoise
ERVLB4_3q12.3	ERVL-B4-int	chr3	102000517	102005700	-	turquoise
ERVLB4_3q13.11a	ERVL-B4-int	chr3	104233531	104235425	+	turquoise
ERVLB4_3q13.11b	ERVL-B4-int	chr3	105277481	105279418	-	turquoise
ERVLB4_3q13.11c	ERVL-B4-int	chr3	105626779	105629925	-	turquoise
ERVLB4_3q13.13	ERVL-B4-int	chr3	108208504	108209981	+	turquoise
ERVLB4_3q13.31	ERVL-B4-int	chr3	113998492	114000558	+	turquoise
ERVLB4_3q22.1a	ERVL-B4-int	chr3	129896346	129899192	-	turquoise
ERVLB4_3q24a	ERVL-B4-int	chr3	143256881	143260791	-	turquoise
ERVLB4_3q24b	ERVL-B4-int	chr3	145051434	145059339	+	turquoise
ERVLB4_3q24c	ERVL-B4-int	chr3	145668001	145670471	+	turquoise
ERVLB4_3q24d	ERVL-B4-int	chr3	146692728	146698104	-	turquoise
ERVLB4_3q24e	ERVL-B4-int	chr3	146969535	146972175	+	turquoise
ERVLB4_3q25.2b	ERVL-B4-int	chr3	155245126	155247406	+	turquoise
ERVLB4_3q25.2c	ERVL-B4-int	chr3	155250612	155254841	+	turquoise
ERVLB4_3q25.31a	ERVL-B4-int	chr3	155451454	155453110	+	turquoise
ERVLB4_3q25.31b	ERVL-B4-int	chr3	155460332	155462306	+	turquoise
ERVLB4_3q26.1a	ERVL-B4-int	chr3	164271712	164273724	+	turquoise
ERVLB4_3q26.1b	ERVL-B4-int	chr3	164283902	164284954	+	turquoise
ERVLB4_3q26.2a	ERVL-B4-int	chr3	168107756	168112455	-	turquoise
ERVLB4_3q26.2b	ERVL-B4-int	chr3	168514124	168515453	-	turquoise
ERVLB4_3q26.31a	ERVL-B4-int	chr3	171530290	171538018	-	turquoise
ERVLB4_3q26.31c	ERVL-B4-int	chr3	173536700	173540495	-	turquoise
ERVLB4_3q26.33a	ERVL-B4-int	chr3	180402647	180404488	+	turquoise
ERVLB4_3q26.33b	ERVL-B4-int	chr3	182417327	182422085	+	turquoise
ERVLB4_3q27.1a	ERVL-B4-int	chr3	183435040	183439428	+	turquoise
ERVLB4_3q27.1b	ERVL-B4-int	chr3	184448915	184453632	-	turquoise
ERVLB4_3q28a	ERVL-B4-int	chr3	190736544	190738951	-	turquoise
ERVLB4_3q28b	ERVL-B4-int	chr3	191025774	191029918	-	turquoise
ERVLB4_3q29b	ERVL-B4-int	chr3	197573828	197574968	+	turquoise
ERVLB4_4p12a	ERVL-B4-int	chr4	45411701	45416951	+	turquoise
ERVLB4_4p12b	ERVL-B4-int	chr4	46223017	46229708	+	turquoise
ERVLB4_4p12c	ERVL-B4-int	chr4	46792266	46798906	+	turquoise
ERVLB4_4p15.1a	ERVL-B4-int	chr4	30500725	30503027	+	turquoise
ERVLB4_4p15.1b	ERVL-B4-int	chr4	30506126	30509643	+	turquoise
ERVLB4_4p15.1d	ERVL-B4-int	chr4	32616956	32619575	+	turquoise
ERVLB4_4p15.1f	ERVL-B4-int	chr4	35316011	35318898	+	turquoise
ERVLB4_4p15.2a	ERVL-B4-int	chr4	26887864	26893109	-	turquoise
ERVLB4_4p15.2b	ERVL-B4-int	chr4	21639764	21643956	+	turquoise
ERVLB4_4p15.31a	ERVL-B4-int	chr4	18736693	18740074	-	turquoise
ERVLB4_4p15.31b	ERVL-B4-int	chr4	20159602	20163937	+	turquoise
ERVLB4_4p15.31c	ERVL-B4-int	chr4	20685971	20687717	-	turquoise
ERVLB4_4p15.32b	ERVL-B4-int	chr4	15746851	15748716	-	turquoise
ERVLB4_4p15.32c	ERVL-B4-int	chr4	16911175	16915656	+	turquoise
ERVLB4_4p15.33	ERVL-B4-int	chr4	14533509	14534980	-	turquoise
ERVLB4_4q12a	ERVL-B4-int	chr4	51921903	51926197	-	turquoise
ERVLB4_4q12c	ERVL-B4-int	chr4	51927522	51930053	-	turquoise
ERVLB4_4q12d	ERVL-B4-int	chr4	56255572	56260979	+	turquoise
ERVLB4_4q12e	ERVL-B4-int	chr4	58361092	58363712	+	turquoise
ERVLB4_4q13.1a	ERVL-B4-int	chr4	59281105	59283956	-	turquoise
ERVLB4_4q13.1b	ERVL-B4-int	chr4	59687797	59690342	+	turquoise
ERVLB4_4q13.1c	ERVL-B4-int	chr4	59903568	59905285	-	turquoise
ERVLB4_4q13.1f	ERVL-B4-int	chr4	63470839	63472808	+	turquoise
ERVLB4_4q13.1g	ERVL-B4-int	chr4	63649491	63651135	+	turquoise
ERVLB4_4q13.1h	ERVL-B4-int	chr4	63908927	63910693	-	turquoise
ERVLB4_4q13.1i	ERVL-B4-int	chr4	64070340	64073236	+	turquoise
ERVLB4_4q13.1j	ERVL-B4-int	chr4	64076695	64077895	+	turquoise
ERVLB4_4q13.1k	ERVL-B4-int	chr4	64588950	64591672	-	turquoise
ERVLB4_4q13.1l	ERVL-B4-int	chr4	65265189	65268152	+	turquoise
ERVLB4_4q13.2a	ERVL-B4-int	chr4	66620454	66627331	+	turquoise
ERVLB4_4q13.2b	ERVL-B4-int	chr4	68886736	68889248	-	turquoise
ERVLB4_4q13.3	ERVL-B4-int	chr4	70868693	70871040	-	turquoise
ERVLB4_4q21.1a	ERVL-B4-int	chr4	77428273	77433435	+	turquoise
ERVLB4_4q21.1b	ERVL-B4-int	chr4	77438932	77443854	+	turquoise
ERVLB4_4q21.23a	ERVL-B4-int	chr4	83514280	83517627	-	turquoise
ERVLB4_4q21.23b	ERVL-B4-int	chr4	83528777	83530913	+	turquoise
ERVLB4_4q22.1a	ERVL-B4-int	chr4	90115153	90117073	+	turquoise
ERVLB4_4q22.1b	ERVL-B4-int	chr4	91957036	91960969	+	turquoise
ERVLB4_4q22.1c	ERVL-B4-int	chr4	92141169	92142848	+	turquoise
ERVLB4_4q22.1d	ERVL-B4-int	chr4	92649155	92652370	-	turquoise
ERVLB4_4q22.3a	ERVL-B4-int	chr4	95714591	95720334	-	turquoise
ERVLB4_4q22.3b	ERVL-B4-int	chr4	96322381	96327915	+	turquoise
ERVLB4_4q22.3c	ERVL-B4-int	chr4	97814976	97816698	+	turquoise
ERVLB4_4q23b	ERVL-B4-int	chr4	99875673	99878359	+	turquoise
ERVLB4_4q24a	ERVL-B4-int	chr4	100320884	100323094	+	turquoise
ERVLB4_4q24b	ERVL-B4-int	chr4	100630498	100634574	-	turquoise
ERVLB4_4q24c	ERVL-B4-int	chr4	100641378	100642957	-	turquoise
ERVLB4_4q24d	ERVL-B4-int	chr4	101775473	101780214	-	turquoise
ERVLB4_4q24e	ERVL-B4-int	chr4	101780277	101783115	-	turquoise
ERVLB4_4q24f	ERVL-B4-int	chr4	103101908	103104683	+	turquoise
ERVLB4_4q24g	ERVL-B4-int	chr4	103270070	103278923	-	turquoise
ERVLB4_4q25a	ERVL-B4-int	chr4	109250330	109253637	-	turquoise
ERVLB4_4q25b	ERVL-B4-int	chr4	111170828	111178838	+	turquoise
ERVLB4_4q26c	ERVL-B4-int	chr4	114151942	114154704	+	turquoise
ERVLB4_4q26e	ERVL-B4-int	chr4	115892491	115899516	+	turquoise
ERVLB4_4q26f	ERVL-B4-int	chr4	115944217	115946541	+	turquoise
ERVLB4_4q26g	ERVL-B4-int	chr4	116214013	116216680	-	turquoise
ERVLB4_4q26h	ERVL-B4-int	chr4	116259026	116261972	+	turquoise
ERVLB4_4q26i	ERVL-B4-int	chr4	116389672	116391469	+	turquoise
ERVLB4_4q27	ERVL-B4-int	chr4	122528755	122535914	-	turquoise
ERVLB4_4q28.1a	ERVL-B4-int	chr4	123497415	123499444	-	turquoise
ERVLB4_4q28.1c	ERVL-B4-int	chr4	125940626	125943113	+	turquoise
ERVLB4_4q28.3a	ERVL-B4-int	chr4	130751139	130758463	+	turquoise
ERVLB4_4q28.3b	ERVL-B4-int	chr4	132518257	132522822	-	turquoise
ERVLB4_4q28.3c	ERVL-B4-int	chr4	134767916	134776241	-	turquoise
ERVLB4_4q28.3d	ERVL-B4-int	chr4	135266682	135269351	-	turquoise
ERVLB4_4q28.3e	ERVL-B4-int	chr4	135838958	135844190	+	turquoise
ERVLB4_4q28.3f	ERVL-B4-int	chr4	136301269	136307253	-	turquoise
ERVLB4_4q28.3g	ERVL-B4-int	chr4	136308959	136313328	+	turquoise
ERVLB4_4q28.3h	ERVL-B4-int	chr4	136483330	136485615	-	turquoise
ERVLB4_4q28.3i	ERVL-B4-int	chr4	138037565	138044529	-	turquoise
ERVLB4_4q31.21a	ERVL-B4-int	chr4	141493932	141498355	+	turquoise
ERVLB4_4q31.22	ERVL-B4-int	chr4	146145009	146148190	+	turquoise
ERVLB4_4q31.23	ERVL-B4-int	chr4	149020375	149026145	+	turquoise
ERVLB4_4q31.3a	ERVL-B4-int	chr4	150769363	150772922	-	turquoise
ERVLB4_4q31.3b	ERVL-B4-int	chr4	150772965	150775324	-	turquoise
ERVLB4_4q32.1a	ERVL-B4-int	chr4	155273422	155276460	+	turquoise
ERVLB4_4q32.1b	ERVL-B4-int	chr4	155741208	155745176	-	turquoise
ERVLB4_4q32.1c	ERVL-B4-int	chr4	159406407	159408120	+	turquoise
ERVLB4_4q32.1d	ERVL-B4-int	chr4	160315126	160320164	-	turquoise
ERVLB4_4q32.2	ERVL-B4-int	chr4	161419738	161422043	+	turquoise
ERVLB4_4q32.3a	ERVL-B4-int	chr4	166434101	166436782	+	turquoise
ERVLB4_4q32.3b	ERVL-B4-int	chr4	166629710	166631888	+	turquoise
ERVLB4_4q32.3c	ERVL-B4-int	chr4	168434326	168439585	+	turquoise
ERVLB4_4q33	ERVL-B4-int	chr4	169302746	169303952	-	turquoise
ERVLB4_4q34.1	ERVL-B4-int	chr4	171667200	171668427	+	turquoise
ERVLB4_4q34.3a	ERVL-B4-int	chr4	177761793	177765044	-	turquoise
ERVLB4_4q34.3b	ERVL-B4-int	chr4	177922457	177923507	-	turquoise
ERVLB4_4q34.3d	ERVL-B4-int	chr4	179324461	179326260	-	turquoise
ERVLB4_4q34.3e	ERVL-B4-int	chr4	179390098	179392471	-	turquoise
ERVLB4_4q34.3f	ERVL-B4-int	chr4	179485015	179489609	-	turquoise
ERVLB4_4q35.2a	ERVL-B4-int	chr4	187761091	187765125	-	turquoise
ERVLB4_4q35.2b	ERVL-B4-int	chr4	188573146	188575550	+	turquoise
ERVLB4_5p12	ERVL-B4-int	chr5	43982348	43987405	-	turquoise
ERVLB4_5p13.1	ERVL-B4-int	chr5	40363095	40366597	+	turquoise
ERVLB4_5p13.2	ERVL-B4-int	chr5	35972144	35976364	+	turquoise
ERVLB4_5p13.3a	ERVL-B4-int	chr5	28985893	28987823	-	turquoise
ERVLB4_5p13.3b	ERVL-B4-int	chr5	29077290	29082742	-	turquoise
ERVLB4_5p13.3c	ERVL-B4-int	chr5	32512637	32514294	+	turquoise
ERVLB4_5p13.3d	ERVL-B4-int	chr5	30205509	30208588	+	turquoise
ERVLB4_5p14.1a	ERVL-B4-int	chr5	24802991	24806045	+	turquoise
ERVLB4_5p14.1b	ERVL-B4-int	chr5	25264597	25265272	+	turquoise
ERVLB4_5p14.1d	ERVL-B4-int	chr5	27308045	27311243	+	turquoise
ERVLB4_5p14.1f	ERVL-B4-int	chr5	28169887	28173178	-	turquoise
ERVLB4_5p14.1h	ERVL-B4-int	chr5	28591890	28594425	+	turquoise
ERVLB4_5p14.1i	ERVL-B4-int	chr5	28847810	28851374	+	turquoise
ERVLB4_5p14.2a	ERVL-B4-int	chr5	24018181	24020095	-	turquoise
ERVLB4_5p14.2c	ERVL-B4-int	chr5	24082608	24084077	+	turquoise
ERVLB4_5p14.3a	ERVL-B4-int	chr5	18576469	18581943	-	turquoise
ERVLB4_5p14.3b	ERVL-B4-int	chr5	20674777	20677546	-	turquoise
ERVLB4_5p14.3c	ERVL-B4-int	chr5	22063622	22070684	+	turquoise
ERVLB4_5p14.3d	ERVL-B4-int	chr5	22526289	22529721	-	turquoise
ERVLB4_5p14.3e	ERVL-B4-int	chr5	23100254	23103203	-	turquoise
ERVLB4_5p14.3f	ERVL-B4-int	chr5	23225024	23227740	+	turquoise
ERVLB4_5p15.1	ERVL-B4-int	chr5	18351093	18354624	+	turquoise
ERVLB4_5p15.2a	ERVL-B4-int	chr5	13232104	13232861	-	turquoise
ERVLB4_5p15.2b	ERVL-B4-int	chr5	14660212	14663052	-	turquoise
ERVLB4_5p15.31	ERVL-B4-int	chr5	8662542	8668668	+	turquoise
ERVLB4_5p15.33a	ERVL-B4-int	chr5	1860328	1865142	-	turquoise
ERVLB4_5p15.33b	ERVL-B4-int	chr5	3294398	3295969	+	turquoise
ERVLB4_5q11.2a	ERVL-B4-int	chr5	52962628	52964561	-	turquoise
ERVLB4_5q11.2b	ERVL-B4-int	chr5	56234749	56238003	+	turquoise
ERVLB4_5q12.1a	ERVL-B4-int	chr5	61712675	61717214	-	turquoise
ERVLB4_5q12.1b	ERVL-B4-int	chr5	61771921	61773528	-	turquoise
ERVLB4_5q12.1c	ERVL-B4-int	chr5	61962801	61965211	+	turquoise
ERVLB4_5q12.2b	ERVL-B4-int	chr5	63648391	63649301	-	turquoise
ERVLB4_5q12.3a	ERVL-B4-int	chr5	64377489	64381250	-	turquoise
ERVLB4_5q12.3b	ERVL-B4-int	chr5	66505357	66507400	-	turquoise
ERVLB4_5q13.1	ERVL-B4-int	chr5	67579646	67581628	+	turquoise
ERVLB4_5q13.2	ERVL-B4-int	chr5	73481793	73488217	-	turquoise
ERVLB4_5q14.3a	ERVL-B4-int	chr5	83623959	83626511	+	turquoise
ERVLB4_5q14.3b	ERVL-B4-int	chr5	83918855	83920467	+	turquoise
ERVLB4_5q14.3d	ERVL-B4-int	chr5	87419106	87422676	-	turquoise
ERVLB4_5q14.3e	ERVL-B4-int	chr5	89104385	89106374	-	turquoise
ERVLB4_5q14.3f	ERVL-B4-int	chr5	92163047	92165164	-	turquoise
ERVLB4_5q21.1	ERVL-B4-int	chr5	101073618	101078991	+	turquoise
ERVLB4_5q21.2	ERVL-B4-int	chr5	104892563	104895292	-	turquoise
ERVLB4_5q21.3b	ERVL-B4-int	chr5	109581737	109585071	-	turquoise
ERVLB4_5q23.1	ERVL-B4-int	chr5	116353049	116354521	+	turquoise
ERVLB4_5q23.2a	ERVL-B4-int	chr5	122865124	122868901	-	turquoise
ERVLB4_5q23.2b	ERVL-B4-int	chr5	124063528	124069473	-	turquoise
ERVLB4_5q23.2c	ERVL-B4-int	chr5	125674136	125680595	+	turquoise
ERVLB4_5q23.2d	ERVL-B4-int	chr5	126500832	126502841	-	turquoise
ERVLB4_5q23.3	ERVL-B4-int	chr5	129738869	129743898	-	turquoise
ERVLB4_5q31.1	ERVL-B4-int	chr5	131812471	131817329	+	turquoise
ERVLB4_5q34a	ERVL-B4-int	chr5	162047458	162048316	-	turquoise
ERVLB4_5q34b	ERVL-B4-int	chr5	163492467	163497378	-	turquoise
ERVLB4_5q34d	ERVL-B4-int	chr5	165240383	165243009	-	turquoise
ERVLB4_5q35.3b	ERVL-B4-int	chr5	179006598	179007490	-	turquoise
ERVLB4_5q35.3c	ERVL-B4-int	chr5	180911856	180913898	+	turquoise
ERVLB4_6p21.33b	ERVL-B4-int	chr6	31320444	31321942	-	turquoise
ERVLB4_6p22.3a	ERVL-B4-int	chr6	17340186	17342723	+	turquoise
ERVLB4_6p22.3b	ERVL-B4-int	chr6	23739284	23743638	-	turquoise
ERVLB4_6p23	ERVL-B4-int	chr6	14432680	14438711	+	turquoise
ERVLB4_6p24.3	ERVL-B4-int	chr6	9274937	9276216	-	turquoise
ERVLB4_6p25.3	ERVL-B4-int	chr6	2163367	2165636	-	turquoise
ERVLB4_6q12a	ERVL-B4-int	chr6	65273291	65278445	+	turquoise
ERVLB4_6q12b	ERVL-B4-int	chr6	65523829	65525451	-	turquoise
ERVLB4_6q12c	ERVL-B4-int	chr6	66289303	66291088	-	turquoise
ERVLB4_6q12d	ERVL-B4-int	chr6	67745373	67749048	+	turquoise
ERVLB4_6q14.1a	ERVL-B4-int	chr6	75513977	75515819	-	turquoise
ERVLB4_6q14.1b	ERVL-B4-int	chr6	75515857	75521230	-	turquoise
ERVLB4_6q14.1c	ERVL-B4-int	chr6	77364124	77365171	+	turquoise
ERVLB4_6q14.1d	ERVL-B4-int	chr6	82859393	82863077	+	turquoise
ERVLB4_6q14.1e	ERVL-B4-int	chr6	83024412	83025187	-	turquoise
ERVLB4_6q14.2	ERVL-B4-int	chr6	83401633	83403265	+	turquoise
ERVLB4_6q14.3	ERVL-B4-int	chr6	86205907	86209148	-	turquoise
ERVLB4_6q15a	ERVL-B4-int	chr6	88746280	88747312	+	turquoise
ERVLB4_6q15b	ERVL-B4-int	chr6	90337021	90338480	+	turquoise
ERVLB4_6q15c	ERVL-B4-int	chr6	92263279	92263885	+	turquoise
ERVLB4_6q16.1b	ERVL-B4-int	chr6	94097072	94101655	+	turquoise
ERVLB4_6q16.1c	ERVL-B4-int	chr6	96701112	96705067	+	turquoise
ERVLB4_6q16.1d	ERVL-B4-int	chr6	98857266	98859501	-	turquoise
ERVLB4_6q21a	ERVL-B4-int	chr6	105655131	105657166	+	turquoise
ERVLB4_6q21b	ERVL-B4-int	chr6	106965887	106968539	+	turquoise
ERVLB4_6q21c	ERVL-B4-int	chr6	109685861	109688604	+	turquoise
ERVLB4_6q22.31a	ERVL-B4-int	chr6	118305026	118306363	-	turquoise
ERVLB4_6q22.31b	ERVL-B4-int	chr6	119710088	119715861	-	turquoise
ERVLB4_6q22.31c	ERVL-B4-int	chr6	122647057	122652643	-	turquoise
ERVLB4_6q23.2a	ERVL-B4-int	chr6	132478457	132480921	+	turquoise
ERVLB4_6q23.2b	ERVL-B4-int	chr6	133627971	133630255	+	turquoise
ERVLB4_6q23.2c	ERVL-B4-int	chr6	134186061	134188500	-	turquoise
ERVLB4_6q23.3	ERVL-B4-int	chr6	137118356	137120905	-	turquoise
ERVLB4_6q24.1a	ERVL-B4-int	chr6	140497069	140498418	-	turquoise
ERVLB4_6q24.1b	ERVL-B4-int	chr6	140833078	140835208	+	turquoise
ERVLB4_6q24.1c	ERVL-B4-int	chr6	142193649	142194212	+	turquoise
ERVLB4_6q25.1	ERVL-B4-int	chr6	150328053	150334582	-	turquoise
ERVLB4_6q25.2	ERVL-B4-int	chr6	154560951	154568180	+	turquoise
ERVLB4_6q27a	ERVL-B4-int	chr6	164463625	164465971	-	turquoise
ERVLB4_6q27b	ERVL-B4-int	chr6	164873923	164879776	+	turquoise
ERVLB4_6q27c	ERVL-B4-int	chr6	165583523	165585503	+	turquoise
ERVLB4_6q27d	ERVL-B4-int	chr6	168400842	168407700	-	turquoise
ERVLB4_6q27e	ERVL-B4-int	chr6	169953280	169954998	+	turquoise
ERVLB4_7p12.1b	ERVL-B4-int	chr7	52300734	52304110	+	turquoise
ERVLB4_7p12.1c	ERVL-B4-int	chr7	52311084	52313173	-	turquoise
ERVLB4_7p12.1d	ERVL-B4-int	chr7	52873266	52876152	-	turquoise
ERVLB4_7p12.1e	ERVL-B4-int	chr7	53184635	53185645	-	turquoise
ERVLB4_7p12.2	ERVL-B4-int	chr7	49993606	49999898	-	turquoise
ERVLB4_7p12.3a	ERVL-B4-int	chr7	45468677	45471314	+	turquoise
ERVLB4_7p12.3c	ERVL-B4-int	chr7	45894628	45897723	-	turquoise
ERVLB4_7p12.3d	ERVL-B4-int	chr7	46653888	46660477	-	turquoise
ERVLB4_7p12.3e	ERVL-B4-int	chr7	48167972	48170161	+	turquoise
ERVLB4_7p12.3f	ERVL-B4-int	chr7	48720573	48721555	+	turquoise
ERVLB4_7p13	ERVL-B4-int	chr7	45253743	45256732	-	turquoise
ERVLB4_7p14.1	ERVL-B4-int	chr7	37430998	37432319	+	turquoise
ERVLB4_7p21.1a	ERVL-B4-int	chr7	19018904	19023669	-	turquoise
ERVLB4_7p21.1b	ERVL-B4-int	chr7	19861218	19863296	-	turquoise
ERVLB4_7p21.2a	ERVL-B4-int	chr7	14793726	14800261	+	turquoise
ERVLB4_7p21.3b	ERVL-B4-int	chr7	10029908	10035972	-	turquoise
ERVLB4_7p21.3c	ERVL-B4-int	chr7	12145322	12149095	-	turquoise
ERVLB4_7p21.3d	ERVL-B4-int	chr7	13626871	13628906	-	turquoise
ERVLB4_7p22.1	ERVL-B4-int	chr7	6070143	6073177	-	turquoise
ERVLB4_7q11.22a	ERVL-B4-int	chr7	68271503	68275258	+	turquoise
ERVLB4_7q21.11a	ERVL-B4-int	chr7	79476360	79479247	+	turquoise
ERVLB4_7q21.11c	ERVL-B4-int	chr7	80331030	80334423	+	turquoise
ERVLB4_7q21.11d	ERVL-B4-int	chr7	80566619	80567650	-	turquoise
ERVLB4_7q21.13a	ERVL-B4-int	chr7	89732877	89735280	-	turquoise
ERVLB4_7q21.13b	ERVL-B4-int	chr7	89959647	89961245	-	turquoise
ERVLB4_7q21.13c	ERVL-B4-int	chr7	89961308	89964030	-	turquoise
ERVLB4_7q21.13d	ERVL-B4-int	chr7	91414182	91415378	+	turquoise
ERVLB4_7q21.3a	ERVL-B4-int	chr7	94583560	94585015	+	turquoise
ERVLB4_7q21.3b	ERVL-B4-int	chr7	97930076	97930678	+	turquoise
ERVLB4_7q22.1a	ERVL-B4-int	chr7	99553455	99556265	-	turquoise
ERVLB4_7q22.1b	ERVL-B4-int	chr7	102982042	102984570	-	turquoise
ERVLB4_7q22.3	ERVL-B4-int	chr7	106815882	106826270	+	turquoise
ERVLB4_7q31.1a	ERVL-B4-int	chr7	109742617	109748590	-	turquoise
ERVLB4_7q31.1b	ERVL-B4-int	chr7	110082325	110084634	+	turquoise
ERVLB4_7q31.1c	ERVL-B4-int	chr7	111310664	111312842	-	turquoise
ERVLB4_7q31.31a	ERVL-B4-int	chr7	119320943	119321665	-	turquoise
ERVLB4_7q31.31b	ERVL-B4-int	chr7	119364769	119365786	-	turquoise
ERVLB4_7q31.31c	ERVL-B4-int	chr7	119596561	119597181	+	turquoise
ERVLB4_7q31.31d	ERVL-B4-int	chr7	120765254	120768455	+	turquoise
ERVLB4_7q31.32	ERVL-B4-int	chr7	124019633	124023158	+	turquoise
ERVLB4_7q31.33a	ERVL-B4-int	chr7	125706466	125708625	+	turquoise
ERVLB4_7q34b	ERVL-B4-int	chr7	140938765	140941905	+	turquoise
ERVLB4_7q34c	ERVL-B4-int	chr7	142741189	142742810	+	turquoise
ERVLB4_7q36.1a	ERVL-B4-int	chr7	150458095	150461120	-	turquoise
ERVLB4_7q36.3a	ERVL-B4-int	chr7	156819636	156821920	+	turquoise
ERVLB4_8p11.22a	ERVL-B4-int	chr8	39057485	39064595	-	turquoise
ERVLB4_8p11.23a	ERVL-B4-int	chr8	37116437	37118585	+	turquoise
ERVLB4_8p11.23b	ERVL-B4-int	chr8	38223631	38227277	-	turquoise
ERVLB4_8p12a	ERVL-B4-int	chr8	29566955	29568758	-	turquoise
ERVLB4_8p12b	ERVL-B4-int	chr8	30057374	30061491	-	turquoise
ERVLB4_8p12d	ERVL-B4-int	chr8	30940169	30943949	-	turquoise
ERVLB4_8p12e	ERVL-B4-int	chr8	31279409	31281873	-	turquoise
ERVLB4_8p12f	ERVL-B4-int	chr8	36107914	36114088	-	turquoise
ERVLB4_8p21.1a	ERVL-B4-int	chr8	27660888	27662351	-	turquoise
ERVLB4_8p21.1b	ERVL-B4-int	chr8	27662386	27664144	-	turquoise
ERVLB4_8p21.1c	ERVL-B4-int	chr8	28673249	28676426	+	turquoise
ERVLB4_8p21.2	ERVL-B4-int	chr8	25122545	25124527	+	turquoise
ERVLB4_8p21.3a	ERVL-B4-int	chr8	23034222	23038768	+	turquoise
ERVLB4_8p22	ERVL-B4-int	chr8	13956594	13961238	+	turquoise
ERVLB4_8p23.1j	ERVL-B4-int	chr8	9544115	9548175	-	turquoise
ERVLB4_8p23.2a	ERVL-B4-int	chr8	5264725	5265925	-	turquoise
ERVLB4_8p23.2c	ERVL-B4-int	chr8	6214345	6220001	+	turquoise
ERVLB4_8q11.21b	ERVL-B4-int	chr8	49238145	49239905	+	turquoise
ERVLB4_8q11.21c	ERVL-B4-int	chr8	49779479	49781804	+	turquoise
ERVLB4_8q11.21d	ERVL-B4-int	chr8	49785007	49790509	+	turquoise
ERVLB4_8q11.21f	ERVL-B4-int	chr8	50382735	50388876	-	turquoise
ERVLB4_8q12.1a	ERVL-B4-int	chr8	56140391	56143961	-	turquoise
ERVLB4_8q12.1b	ERVL-B4-int	chr8	57973730	57975914	-	turquoise
ERVLB4_8q12.3a	ERVL-B4-int	chr8	61817711	61825012	-	turquoise
ERVLB4_8q12.3b	ERVL-B4-int	chr8	62128334	62129013	-	turquoise
ERVLB4_8q12.3c	ERVL-B4-int	chr8	64898313	64903051	+	turquoise
ERVLB4_8q13.2	ERVL-B4-int	chr8	67693824	67696110	+	turquoise
ERVLB4_8q13.3	ERVL-B4-int	chr8	70415974	70418441	-	turquoise
ERVLB4_8q21.11a	ERVL-B4-int	chr8	72314397	72316534	+	turquoise
ERVLB4_8q21.11b	ERVL-B4-int	chr8	74378555	74380154	+	turquoise
ERVLB4_8q21.13a	ERVL-B4-int	chr8	76878756	76880723	-	turquoise
ERVLB4_8q21.13b	ERVL-B4-int	chr8	77819272	77824831	-	turquoise
ERVLB4_8q21.13c	ERVL-B4-int	chr8	78937023	78941378	-	turquoise
ERVLB4_8q21.13d	ERVL-B4-int	chr8	78941451	78945827	-	turquoise
ERVLB4_8q21.13e	ERVL-B4-int	chr8	79246158	79251002	+	turquoise
ERVLB4_8q21.3a	ERVL-B4-int	chr8	86773205	86774748	+	turquoise
ERVLB4_8q21.3b	ERVL-B4-int	chr8	88555939	88562496	+	turquoise
ERVLB4_8q21.3c	ERVL-B4-int	chr8	88828809	88830294	-	turquoise
ERVLB4_8q22.1	ERVL-B4-int	chr8	92905675	92906321	+	turquoise
ERVLB4_8q22.3	ERVL-B4-int	chr8	102165076	102166670	-	turquoise
ERVLB4_8q23.1a	ERVL-B4-int	chr8	106401052	106405396	-	turquoise
ERVLB4_8q23.1b	ERVL-B4-int	chr8	107858481	107860278	+	turquoise
ERVLB4_8q23.1d	ERVL-B4-int	chr8	109174130	109176547	-	turquoise
ERVLB4_8q23.1e	ERVL-B4-int	chr8	109466977	109469251	-	turquoise
ERVLB4_8q23.3a	ERVL-B4-int	chr8	111159459	111164342	+	turquoise
ERVLB4_8q23.3b	ERVL-B4-int	chr8	113492842	113497453	+	turquoise
ERVLB4_8q23.3c	ERVL-B4-int	chr8	114194712	114197771	-	turquoise
ERVLB4_8q23.3d	ERVL-B4-int	chr8	115069248	115071092	+	turquoise
ERVLB4_8q24.13b	ERVL-B4-int	chr8	126033341	126036390	-	turquoise
ERVLB4_8q24.21	ERVL-B4-int	chr8	129230956	129231613	+	turquoise
ERVLB4_8q24.3a	ERVL-B4-int	chr8	139124441	139129844	-	turquoise
ERVLB4_8q24.3b	ERVL-B4-int	chr8	142867430	142870424	-	turquoise
ERVLB4_8q24.3c	ERVL-B4-int	chr8	142899525	142903605	+	turquoise
ERVLB4_9p12	ERVL-B4-int	chr9	39706606	39714266	+	turquoise
ERVLB4_9p13.3	ERVL-B4-int	chr9	33740523	33743641	-	turquoise
ERVLB4_9p21.1a	ERVL-B4-int	chr9	29511499	29513889	+	turquoise
ERVLB4_9p21.1b	ERVL-B4-int	chr9	30298873	30307700	+	turquoise
ERVLB4_9p21.3a	ERVL-B4-int	chr9	22321644	22323283	+	turquoise
ERVLB4_9p21.3b	ERVL-B4-int	chr9	22889379	22892497	+	turquoise
ERVLB4_9p21.3c	ERVL-B4-int	chr9	24445476	24449212	-	turquoise
ERVLB4_9p22.2	ERVL-B4-int	chr9	17508846	17510797	+	turquoise
ERVLB4_9p23a	ERVL-B4-int	chr9	9834296	9836533	+	turquoise
ERVLB4_9p23b	ERVL-B4-int	chr9	11329386	11331879	-	turquoise
ERVLB4_9p23d	ERVL-B4-int	chr9	12853795	12854637	+	turquoise
ERVLB4_9p24.1a	ERVL-B4-int	chr9	6145050	6150850	-	turquoise
ERVLB4_9q12	ERVL-B4-int	chr9	60756914	60764572	-	turquoise
ERVLB4_9q13b	ERVL-B4-int	chr9	62628151	62635811	-	turquoise
ERVLB4_9q21.11a	ERVL-B4-int	chr9	66662669	66670329	-	turquoise
ERVLB4_9q21.13	ERVL-B4-int	chr9	73963797	73968794	+	turquoise
ERVLB4_9q21.2	ERVL-B4-int	chr9	78386614	78389054	+	turquoise
ERVLB4_9q21.33a	ERVL-B4-int	chr9	84643747	84648345	-	turquoise
ERVLB4_9q21.33b	ERVL-B4-int	chr9	85379819	85381531	-	turquoise
ERVLB4_9q22.31a	ERVL-B4-int	chr9	91466094	91467179	+	turquoise
ERVLB4_9q22.31b	ERVL-B4-int	chr9	91547146	91551285	-	turquoise
ERVLB4_9q22.31c	ERVL-B4-int	chr9	91985419	91988334	+	turquoise
ERVLB4_9q22.31d	ERVL-B4-int	chr9	92779111	92783192	+	turquoise
ERVLB4_9q22.31e	ERVL-B4-int	chr9	93368047	93370458	-	turquoise
ERVLB4_9q22.33a	ERVL-B4-int	chr9	96659041	96662654	-	turquoise
ERVLB4_9q22.33b	ERVL-B4-int	chr9	96895025	96897095	+	turquoise
ERVLB4_9q22.33d	ERVL-B4-int	chr9	97300261	97303836	-	turquoise
ERVLB4_9q22.33e	ERVL-B4-int	chr9	97524460	97526188	-	turquoise
ERVLB4_9q31.2	ERVL-B4-int	chr9	105701226	105701932	-	turquoise
ERVLB4_9q31.3	ERVL-B4-int	chr9	111949200	111952521	+	turquoise
ERVLB4_9q33.1a	ERVL-B4-int	chr9	115676479	115680571	+	turquoise
ERVLB4_9q33.1b	ERVL-B4-int	chr9	118831513	118833759	+	turquoise
ERVLB4_9q33.3a	ERVL-B4-int	chr9	124430352	124434712	-	turquoise
ERVLB4_9q33.3b	ERVL-B4-int	chr9	126567532	126573829	-	turquoise
ERVLB4_9q34.11	ERVL-B4-int	chr9	129766904	129771287	-	turquoise
ERVLB4_Xp11.21a	ERVL-B4-int	chrX	55741699	55747805	-	turquoise
ERVLB4_Xp11.22a	ERVL-B4-int	chrX	51343188	51346825	-	turquoise
ERVLB4_Xp11.22c	ERVL-B4-int	chrX	51448586	51450600	+	turquoise
ERVLB4_Xp11.22d	ERVL-B4-int	chrX	52096432	52100050	-	turquoise
ERVLB4_Xp11.22e	ERVL-B4-int	chrX	52328985	52331570	-	turquoise
ERVLB4_Xp11.22f	ERVL-B4-int	chrX	53869194	53872392	+	turquoise
ERVLB4_Xp11.23a	ERVL-B4-int	chrX	47890415	47893045	-	turquoise
ERVLB4_Xp11.23b	ERVL-B4-int	chrX	48756178	48759374	+	turquoise
ERVLB4_Xp11.3a	ERVL-B4-int	chrX	43353633	43356134	-	turquoise
ERVLB4_Xp11.3b	ERVL-B4-int	chrX	46431469	46432720	+	turquoise
ERVLB4_Xp11.3c	ERVL-B4-int	chrX	47395350	47401317	-	turquoise
ERVLB4_Xp11.4	ERVL-B4-int	chrX	40436551	40439492	+	turquoise
ERVLB4_Xp21.1a	ERVL-B4-int	chrX	34013575	34015193	-	turquoise
ERVLB4_Xp21.1b	ERVL-B4-int	chrX	34073764	34077741	+	turquoise
ERVLB4_Xp21.1c	ERVL-B4-int	chrX	35749571	35751602	-	turquoise
ERVLB4_Xp21.1d	ERVL-B4-int	chrX	37461988	37465035	-	turquoise
ERVLB4_Xp21.1e	ERVL-B4-int	chrX	37475533	37478048	-	turquoise
ERVLB4_Xq11.1a	ERVL-B4-int	chrX	62847728	62853750	+	turquoise
ERVLB4_Xq11.1b	ERVL-B4-int	chrX	63322035	63327271	+	turquoise
ERVLB4_Xq11.2	ERVL-B4-int	chrX	64213387	64218966	-	turquoise
ERVLB4_Xq12a	ERVL-B4-int	chrX	65418398	65422525	+	turquoise
ERVLB4_Xq12b	ERVL-B4-int	chrX	65431024	65435944	-	turquoise
ERVLB4_Xq12c	ERVL-B4-int	chrX	67806406	67808426	-	turquoise
ERVLB4_Xq13.1	ERVL-B4-int	chrX	71892125	71894699	-	turquoise
ERVLB4_Xq13.2a	ERVL-B4-int	chrX	74366048	74369045	-	turquoise
ERVLB4_Xq13.2b	ERVL-B4-int	chrX	74678921	74684880	+	turquoise
ERVLB4_Xq13.3	ERVL-B4-int	chrX	75444803	75449296	+	turquoise
ERVLB4_Xq21.1a	ERVL-B4-int	chrX	78526210	78531215	+	turquoise
ERVLB4_Xq21.1b	ERVL-B4-int	chrX	78990806	78996168	-	turquoise
ERVLB4_Xq21.1c	ERVL-B4-int	chrX	79049695	79054423	-	turquoise
ERVLB4_Xq21.1d	ERVL-B4-int	chrX	80169816	80170920	-	turquoise
ERVLB4_Xq21.1e	ERVL-B4-int	chrX	81889968	81891796	+	turquoise
ERVLB4_Xq21.1f	ERVL-B4-int	chrX	82014932	82021868	+	turquoise
ERVLB4_Xq21.1h	ERVL-B4-int	chrX	82785952	82787452	+	turquoise
ERVLB4_Xq21.1i	ERVL-B4-int	chrX	83905174	83906548	-	turquoise
ERVLB4_Xq21.1j	ERVL-B4-int	chrX	82796020	82802515	+	turquoise
ERVLB4_Xq21.2	ERVL-B4-int	chrX	86861009	86867126	+	turquoise
ERVLB4_Xq21.31b	ERVL-B4-int	chrX	87996663	87999924	+	turquoise
ERVLB4_Xq21.31c	ERVL-B4-int	chrX	88216128	88225984	+	turquoise
ERVLB4_Xq21.31f	ERVL-B4-int	chrX	89550111	89554105	+	turquoise
ERVLB4_Xq21.31g	ERVL-B4-int	chrX	89777981	89779509	+	turquoise
ERVLB4_Xq21.31h	ERVL-B4-int	chrX	89801570	89803504	-	turquoise
ERVLB4_Xq21.31k	ERVL-B4-int	chrX	90378077	90382023	-	turquoise
ERVLB4_Xq21.31l	ERVL-B4-int	chrX	90478285	90480762	-	turquoise
ERVLB4_Xq21.31m	ERVL-B4-int	chrX	91379339	91380789	+	turquoise
ERVLB4_Xq21.32	ERVL-B4-int	chrX	93254222	93256312	-	turquoise
ERVLB4_Xq21.33b	ERVL-B4-int	chrX	94413885	94416118	-	turquoise
ERVLB4_Xq21.33c	ERVL-B4-int	chrX	94445090	94449049	+	turquoise
ERVLB4_Xq21.33d	ERVL-B4-int	chrX	94890069	94892405	-	turquoise
ERVLB4_Xq21.33e	ERVL-B4-int	chrX	95549905	95552927	-	turquoise
ERVLB4_Xq21.33f	ERVL-B4-int	chrX	96496913	96501147	+	turquoise
ERVLB4_Xq22.1a	ERVL-B4-int	chrX	99124852	99130756	+	turquoise
ERVLB4_Xq22.1b	ERVL-B4-int	chrX	99419396	99420238	-	turquoise
ERVLB4_Xq22.1c	ERVL-B4-int	chrX	99435183	99436633	-	turquoise
ERVLB4_Xq22.1e	ERVL-B4-int	chrX	100761449	100763731	-	turquoise
ERVLB4_Xq22.1f	ERVL-B4-int	chrX	101512701	101515967	-	turquoise
ERVLB4_Xq22.1h	ERVL-B4-int	chrX	102821848	102822901	+	turquoise
ERVLB4_Xq22.1i	ERVL-B4-int	chrX	103149529	103150268	+	turquoise
ERVLB4_Xq22.3	ERVL-B4-int	chrX	106227045	106228639	-	turquoise
ERVLB4_Xq23b	ERVL-B4-int	chrX	111981035	111988030	-	turquoise
ERVLB4_Xq23d	ERVL-B4-int	chrX	116757340	116759031	+	turquoise
ERVLB4_Xq23e	ERVL-B4-int	chrX	116761589	116762280	+	turquoise
ERVLB4_Xq25a	ERVL-B4-int	chrX	127285483	127291163	-	turquoise
ERVLB4_Xq26.2a	ERVL-B4-int	chrX	131906090	131909121	-	turquoise
ERVLB4_Xq26.2b	ERVL-B4-int	chrX	132294833	132297183	-	turquoise
ERVLB4_Xq26.3a	ERVL-B4-int	chrX	135340709	135342184	+	turquoise
ERVLB4_Xq26.3c	ERVL-B4-int	chrX	135615673	135620339	-	turquoise
ERVLB4_Xq26.3d	ERVL-B4-int	chrX	135636182	135637355	+	turquoise
ERVLB4_Xq26.3e	ERVL-B4-int	chrX	135668676	135673348	+	turquoise
ERVLB4_Xq26.3f	ERVL-B4-int	chrX	135704187	135705363	-	turquoise
ERVLB4_Xq26.3w	ERVL-B4-int	chrX	135876172	135878093	+	turquoise
ERVLB4_Xq26.3x	ERVL-B4-int	chrX	135913134	135918031	-	turquoise
ERVLB4_Xq26.3y	ERVL-B4-int	chrX	136821347	136826832	+	turquoise
ERVLB4_Xq27.2a	ERVL-B4-int	chrX	142728473	142733922	+	turquoise
ERVLB4_Xq27.2b	ERVL-B4-int	chrX	142780739	142783507	+	turquoise
ERVLB4_Xq27.2c	ERVL-B4-int	chrX	142879881	142883099	+	turquoise
ERVLB4_Xq27.3a	ERVL-B4-int	chrX	144173835	144175503	-	turquoise
ERVLB4_Xq27.3b	ERVL-B4-int	chrX	144973629	144975709	+	turquoise
ERVLB4_Xq27.3d	ERVL-B4-int	chrX	147054223	147057766	-	turquoise
ERVLB4_Xq28b	ERVL-B4-int	chrX	154854156	154859238	+	turquoise
ERVLB4_Yp11.2b	ERVL-B4-int	chrY	3208737	3211113	-	turquoise
ERVLB4_Yp11.2h	ERVL-B4-int	chrY	4056017	4058487	-	turquoise
ERVLB4_Yp11.2i	ERVL-B4-int	chrY	4064594	4068257	-	turquoise
ERVLB4_Yq11.221a	ERVL-B4-int	chrY	13049694	13055241	+	turquoise
ERVLE_10p11.21	ERVL-E-int	chr10	37784211	37786335	+	turquoise
ERVLE_10p11.22a	ERVL-E-int	chr10	31739581	31744654	+	turquoise
ERVLE_10p11.22b	ERVL-E-int	chr10	32751007	32752580	-	turquoise
ERVLE_10p11.22c	ERVL-E-int	chr10	33752412	33758000	-	turquoise
ERVLE_10p11.23	ERVL-E-int	chr10	30793645	30797432	+	turquoise
ERVLE_10p12.1a	ERVL-E-int	chr10	28005750	28007544	+	turquoise
ERVLE_10p12.1c	ERVL-E-int	chr10	28427138	28429462	+	turquoise
ERVLE_10p13a	ERVL-E-int	chr10	12893390	12895593	-	turquoise
ERVLE_10p13b	ERVL-E-int	chr10	13003971	13007597	-	turquoise
ERVLE_10p14b	ERVL-E-int	chr10	9314231	9316202	-	turquoise
ERVLE_10p14c	ERVL-E-int	chr10	9376793	9378935	-	turquoise
ERVLE_10p14d	ERVL-E-int	chr10	9694501	9697061	-	turquoise
ERVLE_10p14e	ERVL-E-int	chr10	9812618	9814609	-	turquoise
ERVLE_10p14f	ERVL-E-int	chr10	10118351	10122792	+	turquoise
ERVLE_10p14g	ERVL-E-int	chr10	10327633	10328495	-	turquoise
ERVLE_10p14h	ERVL-E-int	chr10	10387877	10391051	-	turquoise
ERVLE_10p14i	ERVL-E-int	chr10	10444760	10446557	+	turquoise
ERVLE_10p15.1a	ERVL-E-int	chr10	4244510	4246232	-	turquoise
ERVLE_10p15.1b	ERVL-E-int	chr10	4521869	4525470	+	turquoise
ERVLE_10p15.1c	ERVL-E-int	chr10	4692733	4695068	-	turquoise
ERVLE_10p15.1d	ERVL-E-int	chr10	5438991	5440667	-	turquoise
ERVLE_10p15.1e	ERVL-E-int	chr10	5669708	5672616	+	turquoise
ERVLE_10p15.2	ERVL-E-int	chr10	3696574	3699071	-	turquoise
ERVLE_10q11.22b	ERVL-E-int	chr10	46952098	46952980	-	turquoise
ERVLE_10q11.22d	ERVL-E-int	chr10	48098835	48099717	+	turquoise
ERVLE_10q21.1c	ERVL-E-int	chr10	56056954	56057690	-	turquoise
ERVLE_10q21.2	ERVL-E-int	chr10	62421204	62423037	+	turquoise
ERVLE_10q21.3b	ERVL-E-int	chr10	67296213	67297896	-	turquoise
ERVLE_10q21.3c	ERVL-E-int	chr10	67298199	67299702	-	turquoise
ERVLE_10q21.3d	ERVL-E-int	chr10	67393090	67394301	+	turquoise
ERVLE_10q23.1a	ERVL-E-int	chr10	81063277	81066196	-	turquoise
ERVLE_10q23.1b	ERVL-E-int	chr10	83644255	83646816	-	turquoise
ERVLE_10q23.1c	ERVL-E-int	chr10	83778434	83780024	-	turquoise
ERVLE_10q23.1d	ERVL-E-int	chr10	83803878	83805657	+	turquoise
ERVLE_10q23.1h	ERVL-E-int	chr10	86011630	86014581	+	turquoise
ERVLE_10q23.31a	ERVL-E-int	chr10	89270016	89271779	+	turquoise
ERVLE_10q23.31b	ERVL-E-int	chr10	90336973	90340646	+	turquoise
ERVLE_10q24.2	ERVL-E-int	chr10	97695971	97699483	+	turquoise
ERVLE_10q25.1a	ERVL-E-int	chr10	104831935	104833620	-	turquoise
ERVLE_10q25.1b	ERVL-E-int	chr10	106105086	106107561	+	turquoise
ERVLE_10q25.1c	ERVL-E-int	chr10	107195348	107199051	+	turquoise
ERVLE_10q25.1d	ERVL-E-int	chr10	108104715	108107247	+	turquoise
ERVLE_10q25.1e	ERVL-E-int	chr10	108401882	108403768	+	turquoise
ERVLE_10q25.3a	ERVL-E-int	chr10	114802955	114807340	+	turquoise
ERVLE_10q25.3b	ERVL-E-int	chr10	114871646	114872569	-	turquoise
ERVLE_10q26.11a	ERVL-E-int	chr10	118749092	118750710	+	turquoise
ERVLE_10q26.11b	ERVL-E-int	chr10	118998164	119000000	+	turquoise
ERVLE_10q26.12	ERVL-E-int	chr10	120293118	120294639	+	turquoise
ERVLE_10q26.3a	ERVL-E-int	chr10	130872631	130879142	+	turquoise
ERVLE_10q26.3d	ERVL-E-int	chr10	132031248	132036125	+	turquoise
ERVLE_11p11.12	ERVL-E-int	chr11	49894513	49895357	+	turquoise
ERVLE_11p11.2a	ERVL-E-int	chr11	43758365	43758897	-	turquoise
ERVLE_11p11.2b	ERVL-E-int	chr11	43874661	43878914	-	turquoise
ERVLE_11p11.2c	ERVL-E-int	chr11	44100274	44102262	+	turquoise
ERVLE_11p12a	ERVL-E-int	chr11	38066064	38068359	-	turquoise
ERVLE_11p12b	ERVL-E-int	chr11	38072516	38074217	-	turquoise
ERVLE_11p12c	ERVL-E-int	chr11	42115361	42117813	-	turquoise
ERVLE_11p13	ERVL-E-int	chr11	35104571	35106531	+	turquoise
ERVLE_11p14.1a	ERVL-E-int	chr11	28451939	28454736	-	turquoise
ERVLE_11p14.3a	ERVL-E-int	chr11	22691971	22693876	-	turquoise
ERVLE_11p14.3b	ERVL-E-int	chr11	25120306	25123264	-	turquoise
ERVLE_11p15.2b	ERVL-E-int	chr11	14837735	14841560	+	turquoise
ERVLE_11p15.4a	ERVL-E-int	chr11	4823031	4824954	-	turquoise
ERVLE_11p15.4c	ERVL-E-int	chr11	10211295	10214007	-	turquoise
ERVLE_11p15.4d	ERVL-E-int	chr11	10348234	10349609	+	turquoise
ERVLE_11p15.4e	ERVL-E-int	chr11	10833562	10839237	+	turquoise
ERVLE_11p15.4f	ERVL-E-int	chr11	10879797	10881141	+	turquoise
ERVLE_11p15.5a	ERVL-E-int	chr11	359363	366821	+	turquoise
ERVLE_11p15.5b	ERVL-E-int	chr11	1360002	1364808	-	turquoise
ERVLE_11q11a	ERVL-E-int	chr11	55353912	55355908	-	turquoise
ERVLE_11q11b	ERVL-E-int	chr11	55380979	55381766	-	turquoise
ERVLE_11q11d	ERVL-E-int	chr11	55448351	55449240	-	turquoise
ERVLE_11q11e	ERVL-E-int	chr11	55481533	55482431	-	turquoise
ERVLE_11q12.1	ERVL-E-int	chr11	56837193	56840326	+	turquoise
ERVLE_11q13.1a	ERVL-E-int	chr11	64397783	64403305	+	turquoise
ERVLE_11q13.1b	ERVL-E-int	chr11	64518333	64522556	-	turquoise
ERVLE_11q13.3a	ERVL-E-int	chr11	69021006	69028229	-	turquoise
ERVLE_11q13.3c	ERVL-E-int	chr11	69606279	69610466	-	turquoise
ERVLE_11q13.4b	ERVL-E-int	chr11	71573304	71575481	+	turquoise
ERVLE_11q13.4d	ERVL-E-int	chr11	72453003	72455444	+	turquoise
ERVLE_11q13.4f	ERVL-E-int	chr11	72474767	72476942	+	turquoise
ERVLE_11q13.4g	ERVL-E-int	chr11	74912656	74918274	+	turquoise
ERVLE_11q13.4h	ERVL-E-int	chr11	75076045	75077842	-	turquoise
ERVLE_11q13.5a	ERVL-E-int	chr11	75577926	75580506	+	turquoise
ERVLE_11q13.5c	ERVL-E-int	chr11	76725656	76729039	-	turquoise
ERVLE_11q14.1b	ERVL-E-int	chr11	81708387	81710816	+	turquoise
ERVLE_11q14.2a	ERVL-E-int	chr11	86450540	86453375	+	turquoise
ERVLE_11q14.3c	ERVL-E-int	chr11	90437498	90441294	+	turquoise
ERVLE_11q14.3d	ERVL-E-int	chr11	90702582	90705170	-	turquoise
ERVLE_11q21c	ERVL-E-int	chr11	95943046	95947278	-	turquoise
ERVLE_11q21d	ERVL-E-int	chr11	96615896	96618213	-	turquoise
ERVLE_11q21e	ERVL-E-int	chr11	97004699	97007304	-	turquoise
ERVLE_11q21f	ERVL-E-int	chr11	97236883	97239036	+	turquoise
ERVLE_11q21g	ERVL-E-int	chr11	97386801	97392341	-	turquoise
ERVLE_11q22.1b	ERVL-E-int	chr11	97882221	97883751	-	turquoise
ERVLE_11q22.1d	ERVL-E-int	chr11	102256361	102260465	-	turquoise
ERVLE_11q22.3a	ERVL-E-int	chr11	103865276	103869812	-	turquoise
ERVLE_11q22.3b	ERVL-E-int	chr11	104529437	104531122	+	turquoise
ERVLE_11q22.3c	ERVL-E-int	chr11	105328338	105330740	+	turquoise
ERVLE_11q22.3d	ERVL-E-int	chr11	106102270	106105246	+	turquoise
ERVLE_11q22.3e	ERVL-E-int	chr11	106197181	106199766	-	turquoise
ERVLE_11q22.3f	ERVL-E-int	chr11	107358898	107359975	+	turquoise
ERVLE_11q22.3h	ERVL-E-int	chr11	107973286	107974465	-	turquoise
ERVLE_11q22.3i	ERVL-E-int	chr11	108379990	108381428	+	turquoise
ERVLE_11q22.3j	ERVL-E-int	chr11	108398625	108402412	-	turquoise
ERVLE_11q22.3k	ERVL-E-int	chr11	108433801	108436597	+	turquoise
ERVLE_11q23.1	ERVL-E-int	chr11	111038239	111038910	+	turquoise
ERVLE_11q23.3a	ERVL-E-int	chr11	116295729	116302481	+	turquoise
ERVLE_11q23.3b	ERVL-E-int	chr11	116303185	116304473	+	turquoise
ERVLE_11q23.3c	ERVL-E-int	chr11	118707522	118709204	-	turquoise
ERVLE_11q23.3d	ERVL-E-int	chr11	118740784	118743520	-	turquoise
ERVLE_11q23.3e	ERVL-E-int	chr11	118843946	118848652	+	turquoise
ERVLE_11q24.1a	ERVL-E-int	chr11	121315682	121316940	+	turquoise
ERVLE_11q24.1b	ERVL-E-int	chr11	123678974	123681289	+	turquoise
ERVLE_11q24.2a	ERVL-E-int	chr11	124714908	124717588	+	turquoise
ERVLE_11q24.3a	ERVL-E-int	chr11	129347944	129348675	+	turquoise
ERVLE_11q24.3d	ERVL-E-int	chr11	129627563	129631486	-	turquoise
ERVLE_11q24.3e	ERVL-E-int	chr11	129631546	129633544	-	turquoise
ERVLE_11q25a	ERVL-E-int	chr11	132392890	132395771	+	turquoise
ERVLE_12p11.1	ERVL-E-int	chr12	33289141	33291710	+	turquoise
ERVLE_12p11.21b	ERVL-E-int	chr12	32001005	32003619	+	turquoise
ERVLE_12p11.22a	ERVL-E-int	chr12	28079349	28080367	-	turquoise
ERVLE_12p11.22b	ERVL-E-int	chr12	28680075	28681004	-	turquoise
ERVLE_12p11.22c	ERVL-E-int	chr12	29773476	29774169	-	turquoise
ERVLE_12p11.22e	ERVL-E-int	chr12	30358703	30360235	+	turquoise
ERVLE_12p11.23	ERVL-E-int	chr12	27030605	27031659	-	turquoise
ERVLE_12p12.1a	ERVL-E-int	chr12	21492564	21499139	+	turquoise
ERVLE_12p12.1c	ERVL-E-int	chr12	23430153	23431578	+	turquoise
ERVLE_12p12.2	ERVL-E-int	chr12	20328556	20329976	+	turquoise
ERVLE_12p12.3b	ERVL-E-int	chr12	15391303	15394899	-	turquoise
ERVLE_12p12.3c	ERVL-E-int	chr12	16313812	16317655	+	turquoise
ERVLE_12p12.3e	ERVL-E-int	chr12	17740649	17742825	+	turquoise
ERVLE_12p12.3f	ERVL-E-int	chr12	17974961	17976508	-	turquoise
ERVLE_12p12.3h	ERVL-E-int	chr12	18882800	18885179	+	turquoise
ERVLE_12p12.3i	ERVL-E-int	chr12	18927910	18930898	+	turquoise
ERVLE_12p13.1a	ERVL-E-int	chr12	14224922	14226766	+	turquoise
ERVLE_12p13.1b	ERVL-E-int	chr12	14338698	14340283	+	turquoise
ERVLE_12p13.2a	ERVL-E-int	chr12	10981067	10983237	+	turquoise
ERVLE_12p13.2b	ERVL-E-int	chr12	11129286	11130617	+	turquoise
ERVLE_12p13.2c	ERVL-E-int	chr12	11152956	11153917	+	turquoise
ERVLE_12p13.2d	ERVL-E-int	chr12	11635882	11641376	-	turquoise
ERVLE_12p13.31a	ERVL-E-int	chr12	6406143	6407509	-	turquoise
ERVLE_12p13.31c	ERVL-E-int	chr12	9815604	9818670	-	turquoise
ERVLE_12p13.32	ERVL-E-int	chr12	5182947	5184691	-	turquoise
ERVLE_12p13.33	ERVL-E-int	chr12	2718594	2722529	+	turquoise
ERVLE_12q11	ERVL-E-int	chr12	37499752	37501384	+	turquoise
ERVLE_12q12b	ERVL-E-int	chr12	38954732	38956346	-	turquoise
ERVLE_12q12d	ERVL-E-int	chr12	40629762	40633482	+	turquoise
ERVLE_12q12e	ERVL-E-int	chr12	41769771	41771459	+	turquoise
ERVLE_12q12f	ERVL-E-int	chr12	42247198	42248910	-	turquoise
ERVLE_12q12g	ERVL-E-int	chr12	42254980	42256486	-	turquoise
ERVLE_12q12h	ERVL-E-int	chr12	43055727	43056575	+	turquoise
ERVLE_12q13.11a	ERVL-E-int	chr12	46718316	46720207	-	turquoise
ERVLE_12q13.11b	ERVL-E-int	chr12	48375259	48381227	+	turquoise
ERVLE_12q13.12	ERVL-E-int	chr12	50963399	50968352	-	turquoise
ERVLE_12q13.2b	ERVL-E-int	chr12	55511647	55513904	-	turquoise
ERVLE_12q13.2d	ERVL-E-int	chr12	55584592	55585263	+	turquoise
ERVLE_12q14.1a	ERVL-E-int	chr12	58066160	58068559	+	turquoise
ERVLE_12q14.1c	ERVL-E-int	chr12	59902666	59904788	+	turquoise
ERVLE_12q14.1d	ERVL-E-int	chr12	61132269	61134102	+	turquoise
ERVLE_12q14.1e	ERVL-E-int	chr12	61432366	61434627	+	turquoise
ERVLE_12q14.2	ERVL-E-int	chr12	63075897	63079683	+	turquoise
ERVLE_12q14.3b	ERVL-E-int	chr12	67218572	67222948	-	turquoise
ERVLE_12q21.1a	ERVL-E-int	chr12	72162764	72167954	+	turquoise
ERVLE_12q21.1b	ERVL-E-int	chr12	72189371	72191147	+	turquoise
ERVLE_12q21.1c	ERVL-E-int	chr12	72546096	72546639	-	turquoise
ERVLE_12q21.1e	ERVL-E-int	chr12	72714391	72715105	+	turquoise
ERVLE_12q21.1f	ERVL-E-int	chr12	73809028	73813890	+	turquoise
ERVLE_12q21.1g	ERVL-E-int	chr12	73879929	73882967	-	turquoise
ERVLE_12q21.1h	ERVL-E-int	chr12	74793768	74796139	+	turquoise
ERVLE_12q21.2	ERVL-E-int	chr12	76593345	76595170	-	turquoise
ERVLE_12q21.31a	ERVL-E-int	chr12	80993021	80995854	+	turquoise
ERVLE_12q21.31b	ERVL-E-int	chr12	83351756	83354379	-	turquoise
ERVLE_12q21.31c	ERVL-E-int	chr12	83876275	83878069	-	turquoise
ERVLE_12q21.31d	ERVL-E-int	chr12	84566058	84570322	-	turquoise
ERVLE_12q21.32a	ERVL-E-int	chr12	87036469	87037632	+	turquoise
ERVLE_12q21.32b	ERVL-E-int	chr12	87604302	87606496	-	turquoise
ERVLE_12q21.32c	ERVL-E-int	chr12	87885689	87887201	-	turquoise
ERVLE_12q21.33	ERVL-E-int	chr12	89545405	89547174	-	turquoise
ERVLE_12q22	ERVL-E-int	chr12	94923092	94925507	+	turquoise
ERVLE_12q23.1c	ERVL-E-int	chr12	99916729	99918296	+	turquoise
ERVLE_12q23.1d	ERVL-E-int	chr12	100362836	100368664	-	turquoise
ERVLE_12q23.1e	ERVL-E-int	chr12	100866369	100869417	-	turquoise
ERVLE_12q23.2a	ERVL-E-int	chr12	102005493	102008563	+	turquoise
ERVLE_12q23.2b	ERVL-E-int	chr12	102364791	102365894	+	turquoise
ERVLE_12q23.2c	ERVL-E-int	chr12	102725917	102726913	+	turquoise
ERVLE_12q23.3a	ERVL-E-int	chr12	107717903	107718480	+	turquoise
ERVLE_12q24.23	ERVL-E-int	chr12	119958014	119961309	-	turquoise
ERVLE_13q12.11	ERVL-E-int	chr13	21311505	21314276	+	turquoise
ERVLE_13q12.13b	ERVL-E-int	chr13	27199770	27203628	+	turquoise
ERVLE_13q12.2a	ERVL-E-int	chr13	27679080	27681223	-	turquoise
ERVLE_13q12.3b	ERVL-E-int	chr13	30724513	30727951	+	turquoise
ERVLE_13q13.1a	ERVL-E-int	chr13	32608410	32609898	-	turquoise
ERVLE_13q13.2a	ERVL-E-int	chr13	34127637	34129736	+	turquoise
ERVLE_13q13.2b	ERVL-E-int	chr13	34129862	34132251	+	turquoise
ERVLE_13q13.2c	ERVL-E-int	chr13	34429646	34432540	-	turquoise
ERVLE_13q13.3a	ERVL-E-int	chr13	37494673	37497249	-	turquoise
ERVLE_13q13.3b	ERVL-E-int	chr13	38404799	38407641	-	turquoise
ERVLE_13q14.11	ERVL-E-int	chr13	43914880	43916540	+	turquoise
ERVLE_13q14.13	ERVL-E-int	chr13	45384069	45386407	-	turquoise
ERVLE_13q14.2a	ERVL-E-int	chr13	47700289	47702912	+	turquoise
ERVLE_13q21.1a	ERVL-E-int	chr13	54790564	54793125	-	turquoise
ERVLE_13q21.1b	ERVL-E-int	chr13	55171230	55172333	+	turquoise
ERVLE_13q21.1d	ERVL-E-int	chr13	55227875	55230860	+	turquoise
ERVLE_13q21.1e	ERVL-E-int	chr13	56010054	56011068	-	turquoise
ERVLE_13q21.1f	ERVL-E-int	chr13	56133222	56136768	-	turquoise
ERVLE_13q21.1g	ERVL-E-int	chr13	57876985	57879456	+	turquoise
ERVLE_13q21.1h	ERVL-E-int	chr13	58344026	58344744	+	turquoise
ERVLE_13q21.2a	ERVL-E-int	chr13	59579867	59580933	-	turquoise
ERVLE_13q21.2b	ERVL-E-int	chr13	60651083	60656502	+	turquoise
ERVLE_13q21.2c	ERVL-E-int	chr13	60734796	60736901	-	turquoise
ERVLE_13q21.2d	ERVL-E-int	chr13	60746991	60748490	-	turquoise
ERVLE_13q21.2e	ERVL-E-int	chr13	61274540	61279443	+	turquoise
ERVLE_13q21.2f	ERVL-E-int	chr13	61548941	61553346	+	turquoise
ERVLE_13q21.2g	ERVL-E-int	chr13	61790950	61794499	-	turquoise
ERVLE_13q21.31c	ERVL-E-int	chr13	62875313	62878878	+	turquoise
ERVLE_13q21.31d	ERVL-E-int	chr13	64224311	64228683	+	turquoise
ERVLE_13q21.32a	ERVL-E-int	chr13	65633689	65635317	+	turquoise
ERVLE_13q21.32b	ERVL-E-int	chr13	66007965	66011314	+	turquoise
ERVLE_13q21.32d	ERVL-E-int	chr13	67657148	67658573	+	turquoise
ERVLE_13q21.33a	ERVL-E-int	chr13	68855068	68857284	+	turquoise
ERVLE_13q21.33b	ERVL-E-int	chr13	69275183	69276802	-	turquoise
ERVLE_13q21.33c	ERVL-E-int	chr13	69994257	69998590	+	turquoise
ERVLE_13q21.33d	ERVL-E-int	chr13	72222493	72225549	-	turquoise
ERVLE_13q21.33e	ERVL-E-int	chr13	72474762	72476637	+	turquoise
ERVLE_13q22.1b	ERVL-E-int	chr13	74265055	74269349	+	turquoise
ERVLE_13q22.1c	ERVL-E-int	chr13	74641580	74643436	+	turquoise
ERVLE_13q22.3c	ERVL-E-int	chr13	78190426	78192995	-	turquoise
ERVLE_13q31.1a	ERVL-E-int	chr13	79837738	79839098	-	turquoise
ERVLE_13q31.1b	ERVL-E-int	chr13	80643626	80645144	-	turquoise
ERVLE_13q31.1c	ERVL-E-int	chr13	81139782	81143032	+	turquoise
ERVLE_13q31.1d	ERVL-E-int	chr13	81369323	81371357	-	turquoise
ERVLE_13q31.1e	ERVL-E-int	chr13	81597770	81600230	+	turquoise
ERVLE_13q31.1f	ERVL-E-int	chr13	81877945	81880396	+	turquoise
ERVLE_13q31.1g	ERVL-E-int	chr13	82905779	82908466	-	turquoise
ERVLE_13q31.1i	ERVL-E-int	chr13	82982378	82984633	-	turquoise
ERVLE_13q31.1j	ERVL-E-int	chr13	83382562	83383543	+	turquoise
ERVLE_13q31.1l	ERVL-E-int	chr13	83671566	83674145	+	turquoise
ERVLE_13q31.1m	ERVL-E-int	chr13	83709065	83710501	+	turquoise
ERVLE_13q31.1n	ERVL-E-int	chr13	84136549	84137517	-	turquoise
ERVLE_13q31.1o	ERVL-E-int	chr13	84737439	84742169	+	turquoise
ERVLE_13q31.1p	ERVL-E-int	chr13	85244472	85246464	+	turquoise
ERVLE_13q31.1q	ERVL-E-int	chr13	85503768	85505739	+	turquoise
ERVLE_13q31.1r	ERVL-E-int	chr13	86532304	86534002	-	turquoise
ERVLE_13q31.1t	ERVL-E-int	chr13	86881066	86884107	+	turquoise
ERVLE_13q31.1u	ERVL-E-int	chr13	87012820	87014812	-	turquoise
ERVLE_13q31.2a	ERVL-E-int	chr13	87872973	87874662	+	turquoise
ERVLE_13q31.2b	ERVL-E-int	chr13	88295435	88298209	+	turquoise
ERVLE_13q31.2d	ERVL-E-int	chr13	88748389	88752248	-	turquoise
ERVLE_13q31.2e	ERVL-E-int	chr13	89323658	89326652	-	turquoise
ERVLE_13q31.3a	ERVL-E-int	chr13	89457572	89463328	-	turquoise
ERVLE_13q31.3b	ERVL-E-int	chr13	91367584	91368046	-	turquoise
ERVLE_13q31.3c	ERVL-E-int	chr13	91480806	91483631	-	turquoise
ERVLE_13q31.3d	ERVL-E-int	chr13	91559089	91561748	+	turquoise
ERVLE_13q31.3f	ERVL-E-int	chr13	91734300	91734745	-	turquoise
ERVLE_13q32.1b	ERVL-E-int	chr13	95702361	95706904	-	turquoise
ERVLE_13q32.2	ERVL-E-int	chr13	97768010	97773503	-	turquoise
ERVLE_13q32.3	ERVL-E-int	chr13	99027851	99028912	+	turquoise
ERVLE_13q33.2b	ERVL-E-int	chr13	104877767	104878849	+	turquoise
ERVLE_13q33.2c	ERVL-E-int	chr13	105131632	105132525	-	turquoise
ERVLE_13q33.3a	ERVL-E-int	chr13	107133714	107137041	-	turquoise
ERVLE_13q33.3b	ERVL-E-int	chr13	107992407	107995799	+	turquoise
ERVLE_13q33.3c	ERVL-E-int	chr13	108119698	108121730	-	turquoise
ERVLE_13q33.3d	ERVL-E-int	chr13	109236056	109238572	+	turquoise
ERVLE_13q33.3f	ERVL-E-int	chr13	109323457	109325339	+	turquoise
ERVLE_13q34a	ERVL-E-int	chr13	111081367	111084911	-	turquoise
ERVLE_14q11.2a	ERVL-E-int	chr14	19926295	19928268	+	turquoise
ERVLE_14q11.2b	ERVL-E-int	chr14	22097570	22098590	-	turquoise
ERVLE_14q11.2c	ERVL-E-int	chr14	22158290	22159566	+	turquoise
ERVLE_14q11.2d	ERVL-E-int	chr14	22369972	22372430	-	turquoise
ERVLE_14q12c	ERVL-E-int	chr14	24555982	24559481	-	turquoise
ERVLE_14q12e	ERVL-E-int	chr14	25296425	25298099	-	turquoise
ERVLE_14q12f	ERVL-E-int	chr14	26191688	26192988	+	turquoise
ERVLE_14q12i	ERVL-E-int	chr14	27101545	27104137	-	turquoise
ERVLE_14q12l	ERVL-E-int	chr14	29953268	29954626	+	turquoise
ERVLE_14q13.1b	ERVL-E-int	chr14	34316183	34320295	-	turquoise
ERVLE_14q13.2	ERVL-E-int	chr14	35900846	35902282	-	turquoise
ERVLE_14q21.1a	ERVL-E-int	chr14	40392480	40394759	+	turquoise
ERVLE_14q21.1b	ERVL-E-int	chr14	40567726	40569115	-	turquoise
ERVLE_14q21.1c	ERVL-E-int	chr14	40574808	40577506	+	turquoise
ERVLE_14q21.1d	ERVL-E-int	chr14	40656340	40657521	-	turquoise
ERVLE_14q21.1f	ERVL-E-int	chr14	40916619	40919017	+	turquoise
ERVLE_14q21.1h	ERVL-E-int	chr14	41831126	41833621	-	turquoise
ERVLE_14q21.1i	ERVL-E-int	chr14	42344620	42346477	+	turquoise
ERVLE_14q21.2a	ERVL-E-int	chr14	43334103	43336853	-	turquoise
ERVLE_14q21.2b	ERVL-E-int	chr14	43478729	43480155	-	turquoise
ERVLE_14q21.2c	ERVL-E-int	chr14	44638310	44639017	+	turquoise
ERVLE_14q21.2d	ERVL-E-int	chr14	45970416	45973209	+	turquoise
ERVLE_14q21.3a	ERVL-E-int	chr14	47655122	47656738	+	turquoise
ERVLE_14q21.3b	ERVL-E-int	chr14	47708380	47711509	+	turquoise
ERVLE_14q21.3e	ERVL-E-int	chr14	50272402	50278076	+	turquoise
ERVLE_14q22.1	ERVL-E-int	chr14	50539759	50544229	+	turquoise
ERVLE_14q22.2b	ERVL-E-int	chr14	54025760	54027196	-	turquoise
ERVLE_14q22.3a	ERVL-E-int	chr14	55465406	55466395	+	turquoise
ERVLE_14q23.1	ERVL-E-int	chr14	60778446	60779505	+	turquoise
ERVLE_14q24.1	ERVL-E-int	chr14	69174544	69178774	-	turquoise
ERVLE_14q24.2	ERVL-E-int	chr14	70036555	70038176	+	turquoise
ERVLE_14q24.3	ERVL-E-int	chr14	74794530	74795378	-	turquoise
ERVLE_14q31.1a	ERVL-E-int	chr14	80414381	80415487	+	turquoise
ERVLE_14q31.1b	ERVL-E-int	chr14	80968503	80971945	-	turquoise
ERVLE_14q31.3b	ERVL-E-int	chr14	85641752	85644600	+	turquoise
ERVLE_14q31.3c	ERVL-E-int	chr14	85644643	85648216	+	turquoise
ERVLE_14q31.3d	ERVL-E-int	chr14	86088258	86089654	-	turquoise
ERVLE_14q31.3e	ERVL-E-int	chr14	86147270	86149297	-	turquoise
ERVLE_14q31.3f	ERVL-E-int	chr14	86954771	86956582	+	turquoise
ERVLE_14q31.3g	ERVL-E-int	chr14	87709811	87711608	-	turquoise
ERVLE_14q31.3h	ERVL-E-int	chr14	88028241	88034300	-	turquoise
ERVLE_14q32.12b	ERVL-E-int	chr14	93792638	93794584	+	turquoise
ERVLE_14q32.2a	ERVL-E-int	chr14	100650238	100653268	-	turquoise
ERVLE_14q32.2b	ERVL-E-int	chr14	100743978	100751780	+	turquoise
ERVLE_14q32.32b	ERVL-E-int	chr14	103141765	103143466	-	turquoise
ERVLE_14q32.32c	ERVL-E-int	chr14	103145982	103149852	-	turquoise
ERVLE_14q32.32d	ERVL-E-int	chr14	103210314	103214436	-	turquoise
ERVLE_14q32.33b	ERVL-E-int	chr14	104520054	104522034	+	turquoise
ERVLE_14q32.33d	ERVL-E-int	chr14	105116052	105117546	-	turquoise
ERVLE_15q11.2	ERVL-E-int	chr15	24899989	24901417	+	turquoise
ERVLE_15q12a	ERVL-E-int	chr15	26076994	26079814	+	turquoise
ERVLE_15q12b	ERVL-E-int	chr15	27750698	27752090	+	turquoise
ERVLE_15q13.1a	ERVL-E-int	chr15	27899605	27900948	+	turquoise
ERVLE_15q13.2	ERVL-E-int	chr15	30319392	30322684	-	turquoise
ERVLE_15q13.3a	ERVL-E-int	chr15	31467539	31472856	+	turquoise
ERVLE_15q14b	ERVL-E-int	chr15	36239729	36244980	+	turquoise
ERVLE_15q14c	ERVL-E-int	chr15	37687953	37690120	+	turquoise
ERVLE_15q14d	ERVL-E-int	chr15	38789123	38790915	+	turquoise
ERVLE_15q14e	ERVL-E-int	chr15	39634801	39637230	-	turquoise
ERVLE_15q15.1	ERVL-E-int	chr15	42289605	42292266	+	turquoise
ERVLE_15q21.1a	ERVL-E-int	chr15	45221155	45222662	-	turquoise
ERVLE_15q21.1c	ERVL-E-int	chr15	46231445	46235495	-	turquoise
ERVLE_15q21.1e	ERVL-E-int	chr15	46813219	46815177	-	turquoise
ERVLE_15q21.1g	ERVL-E-int	chr15	47057189	47058572	-	turquoise
ERVLE_15q21.3a	ERVL-E-int	chr15	53367056	53367823	-	turquoise
ERVLE_15q22.2a	ERVL-E-int	chr15	59505859	59506861	-	turquoise
ERVLE_15q22.2b	ERVL-E-int	chr15	61366631	61370377	+	turquoise
ERVLE_15q22.32	ERVL-E-int	chr15	66976781	66977916	+	turquoise
ERVLE_15q23a	ERVL-E-int	chr15	68867047	68868304	-	turquoise
ERVLE_15q23b	ERVL-E-int	chr15	68879135	68880811	+	turquoise
ERVLE_15q23c	ERVL-E-int	chr15	68927117	68927942	+	turquoise
ERVLE_15q23f	ERVL-E-int	chr15	68980637	68982482	-	turquoise
ERVLE_15q23g	ERVL-E-int	chr15	70601492	70603765	+	turquoise
ERVLE_15q23h	ERVL-E-int	chr15	70639530	70642154	+	turquoise
ERVLE_15q24.1	ERVL-E-int	chr15	73418691	73423333	-	turquoise
ERVLE_15q24.3a	ERVL-E-int	chr15	76911472	76915969	+	turquoise
ERVLE_15q24.3d	ERVL-E-int	chr15	77089040	77091246	-	turquoise
ERVLE_15q25.1a	ERVL-E-int	chr15	78906065	78907715	+	turquoise
ERVLE_15q25.1b	ERVL-E-int	chr15	79128336	79130936	+	turquoise
ERVLE_15q25.1e	ERVL-E-int	chr15	79821616	79823244	+	turquoise
ERVLE_15q25.1f	ERVL-E-int	chr15	80193697	80196498	+	turquoise
ERVLE_15q25.2	ERVL-E-int	chr15	83232675	83236232	+	turquoise
ERVLE_15q25.3a	ERVL-E-int	chr15	84702938	84706940	+	turquoise
ERVLE_15q25.3b	ERVL-E-int	chr15	84871194	84873485	-	turquoise
ERVLE_15q25.3c	ERVL-E-int	chr15	87303041	87304224	-	turquoise
ERVLE_15q25.3d	ERVL-E-int	chr15	88414731	88415563	+	turquoise
ERVLE_15q25.3e	ERVL-E-int	chr15	88419006	88425237	+	turquoise
ERVLE_15q26.1a	ERVL-E-int	chr15	91391425	91393208	+	turquoise
ERVLE_15q26.1b	ERVL-E-int	chr15	91515675	91517679	-	turquoise
ERVLE_15q26.1c	ERVL-E-int	chr15	92276388	92279430	+	turquoise
ERVLE_15q26.2c	ERVL-E-int	chr15	96826854	96830061	-	turquoise
ERVLE_15q26.2d	ERVL-E-int	chr15	96923730	96928563	+	turquoise
ERVLE_15q26.2e	ERVL-E-int	chr15	97326661	97328853	+	turquoise
ERVLE_15q26.2f	ERVL-E-int	chr15	97496530	97500957	-	turquoise
ERVLE_15q26.3a	ERVL-E-int	chr15	98370145	98372584	-	turquoise
ERVLE_15q26.3b	ERVL-E-int	chr15	99383589	99384407	-	turquoise
ERVLE_15q26.3c	ERVL-E-int	chr15	101660376	101661379	-	turquoise
ERVLE_15q26.3d	ERVL-E-int	chr15	101726192	101727819	+	turquoise
ERVLE_16p11.2b	ERVL-E-int	chr16	28809507	28813917	+	turquoise
ERVLE_16p11.2d	ERVL-E-int	chr16	30846716	30848540	+	turquoise
ERVLE_16p12.1b	ERVL-E-int	chr16	24799588	24800616	-	turquoise
ERVLE_16p13.12	ERVL-E-int	chr16	13892332	13894259	+	turquoise
ERVLE_16p13.3a	ERVL-E-int	chr16	3126086	3127570	-	turquoise
ERVLE_16q12.1b	ERVL-E-int	chr16	48678466	48679181	-	turquoise
ERVLE_16q12.1c	ERVL-E-int	chr16	52361747	52363494	+	turquoise
ERVLE_16q21a	ERVL-E-int	chr16	61409714	61410731	+	turquoise
ERVLE_16q21b	ERVL-E-int	chr16	62823065	62825230	-	turquoise
ERVLE_16q22.3a	ERVL-E-int	chr16	73511542	73513833	+	turquoise
ERVLE_16q22.3b	ERVL-E-int	chr16	74012921	74017551	-	turquoise
ERVLE_16q23.2	ERVL-E-int	chr16	81369168	81370331	+	turquoise
ERVLE_16q23.3	ERVL-E-int	chr16	82146789	82147578	-	turquoise
ERVLE_17p11.2b	ERVL-E-int	chr17	19985481	19988334	-	turquoise
ERVLE_17p11.2c	ERVL-E-int	chr17	21238531	21239100	+	turquoise
ERVLE_17p13.2	ERVL-E-int	chr17	3438518	3439640	-	turquoise
ERVLE_17q11.2a	ERVL-E-int	chr17	29936703	29938054	-	turquoise
ERVLE_17q11.2b	ERVL-E-int	chr17	30046266	30049234	+	turquoise
ERVLE_17q11.2c	ERVL-E-int	chr17	31113848	31115873	-	turquoise
ERVLE_17q12	ERVL-E-int	chr17	36143059	36144653	+	turquoise
ERVLE_17q21.1	ERVL-E-int	chr17	39892447	39893270	-	turquoise
ERVLE_17q21.2a	ERVL-E-int	chr17	41019582	41024430	-	turquoise
ERVLE_17q21.2b	ERVL-E-int	chr17	41557971	41561541	+	turquoise
ERVLE_17q21.31	ERVL-E-int	chr17	44292787	44299505	-	turquoise
ERVLE_17q22a	ERVL-E-int	chr17	52469417	52475168	-	turquoise
ERVLE_17q22c	ERVL-E-int	chr17	57008581	57011984	+	turquoise
ERVLE_17q24.2b	ERVL-E-int	chr17	68080307	68084537	-	turquoise
ERVLE_17q24.3a	ERVL-E-int	chr17	69476407	69476987	-	turquoise
ERVLE_17q24.3b	ERVL-E-int	chr17	70379225	70382952	-	turquoise
ERVLE_17q25.1a	ERVL-E-int	chr17	74170622	74173400	+	turquoise
ERVLE_17q25.3a	ERVL-E-int	chr17	77983155	77984049	+	turquoise
ERVLE_18p11.21b	ERVL-E-int	chr18	12766939	12770774	+	turquoise
ERVLE_18p11.21c	ERVL-E-int	chr18	12899143	12901945	+	turquoise
ERVLE_18p11.21d	ERVL-E-int	chr18	13720054	13723317	-	turquoise
ERVLE_18p11.22	ERVL-E-int	chr18	10094867	10096787	+	turquoise
ERVLE_18p11.31a	ERVL-E-int	chr18	5336061	5337959	-	turquoise
ERVLE_18p11.32	ERVL-E-int	chr18	1933651	1935599	-	turquoise
ERVLE_18q11.2a	ERVL-E-int	chr18	23799680	23807868	-	turquoise
ERVLE_18q11.2c	ERVL-E-int	chr18	26369428	26373198	+	turquoise
ERVLE_18q12.1a	ERVL-E-int	chr18	28203371	28205351	-	turquoise
ERVLE_18q12.1b	ERVL-E-int	chr18	29184442	29186109	-	turquoise
ERVLE_18q12.1c	ERVL-E-int	chr18	29243511	29245312	-	turquoise
ERVLE_18q12.1e	ERVL-E-int	chr18	29492284	29493741	-	turquoise
ERVLE_18q12.1g	ERVL-E-int	chr18	30508063	30515813	-	turquoise
ERVLE_18q12.1i	ERVL-E-int	chr18	32505261	32507097	-	turquoise
ERVLE_18q12.1j	ERVL-E-int	chr18	33186722	33190368	+	turquoise
ERVLE_18q12.1k	ERVL-E-int	chr18	33454066	33455027	-	turquoise
ERVLE_18q12.1l	ERVL-E-int	chr18	33795616	33798448	-	turquoise
ERVLE_18q12.1m	ERVL-E-int	chr18	34312666	34315397	-	turquoise
ERVLE_18q12.1n	ERVL-E-int	chr18	34345807	34347554	-	turquoise
ERVLE_18q12.2a	ERVL-E-int	chr18	35294063	35296087	-	turquoise
ERVLE_18q12.2d	ERVL-E-int	chr18	37965586	37967634	+	turquoise
ERVLE_18q12.2e	ERVL-E-int	chr18	38012690	38014489	-	turquoise
ERVLE_18q12.3a	ERVL-E-int	chr18	40560405	40562824	+	turquoise
ERVLE_18q12.3b	ERVL-E-int	chr18	42406173	42407605	+	turquoise
ERVLE_18q12.3d	ERVL-E-int	chr18	43672036	43672912	-	turquoise
ERVLE_18q12.3e	ERVL-E-int	chr18	44208290	44209922	+	turquoise
ERVLE_18q12.3f	ERVL-E-int	chr18	44630297	44631176	-	turquoise
ERVLE_18q12.3g	ERVL-E-int	chr18	44631724	44635998	-	turquoise
ERVLE_18q21.1a	ERVL-E-int	chr18	47432549	47434731	+	turquoise
ERVLE_18q21.1b	ERVL-E-int	chr18	48459770	48463770	+	turquoise
ERVLE_18q21.1e	ERVL-E-int	chr18	50445785	50447474	-	turquoise
ERVLE_18q21.2d	ERVL-E-int	chr18	52083236	52091303	+	turquoise
ERVLE_18q21.2f	ERVL-E-int	chr18	53076202	53077393	-	turquoise
ERVLE_18q21.2h	ERVL-E-int	chr18	56088850	56089747	+	turquoise
ERVLE_18q21.32b	ERVL-E-int	chr18	59127695	59131245	-	turquoise
ERVLE_18q21.32c	ERVL-E-int	chr18	59187777	59192081	-	turquoise
ERVLE_18q21.33	ERVL-E-int	chr18	63383992	63385494	-	turquoise
ERVLE_18q22.1b	ERVL-E-int	chr18	65139914	65142862	-	turquoise
ERVLE_18q22.1d	ERVL-E-int	chr18	65626497	65630935	+	turquoise
ERVLE_18q22.1e	ERVL-E-int	chr18	66127868	66129754	+	turquoise
ERVLE_18q22.1f	ERVL-E-int	chr18	68656500	68664413	+	turquoise
ERVLE_18q22.2b	ERVL-E-int	chr18	70982230	70984417	+	turquoise
ERVLE_18q22.3a	ERVL-E-int	chr18	71021775	71026989	+	turquoise
ERVLE_18q22.3b	ERVL-E-int	chr18	71199087	71201446	-	turquoise
ERVLE_18q22.3c	ERVL-E-int	chr18	71493712	71494515	-	turquoise
ERVLE_18q22.3e	ERVL-E-int	chr18	71786011	71788226	+	turquoise
ERVLE_18q22.3f	ERVL-E-int	chr18	71960483	71961610	-	turquoise
ERVLE_18q22.3g	ERVL-E-int	chr18	72113517	72115205	+	turquoise
ERVLE_18q22.3h	ERVL-E-int	chr18	72139711	72142514	+	turquoise
ERVLE_18q23	ERVL-E-int	chr18	79053713	79056976	-	turquoise
ERVLE_19p12	ERVL-E-int	chr19	21792238	21794236	-	turquoise
ERVLE_19p13.2a	ERVL-E-int	chr19	9422696	9424849	+	turquoise
ERVLE_19p13.2b	ERVL-E-int	chr19	9487877	9493848	+	turquoise
ERVLE_19p13.2c	ERVL-E-int	chr19	9570284	9571752	+	turquoise
ERVLE_19q12a	ERVL-E-int	chr19	29037481	29038668	+	turquoise
ERVLE_19q12b	ERVL-E-int	chr19	29732313	29736001	-	turquoise
ERVLE_19q13.12a	ERVL-E-int	chr19	35179191	35182123	+	turquoise
ERVLE_19q13.12b	ERVL-E-int	chr19	35196745	35199045	+	turquoise
ERVLE_19q13.12c	ERVL-E-int	chr19	36161029	36168089	-	turquoise
ERVLE_19q13.12d	ERVL-E-int	chr19	36863319	36863947	-	turquoise
ERVLE_19q13.2b	ERVL-E-int	chr19	42029596	42031584	-	turquoise
ERVLE_19q13.31c	ERVL-E-int	chr19	44181562	44184726	+	turquoise
ERVLE_19q13.31d	ERVL-E-int	chr19	44195798	44196936	+	turquoise
ERVLE_1p11.2	ERVL-E-int	chr1	120887636	120890955	+	turquoise
ERVLE_1p12a	ERVL-E-int	chr1	118335374	118336510	-	turquoise
ERVLE_1p13.2a	ERVL-E-int	chr1	111433796	111435683	+	turquoise
ERVLE_1p13.2b	ERVL-E-int	chr1	112097132	112101265	+	turquoise
ERVLE_1p13.2d	ERVL-E-int	chr1	112274154	112278673	+	turquoise
ERVLE_1p13.2e	ERVL-E-int	chr1	112734675	112738529	+	turquoise
ERVLE_1p13.3a	ERVL-E-int	chr1	107112076	107114542	-	turquoise
ERVLE_1p13.3b	ERVL-E-int	chr1	108065479	108067847	-	turquoise
ERVLE_1p21.1b	ERVL-E-int	chr1	102518368	102520339	-	turquoise
ERVLE_1p21.1c	ERVL-E-int	chr1	104439378	104441252	-	turquoise
ERVLE_1p21.1e	ERVL-E-int	chr1	105232875	105235785	-	turquoise
ERVLE_1p21.1g	ERVL-E-int	chr1	106032691	106037140	+	turquoise
ERVLE_1p21.1h	ERVL-E-int	chr1	106451709	106454233	-	turquoise
ERVLE_1p21.2b	ERVL-E-int	chr1	101546698	101548684	+	turquoise
ERVLE_1p21.3a	ERVL-E-int	chr1	94389823	94391768	-	turquoise
ERVLE_1p21.3c	ERVL-E-int	chr1	95250622	95254066	-	turquoise
ERVLE_1p21.3d	ERVL-E-int	chr1	95572088	95574067	-	turquoise
ERVLE_1p21.3e	ERVL-E-int	chr1	96339548	96342230	+	turquoise
ERVLE_1p21.3g	ERVL-E-int	chr1	98657373	98659580	+	turquoise
ERVLE_1p22.1a	ERVL-E-int	chr1	92148017	92150067	+	turquoise
ERVLE_1p22.2	ERVL-E-int	chr1	90778834	90780083	+	turquoise
ERVLE_1p22.3a	ERVL-E-int	chr1	84536109	84539258	+	turquoise
ERVLE_1p22.3c	ERVL-E-int	chr1	85806974	85813032	+	turquoise
ERVLE_1p22.3d	ERVL-E-int	chr1	86397810	86400070	-	turquoise
ERVLE_1p31.1a	ERVL-E-int	chr1	69440471	69442508	-	turquoise
ERVLE_1p31.1c	ERVL-E-int	chr1	72433538	72435738	+	turquoise
ERVLE_1p31.1d	ERVL-E-int	chr1	73115957	73118649	+	turquoise
ERVLE_1p31.1e	ERVL-E-int	chr1	73170807	73172644	-	turquoise
ERVLE_1p31.1g	ERVL-E-int	chr1	75054109	75057604	+	turquoise
ERVLE_1p31.1h	ERVL-E-int	chr1	75288595	75290184	+	turquoise
ERVLE_1p31.1j	ERVL-E-int	chr1	77706472	77708145	+	turquoise
ERVLE_1p31.1k	ERVL-E-int	chr1	78324273	78326208	-	turquoise
ERVLE_1p31.1l	ERVL-E-int	chr1	79818091	79819267	+	turquoise
ERVLE_1p31.1m	ERVL-E-int	chr1	80659443	80660880	+	turquoise
ERVLE_1p31.1n	ERVL-E-int	chr1	80727216	80730853	-	turquoise
ERVLE_1p31.1o	ERVL-E-int	chr1	80741424	80742920	-	turquoise
ERVLE_1p31.1p	ERVL-E-int	chr1	82365040	82367912	-	turquoise
ERVLE_1p31.1r	ERVL-E-int	chr1	84038942	84043331	+	turquoise
ERVLE_1p31.1s	ERVL-E-int	chr1	84050542	84052088	+	turquoise
ERVLE_1p31.3a	ERVL-E-int	chr1	60838875	60839451	+	turquoise
ERVLE_1p31.3c	ERVL-E-int	chr1	61624862	61627276	+	turquoise
ERVLE_1p31.3d	ERVL-E-int	chr1	61632364	61634362	+	turquoise
ERVLE_1p31.3f	ERVL-E-int	chr1	66521316	66524803	+	turquoise
ERVLE_1p31.3g	ERVL-E-int	chr1	67059766	67062974	-	turquoise
ERVLE_1p32.2c	ERVL-E-int	chr1	58364583	58365289	-	turquoise
ERVLE_1p32.3a	ERVL-E-int	chr1	50792486	50796194	+	turquoise
ERVLE_1p32.3b	ERVL-E-int	chr1	51165011	51169107	-	turquoise
ERVLE_1p32.3c	ERVL-E-int	chr1	53477198	53481817	-	turquoise
ERVLE_1p32.3d	ERVL-E-int	chr1	55407838	55411559	+	turquoise
ERVLE_1p32.3g	ERVL-E-int	chr1	55497908	55499942	-	turquoise
ERVLE_1p33a	ERVL-E-int	chr1	48129284	48130752	-	turquoise
ERVLE_1p33b	ERVL-E-int	chr1	48974627	48978216	+	turquoise
ERVLE_1p34.1a	ERVL-E-int	chr1	45226689	45229003	-	turquoise
ERVLE_1p34.1b	ERVL-E-int	chr1	45246256	45250095	+	turquoise
ERVLE_1p34.2a	ERVL-E-int	chr1	40288340	40289668	-	turquoise
ERVLE_1p34.2b	ERVL-E-int	chr1	40841383	40843705	-	turquoise
ERVLE_1p34.2c	ERVL-E-int	chr1	41436846	41441007	+	turquoise
ERVLE_1p34.2e	ERVL-E-int	chr1	42593987	42595931	-	turquoise
ERVLE_1p34.2f	ERVL-E-int	chr1	42604350	42605878	-	turquoise
ERVLE_1p34.2h	ERVL-E-int	chr1	43074451	43077244	-	turquoise
ERVLE_1p34.3a	ERVL-E-int	chr1	34464782	34466743	+	turquoise
ERVLE_1p34.3c	ERVL-E-int	chr1	35295660	35297321	-	turquoise
ERVLE_1p35.1a	ERVL-E-int	chr1	32404945	32411940	-	turquoise
ERVLE_1p35.1b	ERVL-E-int	chr1	32429861	32430430	-	turquoise
ERVLE_1p35.1c	ERVL-E-int	chr1	32928071	32931352	-	turquoise
ERVLE_1p35.2c	ERVL-E-int	chr1	30380702	30383477	-	turquoise
ERVLE_1p35.3c	ERVL-E-int	chr1	29333293	29340974	+	turquoise
ERVLE_1p36.11b	ERVL-E-int	chr1	26811581	26816449	+	turquoise
ERVLE_1p36.11c	ERVL-E-int	chr1	27070419	27074352	+	turquoise
ERVLE_1p36.11d	ERVL-E-int	chr1	27087720	27095180	+	turquoise
ERVLE_1p36.13a	ERVL-E-int	chr1	15982682	15983526	+	turquoise
ERVLE_1p36.13b	ERVL-E-int	chr1	16602708	16603314	-	turquoise
ERVLE_1p36.13d	ERVL-E-int	chr1	17941282	17944864	-	turquoise
ERVLE_1p36.13f	ERVL-E-int	chr1	20094082	20097380	+	turquoise
ERVLE_1p36.21b	ERVL-E-int	chr1	12674390	12677130	-	turquoise
ERVLE_1p36.22	ERVL-E-int	chr1	10140592	10141777	-	turquoise
ERVLE_1p36.31a	ERVL-E-int	chr1	5580463	5582352	-	turquoise
ERVLE_1q21.1b	ERVL-E-int	chr1	144372445	144375748	-	turquoise
ERVLE_1q21.1c	ERVL-E-int	chr1	144590775	144594077	+	turquoise
ERVLE_1q21.1d	ERVL-E-int	chr1	145240985	145244282	-	turquoise
ERVLE_1q21.1e	ERVL-E-int	chr1	146343581	146346899	-	turquoise
ERVLE_1q21.2a	ERVL-E-int	chr1	148482118	148485772	-	turquoise
ERVLE_1q21.2b	ERVL-E-int	chr1	149582081	149585032	+	turquoise
ERVLE_1q21.2c	ERVL-E-int	chr1	147743660	147745882	+	turquoise
ERVLE_1q21.3a	ERVL-E-int	chr1	151381668	151384894	+	turquoise
ERVLE_1q21.3b	ERVL-E-int	chr1	151965493	151970642	-	turquoise
ERVLE_1q23.1a	ERVL-E-int	chr1	156633288	156635215	-	turquoise
ERVLE_1q23.1d	ERVL-E-int	chr1	157227206	157228458	-	turquoise
ERVLE_1q23.1e	ERVL-E-int	chr1	157464542	157465764	+	turquoise
ERVLE_1q23.1i	ERVL-E-int	chr1	158405972	158407218	-	turquoise
ERVLE_1q23.2a	ERVL-E-int	chr1	159338797	159340297	+	turquoise
ERVLE_1q23.2b	ERVL-E-int	chr1	160271999	160276689	-	turquoise
ERVLE_1q23.3a	ERVL-E-int	chr1	161295147	161297592	+	turquoise
ERVLE_1q23.3b	ERVL-E-int	chr1	163221169	163223907	-	turquoise
ERVLE_1q23.3c	ERVL-E-int	chr1	165026955	165028586	+	turquoise
ERVLE_1q23.3d	ERVL-E-int	chr1	165036150	165037695	+	turquoise
ERVLE_1q24.2	ERVL-E-int	chr1	167732967	167735856	-	turquoise
ERVLE_1q25.1b	ERVL-E-int	chr1	174103464	174104840	+	turquoise
ERVLE_1q25.3a	ERVL-E-int	chr1	180553748	180556425	+	turquoise
ERVLE_1q25.3c	ERVL-E-int	chr1	180798452	180801349	-	turquoise
ERVLE_1q25.3d	ERVL-E-int	chr1	182409302	182411144	+	turquoise
ERVLE_1q25.3e	ERVL-E-int	chr1	182995614	183001083	-	turquoise
ERVLE_1q25.3g	ERVL-E-int	chr1	185116817	185118090	+	turquoise
ERVLE_1q25.3h	ERVL-E-int	chr1	185499736	185501896	-	turquoise
ERVLE_1q31.1a	ERVL-E-int	chr1	187166788	187168794	+	turquoise
ERVLE_1q31.1b	ERVL-E-int	chr1	187874870	187876362	-	turquoise
ERVLE_1q31.1e	ERVL-E-int	chr1	189778869	189780533	+	turquoise
ERVLE_1q31.1f	ERVL-E-int	chr1	189872819	189876155	+	turquoise
ERVLE_1q31.1g	ERVL-E-int	chr1	189876676	189877546	+	turquoise
ERVLE_1q31.3a	ERVL-E-int	chr1	194621196	194622866	-	turquoise
ERVLE_1q31.3b	ERVL-E-int	chr1	194739850	194741059	+	turquoise
ERVLE_1q31.3c	ERVL-E-int	chr1	195002756	195006066	-	turquoise
ERVLE_1q31.3d	ERVL-E-int	chr1	195125248	195126556	-	turquoise
ERVLE_1q31.3f	ERVL-E-int	chr1	195417807	195419541	-	turquoise
ERVLE_1q31.3g	ERVL-E-int	chr1	197148583	197153401	+	turquoise
ERVLE_1q31.3i	ERVL-E-int	chr1	198353352	198354312	+	turquoise
ERVLE_1q32.1a	ERVL-E-int	chr1	198976614	198978350	+	turquoise
ERVLE_1q32.1b	ERVL-E-int	chr1	204596576	204597643	+	turquoise
ERVLE_1q32.1c	ERVL-E-int	chr1	204753218	204756874	+	turquoise
ERVLE_1q32.1d	ERVL-E-int	chr1	204774535	204780139	-	turquoise
ERVLE_1q32.1e	ERVL-E-int	chr1	206809925	206813122	+	turquoise
ERVLE_1q32.2a	ERVL-E-int	chr1	207118838	207120476	-	turquoise
ERVLE_1q32.2c	ERVL-E-int	chr1	207426048	207427383	+	turquoise
ERVLE_1q32.2d	ERVL-E-int	chr1	207512891	207513462	-	turquoise
ERVLE_1q32.2e	ERVL-E-int	chr1	207685206	207685768	-	turquoise
ERVLE_1q32.3	ERVL-E-int	chr1	212934788	212938148	-	turquoise
ERVLE_1q41b	ERVL-E-int	chr1	214789777	214792645	-	turquoise
ERVLE_1q41c	ERVL-E-int	chr1	214878764	214883538	-	turquoise
ERVLE_1q41d	ERVL-E-int	chr1	215261600	215269127	-	turquoise
ERVLE_1q41e	ERVL-E-int	chr1	215358809	215360872	+	turquoise
ERVLE_1q41f	ERVL-E-int	chr1	217233383	217237669	+	turquoise
ERVLE_1q41g	ERVL-E-int	chr1	218469519	218471099	+	turquoise
ERVLE_1q41h	ERVL-E-int	chr1	219319779	219320433	-	turquoise
ERVLE_1q41i	ERVL-E-int	chr1	219861925	219863570	+	turquoise
ERVLE_1q41k	ERVL-E-int	chr1	220953358	220954790	+	turquoise
ERVLE_1q41m	ERVL-E-int	chr1	221693912	221698681	+	turquoise
ERVLE_1q42.2b	ERVL-E-int	chr1	231515904	231517493	-	turquoise
ERVLE_1q42.2d	ERVL-E-int	chr1	232931162	232935648	+	turquoise
ERVLE_1q42.3	ERVL-E-int	chr1	236135271	236139173	+	turquoise
ERVLE_1q43a	ERVL-E-int	chr1	238674380	238677354	-	turquoise
ERVLE_1q43c	ERVL-E-int	chr1	239988228	239989413	+	turquoise
ERVLE_1q43d	ERVL-E-int	chr1	240030554	240033332	+	turquoise
ERVLE_1q44a	ERVL-E-int	chr1	244628305	244630889	-	turquoise
ERVLE_1q44b	ERVL-E-int	chr1	245736451	245739287	-	turquoise
ERVLE_1q44c	ERVL-E-int	chr1	246500331	246501196	-	turquoise
ERVLE_1q44d	ERVL-E-int	chr1	247528515	247530280	+	turquoise
ERVLE_1q44e	ERVL-E-int	chr1	248158848	248160895	-	turquoise
ERVLE_1q44f	ERVL-E-int	chr1	248215760	248221016	-	turquoise
ERVLE_20p11.1	ERVL-E-int	chr20	25943356	25944986	+	turquoise
ERVLE_20p11.23a	ERVL-E-int	chr20	18439079	18441376	-	turquoise
ERVLE_20p12.2a	ERVL-E-int	chr20	9702686	9703768	-	turquoise
ERVLE_20p12.2b	ERVL-E-int	chr20	10566057	10568417	-	turquoise
ERVLE_20p12.2c	ERVL-E-int	chr20	11098122	11100821	-	turquoise
ERVLE_20p12.3a	ERVL-E-int	chr20	5488280	5490856	-	turquoise
ERVLE_20p12.3b	ERVL-E-int	chr20	7092291	7095406	+	turquoise
ERVLE_20p12.3c	ERVL-E-int	chr20	7236342	7237409	+	turquoise
ERVLE_20p13a	ERVL-E-int	chr20	2044140	2046531	+	turquoise
ERVLE_20p13b	ERVL-E-int	chr20	2848432	2849733	-	turquoise
ERVLE_20p13c	ERVL-E-int	chr20	2991804	2994314	-	turquoise
ERVLE_20p13d	ERVL-E-int	chr20	4541468	4542913	-	turquoise
ERVLE_20q11.1a	ERVL-E-int	chr20	29615371	29616801	-	turquoise
ERVLE_20q11.1b	ERVL-E-int	chr20	30239726	30241357	+	turquoise
ERVLE_20q11.21	ERVL-E-int	chr20	33263814	33266601	+	turquoise
ERVLE_20q12	ERVL-E-int	chr20	40488907	40491323	-	turquoise
ERVLE_20q13.12b	ERVL-E-int	chr20	44281659	44289339	-	turquoise
ERVLE_20q13.12c	ERVL-E-int	chr20	45740172	45742994	-	turquoise
ERVLE_20q13.33a	ERVL-E-int	chr20	60126398	60128302	-	turquoise
ERVLE_21p11.2	ERVL-E-int	chr21	10330456	10332299	-	turquoise
ERVLE_21q21.1a	ERVL-E-int	chr21	16908066	16909251	-	turquoise
ERVLE_21q21.1c	ERVL-E-int	chr21	17357900	17362433	-	turquoise
ERVLE_21q21.1d	ERVL-E-int	chr21	17858749	17862749	+	turquoise
ERVLE_21q21.1e	ERVL-E-int	chr21	18105730	18108406	+	turquoise
ERVLE_21q21.1f	ERVL-E-int	chr21	19145706	19149492	-	turquoise
ERVLE_21q21.1g	ERVL-E-int	chr21	19696833	19702199	-	turquoise
ERVLE_21q21.1h	ERVL-E-int	chr21	19826374	19828652	+	turquoise
ERVLE_21q21.2c	ERVL-E-int	chr21	23507311	23509535	-	turquoise
ERVLE_21q21.2d	ERVL-E-int	chr21	23532642	23535042	-	turquoise
ERVLE_21q21.2e	ERVL-E-int	chr21	23938298	23940960	+	turquoise
ERVLE_21q21.2f	ERVL-E-int	chr21	24563136	24565093	-	turquoise
ERVLE_21q21.3a	ERVL-E-int	chr21	26756508	26759501	-	turquoise
ERVLE_21q21.3c	ERVL-E-int	chr21	30016721	30020270	-	turquoise
ERVLE_21q22.11a	ERVL-E-int	chr21	31064922	31067593	+	turquoise
ERVLE_21q22.11c	ERVL-E-int	chr21	31793593	31794429	-	turquoise
ERVLE_21q22.11d	ERVL-E-int	chr21	32148940	32151906	+	turquoise
ERVLE_21q22.11e	ERVL-E-int	chr21	32904181	32907202	-	turquoise
ERVLE_21q22.13a	ERVL-E-int	chr21	37601439	37603328	-	turquoise
ERVLE_21q22.13b	ERVL-E-int	chr21	37925617	37928482	-	turquoise
ERVLE_22q11.21a	ERVL-E-int	chr22	20333060	20333697	+	turquoise
ERVLE_22q11.22b	ERVL-E-int	chr22	22950813	22954279	+	turquoise
ERVLE_22q12.1	ERVL-E-int	chr22	28236378	28236985	+	turquoise
ERVLE_22q12.3a	ERVL-E-int	chr22	33940248	33941123	+	turquoise
ERVLE_22q12.3b	ERVL-E-int	chr22	34668457	34670215	-	turquoise
ERVLE_22q12.3c	ERVL-E-int	chr22	34710854	34712244	+	turquoise
ERVLE_22q12.3d	ERVL-E-int	chr22	34735427	34739304	-	turquoise
ERVLE_22q13.1b	ERVL-E-int	chr22	39809636	39812775	+	turquoise
ERVLE_22q13.2a	ERVL-E-int	chr22	40658587	40659544	-	turquoise
ERVLE_22q13.2c	ERVL-E-int	chr22	41026681	41029740	+	turquoise
ERVLE_22q13.2f	ERVL-E-int	chr22	42680611	42682407	+	turquoise
ERVLE_22q13.31a	ERVL-E-int	chr22	44179209	44179744	-	turquoise
ERVLE_22q13.31e	ERVL-E-int	chr22	47948485	47950432	-	turquoise
ERVLE_22q13.33	ERVL-E-int	chr22	50583743	50587782	+	turquoise
ERVLE_2p11.2a	ERVL-E-int	chr2	83534618	83536100	+	turquoise
ERVLE_2p11.2b	ERVL-E-int	chr2	85651526	85652725	-	turquoise
ERVLE_2p11.2c	ERVL-E-int	chr2	86275100	86278417	+	turquoise
ERVLE_2p11.2d	ERVL-E-int	chr2	86392598	86393940	-	turquoise
ERVLE_2p11.2e	ERVL-E-int	chr2	88221959	88223713	-	turquoise
ERVLE_2p11.2f	ERVL-E-int	chr2	88334895	88340398	-	turquoise
ERVLE_2p12a	ERVL-E-int	chr2	75361114	75362892	+	turquoise
ERVLE_2p12c	ERVL-E-int	chr2	76386329	76388577	-	turquoise
ERVLE_2p12d	ERVL-E-int	chr2	79501564	79504838	+	turquoise
ERVLE_2p12e	ERVL-E-int	chr2	80665059	80667672	-	turquoise
ERVLE_2p12f	ERVL-E-int	chr2	80697269	80699590	+	turquoise
ERVLE_2p12g	ERVL-E-int	chr2	82476538	82478547	-	turquoise
ERVLE_2p12h	ERVL-E-int	chr2	82496315	82497445	+	turquoise
ERVLE_2p13.1	ERVL-E-int	chr2	73362111	73368119	+	turquoise
ERVLE_2p13.2a	ERVL-E-int	chr2	71444089	71446102	+	turquoise
ERVLE_2p13.2b	ERVL-E-int	chr2	73195609	73199267	+	turquoise
ERVLE_2p14a	ERVL-E-int	chr2	64961123	64961913	+	turquoise
ERVLE_2p14b	ERVL-E-int	chr2	65053217	65053895	+	turquoise
ERVLE_2p16.1a	ERVL-E-int	chr2	58265223	58268227	+	turquoise
ERVLE_2p16.1b	ERVL-E-int	chr2	58388120	58390835	+	turquoise
ERVLE_2p16.3a	ERVL-E-int	chr2	48045871	48047835	+	turquoise
ERVLE_2p16.3b	ERVL-E-int	chr2	48062145	48064068	+	turquoise
ERVLE_2p16.3c	ERVL-E-int	chr2	49821645	49822493	-	turquoise
ERVLE_2p16.3d	ERVL-E-int	chr2	49828053	49831152	-	turquoise
ERVLE_2p16.3e	ERVL-E-int	chr2	49856316	49859036	+	turquoise
ERVLE_2p16.3f	ERVL-E-int	chr2	51654213	51655092	+	turquoise
ERVLE_2p16.3g	ERVL-E-int	chr2	51919928	51922126	-	turquoise
ERVLE_2p16.3h	ERVL-E-int	chr2	52267977	52269563	+	turquoise
ERVLE_2p22.1a	ERVL-E-int	chr2	39219723	39220586	+	turquoise
ERVLE_2p22.1b	ERVL-E-int	chr2	39730056	39733131	-	turquoise
ERVLE_2p22.1c	ERVL-E-int	chr2	40741602	40743249	-	turquoise
ERVLE_2p22.3a	ERVL-E-int	chr2	32383399	32387396	-	turquoise
ERVLE_2p22.3b	ERVL-E-int	chr2	32751649	32752652	-	turquoise
ERVLE_2p22.3c	ERVL-E-int	chr2	33786947	33789463	-	turquoise
ERVLE_2p22.3d	ERVL-E-int	chr2	34070451	34074983	-	turquoise
ERVLE_2p23.1b	ERVL-E-int	chr2	31744149	31747416	-	turquoise
ERVLE_2p23.3a	ERVL-E-int	chr2	25325538	25326295	+	turquoise
ERVLE_2p23.3b	ERVL-E-int	chr2	26219492	26224762	+	turquoise
ERVLE_2p24.1a	ERVL-E-int	chr2	19814422	19815880	-	turquoise
ERVLE_2p24.1c	ERVL-E-int	chr2	21159758	21160817	-	turquoise
ERVLE_2p24.1d	ERVL-E-int	chr2	21180498	21184746	-	turquoise
ERVLE_2p24.1e	ERVL-E-int	chr2	21358692	21360294	-	turquoise
ERVLE_2p24.1f	ERVL-E-int	chr2	21674936	21677416	-	turquoise
ERVLE_2p24.1g	ERVL-E-int	chr2	21684149	21687266	-	turquoise
ERVLE_2p24.2a	ERVL-E-int	chr2	16526296	16530065	+	turquoise
ERVLE_2p24.2b	ERVL-E-int	chr2	16975512	16976525	+	turquoise
ERVLE_2p24.3b	ERVL-E-int	chr2	14382039	14382874	-	turquoise
ERVLE_2p24.3d	ERVL-E-int	chr2	14460771	14462027	-	turquoise
ERVLE_2p25.2a	ERVL-E-int	chr2	5042589	5044478	-	turquoise
ERVLE_2p25.3a	ERVL-E-int	chr2	1141349	1143413	-	turquoise
ERVLE_2q11.2a	ERVL-E-int	chr2	96229340	96233225	-	turquoise
ERVLE_2q11.2b	ERVL-E-int	chr2	96235418	96238331	+	turquoise
ERVLE_2q11.2c	ERVL-E-int	chr2	96574676	96576997	+	turquoise
ERVLE_2q12.1a	ERVL-E-int	chr2	102548638	102552825	-	turquoise
ERVLE_2q12.1b	ERVL-E-int	chr2	102559862	102561918	-	turquoise
ERVLE_2q12.1c	ERVL-E-int	chr2	102737932	102739320	+	turquoise
ERVLE_2q12.1d	ERVL-E-int	chr2	103067202	103068681	+	turquoise
ERVLE_2q12.1e	ERVL-E-int	chr2	104722319	104726329	+	turquoise
ERVLE_2q12.3b	ERVL-E-int	chr2	106790918	106794060	-	turquoise
ERVLE_2q12.3c	ERVL-E-int	chr2	108047419	108048313	-	turquoise
ERVLE_2q14.1a	ERVL-E-int	chr2	112259253	112262683	+	turquoise
ERVLE_2q14.1b	ERVL-E-int	chr2	112969376	112971790	+	turquoise
ERVLE_2q14.1c	ERVL-E-int	chr2	115735366	115737912	-	turquoise
ERVLE_2q14.1d	ERVL-E-int	chr2	116491747	116492952	+	turquoise
ERVLE_2q14.1g	ERVL-E-int	chr2	117249218	117250085	-	turquoise
ERVLE_2q14.2	ERVL-E-int	chr2	121319387	121323125	+	turquoise
ERVLE_2q14.3a	ERVL-E-int	chr2	121912683	121913849	+	turquoise
ERVLE_2q14.3b	ERVL-E-int	chr2	122170256	122172600	+	turquoise
ERVLE_2q14.3f	ERVL-E-int	chr2	123275054	123276013	+	turquoise
ERVLE_2q14.3g	ERVL-E-int	chr2	123772626	123774535	+	turquoise
ERVLE_2q14.3h	ERVL-E-int	chr2	126051100	126053009	+	turquoise
ERVLE_2q14.3i	ERVL-E-int	chr2	128067912	128073631	+	turquoise
ERVLE_2q21.2a	ERVL-E-int	chr2	132471345	132475755	-	turquoise
ERVLE_2q22.1a	ERVL-E-int	chr2	137694385	137698075	+	turquoise
ERVLE_2q22.1b	ERVL-E-int	chr2	139021777	139024909	+	turquoise
ERVLE_2q22.1c	ERVL-E-int	chr2	139384359	139387090	-	turquoise
ERVLE_2q22.1d	ERVL-E-int	chr2	140212620	140214077	-	turquoise
ERVLE_2q22.3a	ERVL-E-int	chr2	144738598	144739285	+	turquoise
ERVLE_2q22.3c	ERVL-E-int	chr2	146450237	146452643	-	turquoise
ERVLE_2q23.3a	ERVL-E-int	chr2	152764693	152766715	-	turquoise
ERVLE_2q23.3b	ERVL-E-int	chr2	153690517	153693315	+	turquoise
ERVLE_2q24.1a	ERVL-E-int	chr2	154469035	154471004	+	turquoise
ERVLE_2q24.1d	ERVL-E-int	chr2	158205645	158207924	+	turquoise
ERVLE_2q24.2a	ERVL-E-int	chr2	160554652	160557062	-	turquoise
ERVLE_2q24.2b	ERVL-E-int	chr2	160944810	160949283	+	turquoise
ERVLE_2q24.3a	ERVL-E-int	chr2	163581868	163584936	+	turquoise
ERVLE_2q24.3b	ERVL-E-int	chr2	165779881	165783164	-	turquoise
ERVLE_2q31.1b	ERVL-E-int	chr2	173119652	173124224	-	turquoise
ERVLE_2q31.2	ERVL-E-int	chr2	177336793	177339616	+	turquoise
ERVLE_2q31.3a	ERVL-E-int	chr2	180223296	180228654	-	turquoise
ERVLE_2q31.3b	ERVL-E-int	chr2	181581043	181582395	-	turquoise
ERVLE_2q32.1a	ERVL-E-int	chr2	182652741	182655617	-	turquoise
ERVLE_2q32.1c	ERVL-E-int	chr2	183163953	183165191	-	turquoise
ERVLE_2q32.1d	ERVL-E-int	chr2	185313543	185314479	+	turquoise
ERVLE_2q32.1e	ERVL-E-int	chr2	185942735	185943726	+	turquoise
ERVLE_2q32.1h	ERVL-E-int	chr2	187290006	187292048	+	turquoise
ERVLE_2q32.1i	ERVL-E-int	chr2	187966433	187968535	+	turquoise
ERVLE_2q32.2a	ERVL-E-int	chr2	188771084	188772192	+	turquoise
ERVLE_2q32.2b	ERVL-E-int	chr2	188808912	188810780	+	turquoise
ERVLE_2q32.2c	ERVL-E-int	chr2	190086496	190087687	-	turquoise
ERVLE_2q32.3b	ERVL-E-int	chr2	192755818	192757178	-	turquoise
ERVLE_2q32.3d	ERVL-E-int	chr2	194199332	194201491	-	turquoise
ERVLE_2q32.3e	ERVL-E-int	chr2	194733834	194736468	-	turquoise
ERVLE_2q32.3f	ERVL-E-int	chr2	195942581	195945121	-	turquoise
ERVLE_2q33.1a	ERVL-E-int	chr2	197313057	197317919	+	turquoise
ERVLE_2q33.1b	ERVL-E-int	chr2	198631690	198632717	+	turquoise
ERVLE_2q33.1c	ERVL-E-int	chr2	198995691	198999477	+	turquoise
ERVLE_2q33.1d	ERVL-E-int	chr2	201055724	201058023	+	turquoise
ERVLE_2q33.3	ERVL-E-int	chr2	204400944	204402890	-	turquoise
ERVLE_2q34a	ERVL-E-int	chr2	208280271	208282358	-	turquoise
ERVLE_2q34b	ERVL-E-int	chr2	208929415	208931956	+	turquoise
ERVLE_2q34c	ERVL-E-int	chr2	211307133	211308352	-	turquoise
ERVLE_2q34d	ERVL-E-int	chr2	212896482	212899373	-	turquoise
ERVLE_2q34e	ERVL-E-int	chr2	213044484	213048020	+	turquoise
ERVLE_2q34g	ERVL-E-int	chr2	213381340	213383043	-	turquoise
ERVLE_2q34h	ERVL-E-int	chr2	213650106	213651751	-	turquoise
ERVLE_2q35a	ERVL-E-int	chr2	216510740	216513481	+	turquoise
ERVLE_2q35b	ERVL-E-int	chr2	217770591	217772071	+	turquoise
ERVLE_2q36.2	ERVL-E-int	chr2	225165973	225168652	-	turquoise
ERVLE_2q36.3a	ERVL-E-int	chr2	226226071	226231862	+	turquoise
ERVLE_2q36.3c	ERVL-E-int	chr2	227856902	227859716	-	turquoise
ERVLE_2q36.3d	ERVL-E-int	chr2	228338769	228341491	+	turquoise
ERVLE_2q36.3f	ERVL-E-int	chr2	228914491	228917849	+	turquoise
ERVLE_2q37.1	ERVL-E-int	chr2	232157475	232158198	-	turquoise
ERVLE_2q37.3a	ERVL-E-int	chr2	237115095	237116613	+	turquoise
ERVLE_2q37.3c	ERVL-E-int	chr2	237241635	237243000	+	turquoise
ERVLE_2q37.3d	ERVL-E-int	chr2	237302211	237307008	-	turquoise
ERVLE_2q37.3e	ERVL-E-int	chr2	237477585	237479671	-	turquoise
ERVLE_3p11.1a	ERVL-E-int	chr3	89585323	89586646	-	turquoise
ERVLE_3p11.1d	ERVL-E-int	chr3	89598495	89600953	-	turquoise
ERVLE_3p11.2c	ERVL-E-int	chr3	87667420	87668411	+	turquoise
ERVLE_3p12.1b	ERVL-E-int	chr3	84909814	84916301	+	turquoise
ERVLE_3p12.1c	ERVL-E-int	chr3	86442196	86448293	+	turquoise
ERVLE_3p12.1d	ERVL-E-int	chr3	86925892	86928065	-	turquoise
ERVLE_3p12.1e	ERVL-E-int	chr3	87067654	87071334	+	turquoise
ERVLE_3p12.2b	ERVL-E-int	chr3	80180559	80182759	+	turquoise
ERVLE_3p12.2e	ERVL-E-int	chr3	80885606	80887604	-	turquoise
ERVLE_3p12.2f	ERVL-E-int	chr3	80937332	80939771	-	turquoise
ERVLE_3p12.2g	ERVL-E-int	chr3	81728971	81730583	+	turquoise
ERVLE_3p12.2h	ERVL-E-int	chr3	81734506	81736552	-	turquoise
ERVLE_3p12.2i	ERVL-E-int	chr3	83019239	83020150	-	turquoise
ERVLE_3p12.3	ERVL-E-int	chr3	79111643	79116078	+	turquoise
ERVLE_3p14.2a	ERVL-E-int	chr3	60767746	60770164	+	turquoise
ERVLE_3p21.2	ERVL-E-int	chr3	50923601	50924796	-	turquoise
ERVLE_3p21.31a	ERVL-E-int	chr3	45014519	45016480	+	turquoise
ERVLE_3p21.31c	ERVL-E-int	chr3	45282981	45287440	-	turquoise
ERVLE_3p21.31e	ERVL-E-int	chr3	46282260	46283076	-	turquoise
ERVLE_3p21.31f	ERVL-E-int	chr3	46834473	46837458	-	turquoise
ERVLE_3p21.31g	ERVL-E-int	chr3	47953560	47958499	+	turquoise
ERVLE_3p22.1b	ERVL-E-int	chr3	39843529	39845079	-	turquoise
ERVLE_3p22.1c	ERVL-E-int	chr3	41984938	41986921	+	turquoise
ERVLE_3p22.1d	ERVL-E-int	chr3	42680198	42680875	-	turquoise
ERVLE_3p22.2c	ERVL-E-int	chr3	39049134	39050019	-	turquoise
ERVLE_3p22.3a	ERVL-E-int	chr3	33222864	33224908	-	turquoise
ERVLE_3p22.3b	ERVL-E-int	chr3	34583594	34587014	-	turquoise
ERVLE_3p22.3d	ERVL-E-int	chr3	35891137	35892785	+	turquoise
ERVLE_3p22.3e	ERVL-E-int	chr3	36012327	36013319	+	turquoise
ERVLE_3p24.1c	ERVL-E-int	chr3	27138754	27140686	+	turquoise
ERVLE_3p24.1d	ERVL-E-int	chr3	28900238	28904008	-	turquoise
ERVLE_3p24.1e	ERVL-E-int	chr3	29215164	29218038	-	turquoise
ERVLE_3p24.2a	ERVL-E-int	chr3	24676396	24677387	+	turquoise
ERVLE_3p24.2b	ERVL-E-int	chr3	25698820	25699426	-	turquoise
ERVLE_3p24.2c	ERVL-E-int	chr3	25986027	25988001	-	turquoise
ERVLE_3p24.3b	ERVL-E-int	chr3	19023626	19025140	-	turquoise
ERVLE_3p24.3e	ERVL-E-int	chr3	23443952	23445979	-	turquoise
ERVLE_3p24.3f	ERVL-E-int	chr3	23446033	23446982	-	turquoise
ERVLE_3p25.1	ERVL-E-int	chr3	13774931	13777799	+	turquoise
ERVLE_3p26.1	ERVL-E-int	chr3	6395165	6396558	-	turquoise
ERVLE_3q11.1	ERVL-E-int	chr3	93961783	93963470	+	turquoise
ERVLE_3q11.2a	ERVL-E-int	chr3	94319866	94320712	+	turquoise
ERVLE_3q11.2b	ERVL-E-int	chr3	94493015	94497371	-	turquoise
ERVLE_3q11.2c	ERVL-E-int	chr3	94557796	94559210	+	turquoise
ERVLE_3q11.2d	ERVL-E-int	chr3	94561987	94564227	-	turquoise
ERVLE_3q11.2e	ERVL-E-int	chr3	94571211	94574050	-	turquoise
ERVLE_3q11.2h	ERVL-E-int	chr3	96188944	96191218	+	turquoise
ERVLE_3q12.3a	ERVL-E-int	chr3	102353786	102356369	+	turquoise
ERVLE_3q12.3b	ERVL-E-int	chr3	102810917	102811511	-	turquoise
ERVLE_3q13.11a	ERVL-E-int	chr3	103729504	103731400	-	turquoise
ERVLE_3q13.11b	ERVL-E-int	chr3	104211464	104214604	+	turquoise
ERVLE_3q13.13a	ERVL-E-int	chr3	108334917	108336689	+	turquoise
ERVLE_3q13.13b	ERVL-E-int	chr3	108537244	108538368	-	turquoise
ERVLE_3q13.13d	ERVL-E-int	chr3	110173838	110175415	-	turquoise
ERVLE_3q13.13f	ERVL-E-int	chr3	111161253	111162136	-	turquoise
ERVLE_3q13.2a	ERVL-E-int	chr3	112839154	112840697	+	turquoise
ERVLE_3q13.2b	ERVL-E-int	chr3	113036547	113037824	+	turquoise
ERVLE_3q13.32	ERVL-E-int	chr3	118735081	118739848	-	turquoise
ERVLE_3q13.33c	ERVL-E-int	chr3	121127120	121130720	+	turquoise
ERVLE_3q21.3a	ERVL-E-int	chr3	127122155	127124490	+	turquoise
ERVLE_3q22.2a	ERVL-E-int	chr3	134421008	134422249	-	turquoise
ERVLE_3q22.2b	ERVL-E-int	chr3	135316613	135320653	-	turquoise
ERVLE_3q22.3a	ERVL-E-int	chr3	136577192	136579271	+	turquoise
ERVLE_3q22.3b	ERVL-E-int	chr3	136893758	136894683	-	turquoise
ERVLE_3q22.3c	ERVL-E-int	chr3	137826609	137827292	+	turquoise
ERVLE_3q23a	ERVL-E-int	chr3	140626620	140630460	+	turquoise
ERVLE_3q23b	ERVL-E-int	chr3	140779115	140780705	+	turquoise
ERVLE_3q24b	ERVL-E-int	chr3	145622612	145625150	+	turquoise
ERVLE_3q24c	ERVL-E-int	chr3	146904366	146905980	-	turquoise
ERVLE_3q24d	ERVL-E-int	chr3	148278809	148281792	+	turquoise
ERVLE_3q24e	ERVL-E-int	chr3	148470359	148473886	-	turquoise
ERVLE_3q24f	ERVL-E-int	chr3	148600713	148601910	-	turquoise
ERVLE_3q24g	ERVL-E-int	chr3	148663228	148664136	+	turquoise
ERVLE_3q25.32	ERVL-E-int	chr3	158892606	158896116	-	turquoise
ERVLE_3q26.1a	ERVL-E-int	chr3	161769754	161774597	-	turquoise
ERVLE_3q26.1b	ERVL-E-int	chr3	162132993	162134045	-	turquoise
ERVLE_3q26.1c	ERVL-E-int	chr3	162570093	162571930	+	turquoise
ERVLE_3q26.1d	ERVL-E-int	chr3	162958698	162960602	-	turquoise
ERVLE_3q26.1f	ERVL-E-int	chr3	163031099	163032675	-	turquoise
ERVLE_3q26.1g	ERVL-E-int	chr3	164525052	164526566	-	turquoise
ERVLE_3q26.1h	ERVL-E-int	chr3	166173625	166174423	-	turquoise
ERVLE_3q26.1i	ERVL-E-int	chr3	167324426	167325120	-	turquoise
ERVLE_3q26.2	ERVL-E-int	chr3	170901934	170903659	+	turquoise
ERVLE_3q26.31a	ERVL-E-int	chr3	174416345	174419014	-	turquoise
ERVLE_3q26.31b	ERVL-E-int	chr3	175845687	175850610	-	turquoise
ERVLE_3q26.32a	ERVL-E-int	chr3	177267056	177268447	-	turquoise
ERVLE_3q26.32b	ERVL-E-int	chr3	177324447	177328850	-	turquoise
ERVLE_3q26.33	ERVL-E-int	chr3	182467073	182471636	+	turquoise
ERVLE_3q27.2	ERVL-E-int	chr3	185873385	185875201	+	turquoise
ERVLE_3q27.3	ERVL-E-int	chr3	187658201	187661969	+	turquoise
ERVLE_3q28a	ERVL-E-int	chr3	190217125	190218206	-	turquoise
ERVLE_3q28b	ERVL-E-int	chr3	191555820	191557587	+	turquoise
ERVLE_3q28c	ERVL-E-int	chr3	191770257	191772815	-	turquoise
ERVLE_3q28e	ERVL-E-int	chr3	189326490	189329355	+	turquoise
ERVLE_3q29a	ERVL-E-int	chr3	193854861	193859010	+	turquoise
ERVLE_3q29b	ERVL-E-int	chr3	197906522	197909169	-	turquoise
ERVLE_4p12a	ERVL-E-int	chr4	45199103	45201397	-	turquoise
ERVLE_4p12b	ERVL-E-int	chr4	45249891	45251209	-	turquoise
ERVLE_4p12c	ERVL-E-int	chr4	46132097	46135708	+	turquoise
ERVLE_4p13a	ERVL-E-int	chr4	43040801	43041456	+	turquoise
ERVLE_4p13b	ERVL-E-int	chr4	43517758	43518523	-	turquoise
ERVLE_4p13c	ERVL-E-int	chr4	43868376	43869788	-	turquoise
ERVLE_4p14b	ERVL-E-int	chr4	37188227	37189843	+	turquoise
ERVLE_4p14c	ERVL-E-int	chr4	38602647	38604070	+	turquoise
ERVLE_4p15.1c	ERVL-E-int	chr4	32219403	32220473	+	turquoise
ERVLE_4p15.1d	ERVL-E-int	chr4	32312511	32317090	-	turquoise
ERVLE_4p15.1e	ERVL-E-int	chr4	32490510	32492613	+	turquoise
ERVLE_4p15.1g	ERVL-E-int	chr4	33637859	33640394	-	turquoise
ERVLE_4p15.1h	ERVL-E-int	chr4	34544165	34545478	+	turquoise
ERVLE_4p15.2b	ERVL-E-int	chr4	22135254	22140062	+	turquoise
ERVLE_4p15.2c	ERVL-E-int	chr4	23749572	23750669	+	turquoise
ERVLE_4p15.31a	ERVL-E-int	chr4	20137321	20140028	+	turquoise
ERVLE_4p15.33	ERVL-E-int	chr4	12452512	12454239	+	turquoise
ERVLE_4p16.1c	ERVL-E-int	chr4	7850687	7853092	+	turquoise
ERVLE_4q12b	ERVL-E-int	chr4	56584757	56585937	-	turquoise
ERVLE_4q12d	ERVL-E-int	chr4	57834043	57835937	-	turquoise
ERVLE_4q12e	ERVL-E-int	chr4	57850894	57854286	+	turquoise
ERVLE_4q13.1a	ERVL-E-int	chr4	58961954	58962495	-	turquoise
ERVLE_4q13.1c	ERVL-E-int	chr4	59198493	59199991	-	turquoise
ERVLE_4q13.1d	ERVL-E-int	chr4	59985039	59987800	+	turquoise
ERVLE_4q13.1f	ERVL-E-int	chr4	62391836	62393360	-	turquoise
ERVLE_4q13.1g	ERVL-E-int	chr4	62831543	62835350	-	turquoise
ERVLE_4q13.1h	ERVL-E-int	chr4	62879122	62879773	+	turquoise
ERVLE_4q13.1j	ERVL-E-int	chr4	63439565	63440728	-	turquoise
ERVLE_4q13.1k	ERVL-E-int	chr4	63890382	63892433	-	turquoise
ERVLE_4q13.1l	ERVL-E-int	chr4	65481236	65484520	+	turquoise
ERVLE_4q13.2a	ERVL-E-int	chr4	67020593	67023089	-	turquoise
ERVLE_4q13.2b	ERVL-E-int	chr4	67256989	67261877	-	turquoise
ERVLE_4q13.3a	ERVL-E-int	chr4	69540740	69545098	+	turquoise
ERVLE_4q13.3c	ERVL-E-int	chr4	70394339	70395004	-	turquoise
ERVLE_4q13.3d	ERVL-E-int	chr4	70609115	70612106	-	turquoise
ERVLE_4q13.3e	ERVL-E-int	chr4	72058779	72060937	-	turquoise
ERVLE_4q13.3f	ERVL-E-int	chr4	72380086	72382130	+	turquoise
ERVLE_4q13.3g	ERVL-E-int	chr4	73313544	73317374	+	turquoise
ERVLE_4q21.1a	ERVL-E-int	chr4	75361031	75363410	+	turquoise
ERVLE_4q21.1b	ERVL-E-int	chr4	76291860	76295260	-	turquoise
ERVLE_4q21.1d	ERVL-E-int	chr4	77138715	77140716	-	turquoise
ERVLE_4q21.1e	ERVL-E-int	chr4	77705578	77706521	+	turquoise
ERVLE_4q21.21a	ERVL-E-int	chr4	78041638	78042241	-	turquoise
ERVLE_4q21.21b	ERVL-E-int	chr4	79117801	79118348	-	turquoise
ERVLE_4q21.21c	ERVL-E-int	chr4	79239261	79241863	+	turquoise
ERVLE_4q21.21d	ERVL-E-int	chr4	80793516	80799041	-	turquoise
ERVLE_4q21.22	ERVL-E-int	chr4	82384061	82385560	+	turquoise
ERVLE_4q21.23a	ERVL-E-int	chr4	83250518	83251814	-	turquoise
ERVLE_4q21.23b	ERVL-E-int	chr4	84227635	84228771	-	turquoise
ERVLE_4q21.23c	ERVL-E-int	chr4	84945001	84946272	+	turquoise
ERVLE_4q21.3	ERVL-E-int	chr4	86916104	86921518	+	turquoise
ERVLE_4q22.1c	ERVL-E-int	chr4	87937638	87939311	-	turquoise
ERVLE_4q22.1d	ERVL-E-int	chr4	88216042	88217357	+	turquoise
ERVLE_4q22.1e	ERVL-E-int	chr4	91906293	91907174	+	turquoise
ERVLE_4q22.2	ERVL-E-int	chr4	93814139	93819147	+	turquoise
ERVLE_4q22.3a	ERVL-E-int	chr4	94241576	94247399	-	turquoise
ERVLE_4q22.3b	ERVL-E-int	chr4	95660439	95661378	-	turquoise
ERVLE_4q22.3c	ERVL-E-int	chr4	96020824	96025529	+	turquoise
ERVLE_4q23c	ERVL-E-int	chr4	99103433	99104536	+	turquoise
ERVLE_4q23d	ERVL-E-int	chr4	99110478	99112317	+	turquoise
ERVLE_4q24a	ERVL-E-int	chr4	100330081	100330805	+	turquoise
ERVLE_4q24b	ERVL-E-int	chr4	100338413	100340350	+	turquoise
ERVLE_4q24c	ERVL-E-int	chr4	101468653	101471863	+	turquoise
ERVLE_4q24d	ERVL-E-int	chr4	101518613	101520082	+	turquoise
ERVLE_4q24e	ERVL-E-int	chr4	101816468	101820290	-	turquoise
ERVLE_4q24f	ERVL-E-int	chr4	102185856	102188859	-	turquoise
ERVLE_4q24g	ERVL-E-int	chr4	102271200	102271959	+	turquoise
ERVLE_4q24h	ERVL-E-int	chr4	102779767	102780844	+	turquoise
ERVLE_4q24i	ERVL-E-int	chr4	102843628	102846283	-	turquoise
ERVLE_4q24j	ERVL-E-int	chr4	103854566	103856263	+	turquoise
ERVLE_4q24l	ERVL-E-int	chr4	105092250	105094260	+	turquoise
ERVLE_4q25a	ERVL-E-int	chr4	106843101	106846945	-	turquoise
ERVLE_4q25b	ERVL-E-int	chr4	107263882	107266484	+	turquoise
ERVLE_4q25d	ERVL-E-int	chr4	108643121	108647246	-	turquoise
ERVLE_4q25e	ERVL-E-int	chr4	109546905	109549504	+	turquoise
ERVLE_4q25g	ERVL-E-int	chr4	111506330	111508261	-	turquoise
ERVLE_4q25h	ERVL-E-int	chr4	112330565	112333779	-	turquoise
ERVLE_4q26b	ERVL-E-int	chr4	116025781	116027945	-	turquoise
ERVLE_4q26c	ERVL-E-int	chr4	116571629	116576617	-	turquoise
ERVLE_4q26d	ERVL-E-int	chr4	117568863	117571422	-	turquoise
ERVLE_4q26e	ERVL-E-int	chr4	117898903	117900122	+	turquoise
ERVLE_4q26f	ERVL-E-int	chr4	119817623	119819237	-	turquoise
ERVLE_4q27a	ERVL-E-int	chr4	120287158	120289178	+	turquoise
ERVLE_4q28.1a	ERVL-E-int	chr4	123499554	123500559	-	turquoise
ERVLE_4q28.1b	ERVL-E-int	chr4	123692722	123694448	+	turquoise
ERVLE_4q28.1c	ERVL-E-int	chr4	125132497	125134156	+	turquoise
ERVLE_4q28.1d	ERVL-E-int	chr4	125623133	125624568	+	turquoise
ERVLE_4q28.1e	ERVL-E-int	chr4	126488255	126491707	-	turquoise
ERVLE_4q28.1f	ERVL-E-int	chr4	127165712	127166619	+	turquoise
ERVLE_4q28.1g	ERVL-E-int	chr4	127181794	127182808	+	turquoise
ERVLE_4q28.1h	ERVL-E-int	chr4	127188845	127190350	+	turquoise
ERVLE_4q28.2a	ERVL-E-int	chr4	129260324	129262288	+	turquoise
ERVLE_4q28.2b	ERVL-E-int	chr4	129495397	129498177	-	turquoise
ERVLE_4q28.2c	ERVL-E-int	chr4	129541552	129545653	+	turquoise
ERVLE_4q28.3a	ERVL-E-int	chr4	130228348	130231329	-	turquoise
ERVLE_4q28.3b	ERVL-E-int	chr4	130336550	130338687	-	turquoise
ERVLE_4q28.3c	ERVL-E-int	chr4	130419654	130421527	+	turquoise
ERVLE_4q28.3d	ERVL-E-int	chr4	131340201	131342220	-	turquoise
ERVLE_4q28.3e	ERVL-E-int	chr4	132171031	132172747	+	turquoise
ERVLE_4q28.3f	ERVL-E-int	chr4	132213318	132219024	+	turquoise
ERVLE_4q28.3g	ERVL-E-int	chr4	133920742	133922371	-	turquoise
ERVLE_4q28.3h	ERVL-E-int	chr4	135417707	135419847	+	turquoise
ERVLE_4q28.3j	ERVL-E-int	chr4	135951319	135954865	+	turquoise
ERVLE_4q28.3l	ERVL-E-int	chr4	136652286	136654345	+	turquoise
ERVLE_4q31.1a	ERVL-E-int	chr4	139639594	139642728	-	turquoise
ERVLE_4q31.1b	ERVL-E-int	chr4	140435357	140437823	+	turquoise
ERVLE_4q31.21a	ERVL-E-int	chr4	141422582	141426844	-	turquoise
ERVLE_4q31.21b	ERVL-E-int	chr4	142212289	142214425	-	turquoise
ERVLE_4q31.21c	ERVL-E-int	chr4	142859332	142861588	-	turquoise
ERVLE_4q31.21d	ERVL-E-int	chr4	144861022	144862441	+	turquoise
ERVLE_4q31.21e	ERVL-E-int	chr4	144890167	144891006	+	turquoise
ERVLE_4q31.21f	ERVL-E-int	chr4	145206813	145210318	-	turquoise
ERVLE_4q31.22b	ERVL-E-int	chr4	146950551	146952319	+	turquoise
ERVLE_4q31.23a	ERVL-E-int	chr4	147566855	147569445	-	turquoise
ERVLE_4q31.23b	ERVL-E-int	chr4	147607257	147609206	-	turquoise
ERVLE_4q31.23c	ERVL-E-int	chr4	148613113	148614226	-	turquoise
ERVLE_4q31.3b	ERVL-E-int	chr4	153879148	153884127	+	turquoise
ERVLE_4q31.3c	ERVL-E-int	chr4	154309666	154310865	+	turquoise
ERVLE_4q32.1a	ERVL-E-int	chr4	155181369	155183847	+	turquoise
ERVLE_4q32.1c	ERVL-E-int	chr4	155414669	155419242	-	turquoise
ERVLE_4q32.1d	ERVL-E-int	chr4	156407191	156408016	+	turquoise
ERVLE_4q32.1e	ERVL-E-int	chr4	157208320	157211329	+	turquoise
ERVLE_4q32.1f	ERVL-E-int	chr4	157746734	157748847	-	turquoise
ERVLE_4q32.1h	ERVL-E-int	chr4	159546737	159548796	-	turquoise
ERVLE_4q32.1j	ERVL-E-int	chr4	160442390	160448612	+	turquoise
ERVLE_4q32.1l	ERVL-E-int	chr4	160671598	160672932	-	turquoise
ERVLE_4q32.2a	ERVL-E-int	chr4	160844188	160845622	-	turquoise
ERVLE_4q32.2d	ERVL-E-int	chr4	160987535	160989466	+	turquoise
ERVLE_4q32.2e	ERVL-E-int	chr4	161124264	161126524	-	turquoise
ERVLE_4q32.2h	ERVL-E-int	chr4	162269737	162272381	-	turquoise
ERVLE_4q32.2i	ERVL-E-int	chr4	162353129	162354919	+	turquoise
ERVLE_4q32.2k	ERVL-E-int	chr4	162783361	162785204	-	turquoise
ERVLE_4q32.2m	ERVL-E-int	chr4	163065020	163074336	+	turquoise
ERVLE_4q32.3b	ERVL-E-int	chr4	163937641	163941670	-	turquoise
ERVLE_4q32.3d	ERVL-E-int	chr4	165753076	165754632	-	turquoise
ERVLE_4q32.3g	ERVL-E-int	chr4	168968326	168969306	-	turquoise
ERVLE_4q33a	ERVL-E-int	chr4	170295043	170296738	+	turquoise
ERVLE_4q33b	ERVL-E-int	chr4	170992889	170997721	-	turquoise
ERVLE_4q34.1c	ERVL-E-int	chr4	171224326	171226091	+	turquoise
ERVLE_4q34.1e	ERVL-E-int	chr4	172741891	172744768	-	turquoise
ERVLE_4q34.1f	ERVL-E-int	chr4	173059498	173060497	-	turquoise
ERVLE_4q34.1g	ERVL-E-int	chr4	173756255	173758088	+	turquoise
ERVLE_4q34.1h	ERVL-E-int	chr4	174749466	174750717	+	turquoise
ERVLE_4q34.2a	ERVL-E-int	chr4	175406987	175410855	+	turquoise
ERVLE_4q34.2b	ERVL-E-int	chr4	176532525	176535531	+	turquoise
ERVLE_4q34.2c	ERVL-E-int	chr4	176592712	176595670	+	turquoise
ERVLE_4q34.3b	ERVL-E-int	chr4	176992722	176996113	-	turquoise
ERVLE_4q34.3c	ERVL-E-int	chr4	177050454	177051067	-	turquoise
ERVLE_4q34.3e	ERVL-E-int	chr4	177260470	177263635	+	turquoise
ERVLE_4q34.3f	ERVL-E-int	chr4	177487524	177490452	-	turquoise
ERVLE_4q34.3k	ERVL-E-int	chr4	179212887	179217724	+	turquoise
ERVLE_4q34.3l	ERVL-E-int	chr4	179432281	179435611	-	turquoise
ERVLE_4q34.3m	ERVL-E-int	chr4	179828213	179833723	+	turquoise
ERVLE_4q35.1a	ERVL-E-int	chr4	182953790	182956090	+	turquoise
ERVLE_4q35.2a	ERVL-E-int	chr4	186509648	186511737	-	turquoise
ERVLE_4q35.2b	ERVL-E-int	chr4	186538549	186543865	+	turquoise
ERVLE_5p12a	ERVL-E-int	chr5	42727042	42727840	-	turquoise
ERVLE_5p12b	ERVL-E-int	chr5	43281671	43286380	-	turquoise
ERVLE_5p12c	ERVL-E-int	chr5	44050957	44053382	-	turquoise
ERVLE_5p13.1	ERVL-E-int	chr5	40515547	40516801	+	turquoise
ERVLE_5p13.2b	ERVL-E-int	chr5	35940127	35942227	+	turquoise
ERVLE_5p13.2c	ERVL-E-int	chr5	36707963	36712659	-	turquoise
ERVLE_5p13.2d	ERVL-E-int	chr5	36772741	36777062	+	turquoise
ERVLE_5p13.2e	ERVL-E-int	chr5	38196883	38200966	+	turquoise
ERVLE_5p13.3b	ERVL-E-int	chr5	28960070	28962456	-	turquoise
ERVLE_5p13.3c	ERVL-E-int	chr5	29228589	29229558	-	turquoise
ERVLE_5p13.3d	ERVL-E-int	chr5	29502700	29505413	+	turquoise
ERVLE_5p13.3e	ERVL-E-int	chr5	29559741	29562109	+	turquoise
ERVLE_5p13.3f	ERVL-E-int	chr5	29836266	29840103	+	turquoise
ERVLE_5p13.3g	ERVL-E-int	chr5	29872684	29875544	+	turquoise
ERVLE_5p13.3h	ERVL-E-int	chr5	29970588	29971374	-	turquoise
ERVLE_5p13.3i	ERVL-E-int	chr5	31241893	31243441	-	turquoise
ERVLE_5p13.3j	ERVL-E-int	chr5	32451650	32454706	-	turquoise
ERVLE_5p13.3k	ERVL-E-int	chr5	32678900	32682314	-	turquoise
ERVLE_5p13.3l	ERVL-E-int	chr5	33039722	33041554	+	turquoise
ERVLE_5p14.1a	ERVL-E-int	chr5	24890439	24892089	+	turquoise
ERVLE_5p14.1b	ERVL-E-int	chr5	24895047	24897965	+	turquoise
ERVLE_5p14.1c	ERVL-E-int	chr5	25152578	25155900	+	turquoise
ERVLE_5p14.1e	ERVL-E-int	chr5	25471097	25472969	+	turquoise
ERVLE_5p14.1f	ERVL-E-int	chr5	25598654	25600138	-	turquoise
ERVLE_5p14.1g	ERVL-E-int	chr5	25820167	25821669	+	turquoise
ERVLE_5p14.1h	ERVL-E-int	chr5	26423333	26428119	-	turquoise
ERVLE_5p14.1i	ERVL-E-int	chr5	26543974	26546393	+	turquoise
ERVLE_5p14.1j	ERVL-E-int	chr5	26679552	26682260	+	turquoise
ERVLE_5p14.1k	ERVL-E-int	chr5	27058270	27060143	+	turquoise
ERVLE_5p14.1m	ERVL-E-int	chr5	27579629	27581261	-	turquoise
ERVLE_5p14.1n	ERVL-E-int	chr5	28008057	28009387	-	turquoise
ERVLE_5p14.1o	ERVL-E-int	chr5	28287750	28288628	+	turquoise
ERVLE_5p14.1p	ERVL-E-int	chr5	28316106	28319929	-	turquoise
ERVLE_5p14.2b	ERVL-E-int	chr5	23828565	23830332	-	turquoise
ERVLE_5p14.2c	ERVL-E-int	chr5	23837232	23838544	-	turquoise
ERVLE_5p14.2e	ERVL-E-int	chr5	24058326	24059658	+	turquoise
ERVLE_5p14.2f	ERVL-E-int	chr5	24333538	24334602	-	turquoise
ERVLE_5p15.1a	ERVL-E-int	chr5	15023066	15024376	-	turquoise
ERVLE_5p15.1b	ERVL-E-int	chr5	15312668	15313975	+	turquoise
ERVLE_5p15.1c	ERVL-E-int	chr5	15317276	15320290	+	turquoise
ERVLE_5p15.2c	ERVL-E-int	chr5	12273370	12275147	+	turquoise
ERVLE_5p15.2d	ERVL-E-int	chr5	12460303	12463124	+	turquoise
ERVLE_5p15.2e	ERVL-E-int	chr5	12970915	12971708	+	turquoise
ERVLE_5p15.31b	ERVL-E-int	chr5	8449764	8451822	+	turquoise
ERVLE_5p15.31c	ERVL-E-int	chr5	8894638	8896735	+	turquoise
ERVLE_5p15.32a	ERVL-E-int	chr5	5403904	5406675	-	turquoise
ERVLE_5p15.32b	ERVL-E-int	chr5	5738978	5740902	-	turquoise
ERVLE_5q11.1	ERVL-E-int	chr5	50630668	50634250	+	turquoise
ERVLE_5q11.2a	ERVL-E-int	chr5	54327522	54331132	-	turquoise
ERVLE_5q11.2b	ERVL-E-int	chr5	57465630	57469978	-	turquoise
ERVLE_5q11.2d	ERVL-E-int	chr5	57972916	57975460	-	turquoise
ERVLE_5q12.3a	ERVL-E-int	chr5	64374699	64377488	+	turquoise
ERVLE_5q12.3b	ERVL-E-int	chr5	64617853	64619221	-	turquoise
ERVLE_5q12.3c	ERVL-E-int	chr5	66416814	66418774	-	turquoise
ERVLE_5q13.2a	ERVL-E-int	chr5	71568176	71570697	-	turquoise
ERVLE_5q13.2c	ERVL-E-int	chr5	73166154	73170217	-	turquoise
ERVLE_5q13.2d	ERVL-E-int	chr5	73395554	73398002	+	turquoise
ERVLE_5q13.3b	ERVL-E-int	chr5	75956974	75958253	+	turquoise
ERVLE_5q13.3c	ERVL-E-int	chr5	77126832	77127905	-	turquoise
ERVLE_5q14.2	ERVL-E-int	chr5	82320173	82321822	+	turquoise
ERVLE_5q14.3b	ERVL-E-int	chr5	85141075	85142885	-	turquoise
ERVLE_5q14.3c	ERVL-E-int	chr5	85870660	85874930	+	turquoise
ERVLE_5q14.3e	ERVL-E-int	chr5	87553205	87556391	-	turquoise
ERVLE_5q14.3f	ERVL-E-int	chr5	88639693	88642676	-	turquoise
ERVLE_5q14.3g	ERVL-E-int	chr5	89517918	89519053	-	turquoise
ERVLE_5q14.3i	ERVL-E-int	chr5	91881023	91882036	-	turquoise
ERVLE_5q15a	ERVL-E-int	chr5	93772880	93773577	+	turquoise
ERVLE_5q15c	ERVL-E-int	chr5	96545379	96548743	-	turquoise
ERVLE_5q15d	ERVL-E-int	chr5	97422345	97426772	-	turquoise
ERVLE_5q15e	ERVL-E-int	chr5	97761554	97764135	+	turquoise
ERVLE_5q15f	ERVL-E-int	chr5	97829046	97830726	-	turquoise
ERVLE_5q21.1a	ERVL-E-int	chr5	99003302	99005978	+	turquoise
ERVLE_5q21.1b	ERVL-E-int	chr5	99899489	99901357	-	turquoise
ERVLE_5q21.1c	ERVL-E-int	chr5	100798069	100800597	+	turquoise
ERVLE_5q21.1d	ERVL-E-int	chr5	102481627	102484291	-	turquoise
ERVLE_5q21.3a	ERVL-E-int	chr5	106967504	106968459	+	turquoise
ERVLE_5q21.3c	ERVL-E-int	chr5	109348621	109349207	+	turquoise
ERVLE_5q21.3f	ERVL-E-int	chr5	110081026	110083743	+	turquoise
ERVLE_5q21.3g	ERVL-E-int	chr5	110113084	110115281	+	turquoise
ERVLE_5q22.1a	ERVL-E-int	chr5	110871700	110874913	+	turquoise
ERVLE_5q22.1b	ERVL-E-int	chr5	111147729	111149651	-	turquoise
ERVLE_5q22.2a	ERVL-E-int	chr5	112355855	112358227	+	turquoise
ERVLE_5q22.2b	ERVL-E-int	chr5	112547505	112549086	+	turquoise
ERVLE_5q22.2c	ERVL-E-int	chr5	113132479	113133003	-	turquoise
ERVLE_5q22.2d	ERVL-E-int	chr5	113136161	113140639	-	turquoise
ERVLE_5q22.3a	ERVL-E-int	chr5	113902396	113903364	-	turquoise
ERVLE_5q22.3b	ERVL-E-int	chr5	114027777	114031826	+	turquoise
ERVLE_5q22.3c	ERVL-E-int	chr5	114304099	114307874	-	turquoise
ERVLE_5q22.3d	ERVL-E-int	chr5	115085715	115087935	+	turquoise
ERVLE_5q22.3e	ERVL-E-int	chr5	115604301	115605777	+	turquoise
ERVLE_5q22.3f	ERVL-E-int	chr5	115636366	115637552	-	turquoise
ERVLE_5q23.1b	ERVL-E-int	chr5	118831656	118832807	+	turquoise
ERVLE_5q23.1c	ERVL-E-int	chr5	119938843	119940007	-	turquoise
ERVLE_5q23.2a	ERVL-E-int	chr5	123477474	123481437	-	turquoise
ERVLE_5q23.2b	ERVL-E-int	chr5	125587739	125591204	-	turquoise
ERVLE_5q23.2c	ERVL-E-int	chr5	126104338	126107673	+	turquoise
ERVLE_5q23.3a	ERVL-E-int	chr5	128597162	128600155	-	turquoise
ERVLE_5q23.3b	ERVL-E-int	chr5	129217483	129220410	+	turquoise
ERVLE_5q23.3c	ERVL-E-int	chr5	129277463	129278733	+	turquoise
ERVLE_5q23.3d	ERVL-E-int	chr5	129307464	129309200	-	turquoise
ERVLE_5q23.3e	ERVL-E-int	chr5	129446684	129448391	-	turquoise
ERVLE_5q23.3f	ERVL-E-int	chr5	129807232	129809069	+	turquoise
ERVLE_5q23.3g	ERVL-E-int	chr5	130212683	130215843	+	turquoise
ERVLE_5q23.3h	ERVL-E-int	chr5	130299867	130301538	+	turquoise
ERVLE_5q23.3i	ERVL-E-int	chr5	130355285	130357115	+	turquoise
ERVLE_5q31.1a	ERVL-E-int	chr5	131225382	131226891	+	turquoise
ERVLE_5q31.1c	ERVL-E-int	chr5	132289440	132292324	+	turquoise
ERVLE_5q31.1d	ERVL-E-int	chr5	132535254	132537474	+	turquoise
ERVLE_5q31.1g	ERVL-E-int	chr5	135651743	135653623	+	turquoise
ERVLE_5q31.3a	ERVL-E-int	chr5	141264023	141265504	-	turquoise
ERVLE_5q31.3b	ERVL-E-int	chr5	141266733	141269951	+	turquoise
ERVLE_5q31.3c	ERVL-E-int	chr5	141280670	141282711	+	turquoise
ERVLE_5q31.3d	ERVL-E-int	chr5	141290142	141293463	+	turquoise
ERVLE_5q31.3e	ERVL-E-int	chr5	141689703	141691521	-	turquoise
ERVLE_5q31.3f	ERVL-E-int	chr5	145067129	145070186	+	turquoise
ERVLE_5q32	ERVL-E-int	chr5	147805029	147808303	-	turquoise
ERVLE_5q33.2	ERVL-E-int	chr5	155696194	155700296	+	turquoise
ERVLE_5q33.3	ERVL-E-int	chr5	160380230	160387013	+	turquoise
ERVLE_5q34a	ERVL-E-int	chr5	165638116	165639177	-	turquoise
ERVLE_5q34b	ERVL-E-int	chr5	166578553	166581164	-	turquoise
ERVLE_5q35.1a	ERVL-E-int	chr5	170087506	170094095	-	turquoise
ERVLE_5q35.2	ERVL-E-int	chr5	174853163	174857212	+	turquoise
ERVLE_5q35.3a	ERVL-E-int	chr5	177555408	177557987	+	turquoise
ERVLE_5q35.3c	ERVL-E-int	chr5	179668380	179669547	-	turquoise
ERVLE_6p12.1a	ERVL-E-int	chr6	53416949	53420757	+	turquoise
ERVLE_6p12.1b	ERVL-E-int	chr6	55378263	55378866	-	turquoise
ERVLE_6p12.1c	ERVL-E-int	chr6	55801103	55804074	+	turquoise
ERVLE_6p12.3b	ERVL-E-int	chr6	50361316	50363225	-	turquoise
ERVLE_6p21.1b	ERVL-E-int	chr6	43381215	43385701	-	turquoise
ERVLE_6p21.1c	ERVL-E-int	chr6	46179764	46180883	+	turquoise
ERVLE_6p21.2a	ERVL-E-int	chr6	36688707	36691575	-	turquoise
ERVLE_6p21.2c	ERVL-E-int	chr6	40144681	40146320	+	turquoise
ERVLE_6p21.2d	ERVL-E-int	chr6	40218526	40222682	+	turquoise
ERVLE_6p21.31a	ERVL-E-int	chr6	33940363	33944337	+	turquoise
ERVLE_6p21.31b	ERVL-E-int	chr6	35123248	35127626	+	turquoise
ERVLE_6p21.31d	ERVL-E-int	chr6	36172272	36173535	+	turquoise
ERVLE_6p21.32	ERVL-E-int	chr6	33491772	33494874	+	turquoise
ERVLE_6p21.33	ERVL-E-int	chr6	31036968	31041018	-	turquoise
ERVLE_6p22.1a	ERVL-E-int	chr6	27128640	27129713	-	turquoise
ERVLE_6p22.1c	ERVL-E-int	chr6	28704386	28705528	-	turquoise
ERVLE_6p22.2b	ERVL-E-int	chr6	27044303	27046624	+	turquoise
ERVLE_6p22.3a	ERVL-E-int	chr6	15715519	15717678	+	turquoise
ERVLE_6p22.3b	ERVL-E-int	chr6	20603124	20605316	+	turquoise
ERVLE_6p22.3c	ERVL-E-int	chr6	23039563	23043479	+	turquoise
ERVLE_6p22.3d	ERVL-E-int	chr6	23637272	23641325	-	turquoise
ERVLE_6p22.3e	ERVL-E-int	chr6	23834760	23835442	+	turquoise
ERVLE_6p24.1a	ERVL-E-int	chr6	11657132	11658462	-	turquoise
ERVLE_6p24.3a	ERVL-E-int	chr6	8879207	8881763	-	turquoise
ERVLE_6p24.3b	ERVL-E-int	chr6	9174207	9178010	-	turquoise
ERVLE_6p24.3c	ERVL-E-int	chr6	9207926	9209712	+	turquoise
ERVLE_6p25.1a	ERVL-E-int	chr6	5876874	5880937	-	turquoise
ERVLE_6p25.1b	ERVL-E-int	chr6	6399456	6402344	+	turquoise
ERVLE_6p25.2b	ERVL-E-int	chr6	3975212	3977466	-	turquoise
ERVLE_6p25.3b	ERVL-E-int	chr6	829630	831653	+	turquoise
ERVLE_6p25.3c	ERVL-E-int	chr6	1551452	1553202	+	turquoise
ERVLE_6q12f	ERVL-E-int	chr6	67210631	67213729	-	turquoise
ERVLE_6q12g	ERVL-E-int	chr6	67282535	67285152	-	turquoise
ERVLE_6q13a	ERVL-E-int	chr6	70563934	70566553	-	turquoise
ERVLE_6q13b	ERVL-E-int	chr6	71822746	71823397	-	turquoise
ERVLE_6q13c	ERVL-E-int	chr6	73942340	73943569	-	turquoise
ERVLE_6q13d	ERVL-E-int	chr6	74182057	74184216	-	turquoise
ERVLE_6q14.1d	ERVL-E-int	chr6	76641859	76646227	-	turquoise
ERVLE_6q14.1e	ERVL-E-int	chr6	76684905	76689159	+	turquoise
ERVLE_6q14.1f	ERVL-E-int	chr6	76781609	76782996	+	turquoise
ERVLE_6q14.1g	ERVL-E-int	chr6	77322889	77326117	+	turquoise
ERVLE_6q14.1h	ERVL-E-int	chr6	77356728	77363902	+	turquoise
ERVLE_6q14.1j	ERVL-E-int	chr6	77940410	77942419	-	turquoise
ERVLE_6q14.1k	ERVL-E-int	chr6	79903569	79911124	-	turquoise
ERVLE_6q14.1l	ERVL-E-int	chr6	80813145	80816045	-	turquoise
ERVLE_6q14.1m	ERVL-E-int	chr6	83199292	83202847	-	turquoise
ERVLE_6q14.2	ERVL-E-int	chr6	83654450	83656661	+	turquoise
ERVLE_6q14.3a	ERVL-E-int	chr6	84233268	84235206	+	turquoise
ERVLE_6q14.3b	ERVL-E-int	chr6	84574439	84576675	+	turquoise
ERVLE_6q14.3c	ERVL-E-int	chr6	84792164	84795163	+	turquoise
ERVLE_6q14.3d	ERVL-E-int	chr6	85915038	85921375	+	turquoise
ERVLE_6q14.3e	ERVL-E-int	chr6	86411453	86413549	+	turquoise
ERVLE_6q14.3f	ERVL-E-int	chr6	86531849	86532707	-	turquoise
ERVLE_6q15a	ERVL-E-int	chr6	87780085	87783101	+	turquoise
ERVLE_6q15b	ERVL-E-int	chr6	88762003	88764029	+	turquoise
ERVLE_6q15c	ERVL-E-int	chr6	89880684	89884610	-	turquoise
ERVLE_6q16.1a	ERVL-E-int	chr6	96454836	96457626	+	turquoise
ERVLE_6q16.1c	ERVL-E-int	chr6	96805587	96807500	+	turquoise
ERVLE_6q16.1d	ERVL-E-int	chr6	96853744	96855659	-	turquoise
ERVLE_6q16.1e	ERVL-E-int	chr6	98818520	98820608	+	turquoise
ERVLE_6q21a	ERVL-E-int	chr6	107437877	107440702	+	turquoise
ERVLE_6q21c	ERVL-E-int	chr6	109356416	109361483	+	turquoise
ERVLE_6q22.1b	ERVL-E-int	chr6	116999283	117001133	-	turquoise
ERVLE_6q22.1c	ERVL-E-int	chr6	117029557	117034366	+	turquoise
ERVLE_6q22.31a	ERVL-E-int	chr6	118402854	118406844	-	turquoise
ERVLE_6q22.31b	ERVL-E-int	chr6	118694772	118700068	-	turquoise
ERVLE_6q22.31c	ERVL-E-int	chr6	119090676	119092125	-	turquoise
ERVLE_6q22.31d	ERVL-E-int	chr6	120041731	120043415	-	turquoise
ERVLE_6q22.31e	ERVL-E-int	chr6	120275002	120275855	-	turquoise
ERVLE_6q22.31f	ERVL-E-int	chr6	120409764	120410317	-	turquoise
ERVLE_6q22.31g	ERVL-E-int	chr6	121184165	121186687	+	turquoise
ERVLE_6q22.31i	ERVL-E-int	chr6	121920375	121922037	-	turquoise
ERVLE_6q22.31j	ERVL-E-int	chr6	122555891	122557953	+	turquoise
ERVLE_6q22.31k	ERVL-E-int	chr6	123772014	123774441	-	turquoise
ERVLE_6q22.32	ERVL-E-int	chr6	126079362	126082227	+	turquoise
ERVLE_6q22.33b	ERVL-E-int	chr6	128650836	128653147	-	turquoise
ERVLE_6q22.33c	ERVL-E-int	chr6	129907164	129908733	-	turquoise
ERVLE_6q23.1	ERVL-E-int	chr6	130473894	130475512	-	turquoise
ERVLE_6q23.2b	ERVL-E-int	chr6	133689205	133691594	-	turquoise
ERVLE_6q23.2c	ERVL-E-int	chr6	133946581	133948031	-	turquoise
ERVLE_6q23.2d	ERVL-E-int	chr6	134532708	134536159	+	turquoise
ERVLE_6q23.3b	ERVL-E-int	chr6	135579885	135582302	+	turquoise
ERVLE_6q23.3c	ERVL-E-int	chr6	135800510	135803032	-	turquoise
ERVLE_6q23.3e	ERVL-E-int	chr6	137463243	137465236	+	turquoise
ERVLE_6q24.1a	ERVL-E-int	chr6	138737919	138744048	+	turquoise
ERVLE_6q24.1b	ERVL-E-int	chr6	140247523	140253262	+	turquoise
ERVLE_6q24.1c	ERVL-E-int	chr6	140641595	140642485	-	turquoise
ERVLE_6q24.1d	ERVL-E-int	chr6	140791988	140793570	-	turquoise
ERVLE_6q24.3b	ERVL-E-int	chr6	145513579	145516278	+	turquoise
ERVLE_6q24.3c	ERVL-E-int	chr6	145754552	145756579	+	turquoise
ERVLE_6q25.2a	ERVL-E-int	chr6	152656318	152659148	-	turquoise
ERVLE_6q25.2b	ERVL-E-int	chr6	152662826	152663768	+	turquoise
ERVLE_6q25.2c	ERVL-E-int	chr6	152904846	152905555	-	turquoise
ERVLE_6q25.2d	ERVL-E-int	chr6	153157711	153160692	-	turquoise
ERVLE_6q25.2f	ERVL-E-int	chr6	153288965	153290913	-	turquoise
ERVLE_6q25.3a	ERVL-E-int	chr6	156650031	156652333	+	turquoise
ERVLE_6q26	ERVL-E-int	chr6	162120486	162123400	+	turquoise
ERVLE_6q27a	ERVL-E-int	chr6	165451911	165455404	+	turquoise
ERVLE_6q27d	ERVL-E-int	chr6	169783790	169786516	-	turquoise
ERVLE_7p11.2b	ERVL-E-int	chr7	57729769	57730859	+	turquoise
ERVLE_7p12.1a	ERVL-E-int	chr7	51464441	51465329	-	turquoise
ERVLE_7p12.2a	ERVL-E-int	chr7	49030348	49031441	-	turquoise
ERVLE_7p12.2c	ERVL-E-int	chr7	49927075	49929264	-	turquoise
ERVLE_7p14.1a	ERVL-E-int	chr7	37655667	37657425	-	turquoise
ERVLE_7p14.1c	ERVL-E-int	chr7	39916478	39918529	-	turquoise
ERVLE_7p14.2a	ERVL-E-int	chr7	35272227	35275771	-	turquoise
ERVLE_7p14.2b	ERVL-E-int	chr7	35592268	35594015	+	turquoise
ERVLE_7p14.3a	ERVL-E-int	chr7	28975149	28979775	+	turquoise
ERVLE_7p14.3b	ERVL-E-int	chr7	31206918	31208730	-	turquoise
ERVLE_7p14.3c	ERVL-E-int	chr7	33204936	33205853	-	turquoise
ERVLE_7p15.3a	ERVL-E-int	chr7	22936049	22936883	-	turquoise
ERVLE_7p15.3b	ERVL-E-int	chr7	23703575	23705572	+	turquoise
ERVLE_7p21.2	ERVL-E-int	chr7	15110579	15114477	+	turquoise
ERVLE_7p21.3a	ERVL-E-int	chr7	8282202	8284756	+	turquoise
ERVLE_7p21.3b	ERVL-E-int	chr7	8392647	8396155	-	turquoise
ERVLE_7p21.3c	ERVL-E-int	chr7	8703903	8706856	+	turquoise
ERVLE_7p21.3d	ERVL-E-int	chr7	9359635	9361221	+	turquoise
ERVLE_7p21.3e	ERVL-E-int	chr7	10947966	10955535	-	turquoise
ERVLE_7p21.3f	ERVL-E-int	chr7	11243769	11244896	+	turquoise
ERVLE_7p21.3g	ERVL-E-int	chr7	11331408	11333641	+	turquoise
ERVLE_7p21.3h	ERVL-E-int	chr7	11612963	11614190	+	turquoise
ERVLE_7p21.3i	ERVL-E-int	chr7	11647236	11650355	-	turquoise
ERVLE_7p21.3j	ERVL-E-int	chr7	12282912	12283571	-	turquoise
ERVLE_7p22.2a	ERVL-E-int	chr7	3626556	3628687	-	turquoise
ERVLE_7q11.21	ERVL-E-int	chr7	66304013	66309489	-	turquoise
ERVLE_7q11.22b	ERVL-E-int	chr7	67905520	67911422	+	turquoise
ERVLE_7q11.22d	ERVL-E-int	chr7	68123234	68124495	+	turquoise
ERVLE_7q11.22e	ERVL-E-int	chr7	68556590	68559051	-	turquoise
ERVLE_7q11.22f	ERVL-E-int	chr7	68559069	68560375	-	turquoise
ERVLE_7q11.22g	ERVL-E-int	chr7	72093392	72094808	+	turquoise
ERVLE_7q21.11c	ERVL-E-int	chr7	83324510	83326010	-	turquoise
ERVLE_7q21.11d	ERVL-E-int	chr7	84929007	84930395	-	turquoise
ERVLE_7q21.12a	ERVL-E-int	chr7	87070520	87072263	-	turquoise
ERVLE_7q21.12b	ERVL-E-int	chr7	87090172	87091617	-	turquoise
ERVLE_7q21.12c	ERVL-E-int	chr7	88460495	88461397	+	turquoise
ERVLE_7q21.13a	ERVL-E-int	chr7	89639059	89639757	-	turquoise
ERVLE_7q21.13b	ERVL-E-int	chr7	89945805	89949866	-	turquoise
ERVLE_7q21.2	ERVL-E-int	chr7	92485345	92486581	+	turquoise
ERVLE_7q21.3a	ERVL-E-int	chr7	93760478	93763816	-	turquoise
ERVLE_7q21.3d	ERVL-E-int	chr7	97659406	97661846	-	turquoise
ERVLE_7q22.1b	ERVL-E-int	chr7	101580742	101583339	+	turquoise
ERVLE_7q31.1a	ERVL-E-int	chr7	109263019	109264379	-	turquoise
ERVLE_7q31.1b	ERVL-E-int	chr7	110211633	110215172	+	turquoise
ERVLE_7q31.1c	ERVL-E-int	chr7	110453546	110457414	+	turquoise
ERVLE_7q31.2a	ERVL-E-int	chr7	115097279	115097928	+	turquoise
ERVLE_7q31.2c	ERVL-E-int	chr7	115835051	115836479	-	turquoise
ERVLE_7q31.31a	ERVL-E-int	chr7	118701315	118704454	+	turquoise
ERVLE_7q31.31b	ERVL-E-int	chr7	119180475	119181548	-	turquoise
ERVLE_7q31.31c	ERVL-E-int	chr7	120186197	120188433	+	turquoise
ERVLE_7q31.31d	ERVL-E-int	chr7	120934939	120938934	-	turquoise
ERVLE_7q31.32a	ERVL-E-int	chr7	122211204	122212866	-	turquoise
ERVLE_7q31.32b	ERVL-E-int	chr7	122212888	122214885	+	turquoise
ERVLE_7q31.32c	ERVL-E-int	chr7	122287497	122291632	-	turquoise
ERVLE_7q31.32d	ERVL-E-int	chr7	122926119	122931682	+	turquoise
ERVLE_7q31.32e	ERVL-E-int	chr7	122956597	122961560	-	turquoise
ERVLE_7q31.32f	ERVL-E-int	chr7	123436464	123439051	-	turquoise
ERVLE_7q31.32g	ERVL-E-int	chr7	123440024	123442393	-	turquoise
ERVLE_7q31.33a	ERVL-E-int	chr7	125638379	125640566	+	turquoise
ERVLE_7q31.33b	ERVL-E-int	chr7	126004493	126006441	-	turquoise
ERVLE_7q32.2a	ERVL-E-int	chr7	130661514	130662373	+	turquoise
ERVLE_7q32.2b	ERVL-E-int	chr7	130706853	130708286	+	turquoise
ERVLE_7q32.3a	ERVL-E-int	chr7	131514572	131517384	+	turquoise
ERVLE_7q33a	ERVL-E-int	chr7	133126066	133131195	+	turquoise
ERVLE_7q34a	ERVL-E-int	chr7	140290502	140295513	-	turquoise
ERVLE_7q34b	ERVL-E-int	chr7	141540948	141542729	+	turquoise
ERVLE_7q34d	ERVL-E-int	chr7	143154803	143160197	-	turquoise
ERVLE_7q35c	ERVL-E-int	chr7	144935896	144937389	-	turquoise
ERVLE_7q35f	ERVL-E-int	chr7	145511764	145514612	-	turquoise
ERVLE_7q35g	ERVL-E-int	chr7	145591204	145595304	+	turquoise
ERVLE_7q35i	ERVL-E-int	chr7	145793620	145794928	-	turquoise
ERVLE_7q35j	ERVL-E-int	chr7	145929430	145931118	+	turquoise
ERVLE_7q36.1a	ERVL-E-int	chr7	149585730	149586958	-	turquoise
ERVLE_7q36.1e	ERVL-E-int	chr7	151291843	151294792	-	turquoise
ERVLE_7q36.1f	ERVL-E-int	chr7	151590282	151592361	+	turquoise
ERVLE_7q36.2b	ERVL-E-int	chr7	153101821	153103202	+	turquoise
ERVLE_7q36.2c	ERVL-E-int	chr7	153237359	153239119	+	turquoise
ERVLE_7q36.2d	ERVL-E-int	chr7	153377097	153380583	-	turquoise
ERVLE_7q36.2e	ERVL-E-int	chr7	153415922	153417117	-	turquoise
ERVLE_7q36.2f	ERVL-E-int	chr7	153678205	153680895	-	turquoise
ERVLE_7q36.2g	ERVL-E-int	chr7	155042104	155042754	-	turquoise
ERVLE_7q36.2h	ERVL-E-int	chr7	155055085	155059379	+	turquoise
ERVLE_8p11.21b	ERVL-E-int	chr8	41215556	41221177	+	turquoise
ERVLE_8p11.22b	ERVL-E-int	chr8	39183557	39185735	-	turquoise
ERVLE_8p11.23b	ERVL-E-int	chr8	37433897	37435461	-	turquoise
ERVLE_8p12a	ERVL-E-int	chr8	29486736	29487964	-	turquoise
ERVLE_8p12b	ERVL-E-int	chr8	30053914	30056259	-	turquoise
ERVLE_8p12c	ERVL-E-int	chr8	30664256	30666863	-	turquoise
ERVLE_8p12d	ERVL-E-int	chr8	31227666	31229986	-	turquoise
ERVLE_8p12f	ERVL-E-int	chr8	33829959	33832626	-	turquoise
ERVLE_8p12g	ERVL-E-int	chr8	34573666	34576301	-	turquoise
ERVLE_8p12h	ERVL-E-int	chr8	34762207	34763335	-	turquoise
ERVLE_8p12j	ERVL-E-int	chr8	35032894	35034133	+	turquoise
ERVLE_8p21.2b	ERVL-E-int	chr8	24777308	24778089	+	turquoise
ERVLE_8p21.2c	ERVL-E-int	chr8	24831554	24832837	+	turquoise
ERVLE_8p21.3a	ERVL-E-int	chr8	19806494	19812562	+	turquoise
ERVLE_8p21.3c	ERVL-E-int	chr8	20965640	20967666	+	turquoise
ERVLE_8p21.3d	ERVL-E-int	chr8	22894049	22895447	+	turquoise
ERVLE_8p22a	ERVL-E-int	chr8	12976266	12979702	-	turquoise
ERVLE_8p22b	ERVL-E-int	chr8	13876540	13880538	-	turquoise
ERVLE_8p22d	ERVL-E-int	chr8	16436942	16438382	-	turquoise
ERVLE_8p22f	ERVL-E-int	chr8	17419248	17421351	+	turquoise
ERVLE_8p23.1a	ERVL-E-int	chr8	10469865	10470516	-	turquoise
ERVLE_8p23.1b	ERVL-E-int	chr8	10485356	10487565	+	turquoise
ERVLE_8p23.1d	ERVL-E-int	chr8	11335970	11337793	-	turquoise
ERVLE_8p23.1e	ERVL-E-int	chr8	11338021	11340451	+	turquoise
ERVLE_8p23.2d	ERVL-E-int	chr8	5513958	5516461	+	turquoise
ERVLE_8q11.21a	ERVL-E-int	chr8	47506952	47508682	-	turquoise
ERVLE_8q11.21b	ERVL-E-int	chr8	49483636	49486584	+	turquoise
ERVLE_8q11.21c	ERVL-E-int	chr8	50913154	50915120	+	turquoise
ERVLE_8q11.21e	ERVL-E-int	chr8	51111375	51112429	+	turquoise
ERVLE_8q11.21f	ERVL-E-int	chr8	51139221	51141556	-	turquoise
ERVLE_8q11.23b	ERVL-E-int	chr8	52650632	52654006	+	turquoise
ERVLE_8q11.23c	ERVL-E-int	chr8	53597940	53600482	+	turquoise
ERVLE_8q12.1c	ERVL-E-int	chr8	57572139	57574380	-	turquoise
ERVLE_8q12.1d	ERVL-E-int	chr8	57808912	57810842	-	turquoise
ERVLE_8q12.2	ERVL-E-int	chr8	60886194	60890595	-	turquoise
ERVLE_8q12.3a	ERVL-E-int	chr8	61803988	61807137	-	turquoise
ERVLE_8q12.3b	ERVL-E-int	chr8	62208838	62209433	+	turquoise
ERVLE_8q12.3c	ERVL-E-int	chr8	62214364	62215562	+	turquoise
ERVLE_8q12.3d	ERVL-E-int	chr8	63093665	63096052	-	turquoise
ERVLE_8q12.3f	ERVL-E-int	chr8	64811247	64815461	-	turquoise
ERVLE_8q13.1a	ERVL-E-int	chr8	65106247	65107211	+	turquoise
ERVLE_8q13.2a	ERVL-E-int	chr8	68369122	68372080	-	turquoise
ERVLE_8q21.11	ERVL-E-int	chr8	74113253	74115437	-	turquoise
ERVLE_8q21.13a	ERVL-E-int	chr8	74701888	74702996	+	turquoise
ERVLE_8q21.13b	ERVL-E-int	chr8	75705996	75708227	+	turquoise
ERVLE_8q21.13c	ERVL-E-int	chr8	77219959	77221523	+	turquoise
ERVLE_8q21.13d	ERVL-E-int	chr8	77856773	77859723	+	turquoise
ERVLE_8q21.13e	ERVL-E-int	chr8	77889415	77891155	-	turquoise
ERVLE_8q21.13g	ERVL-E-int	chr8	78862743	78864084	+	turquoise
ERVLE_8q21.13i	ERVL-E-int	chr8	79054942	79057468	-	turquoise
ERVLE_8q21.13j	ERVL-E-int	chr8	79185286	79187682	-	turquoise
ERVLE_8q21.2	ERVL-E-int	chr8	83712988	83714986	-	turquoise
ERVLE_8q21.3a	ERVL-E-int	chr8	87510993	87512896	-	turquoise
ERVLE_8q21.3b	ERVL-E-int	chr8	87739237	87739952	+	turquoise
ERVLE_8q21.3c	ERVL-E-int	chr8	88018904	88023202	-	turquoise
ERVLE_8q21.3d	ERVL-E-int	chr8	88656480	88658505	-	turquoise
ERVLE_8q21.3e	ERVL-E-int	chr8	89330815	89335376	-	turquoise
ERVLE_8q21.3f	ERVL-E-int	chr8	89565770	89568395	-	turquoise
ERVLE_8q21.3g	ERVL-E-int	chr8	91026905	91028799	+	turquoise
ERVLE_8q22.1a	ERVL-E-int	chr8	93351627	93353795	+	turquoise
ERVLE_8q22.1b	ERVL-E-int	chr8	95674839	95676764	+	turquoise
ERVLE_8q22.2a	ERVL-E-int	chr8	98058964	98061563	-	turquoise
ERVLE_8q22.2b	ERVL-E-int	chr8	98769163	98770731	+	turquoise
ERVLE_8q22.3a	ERVL-E-int	chr8	102031895	102034477	+	turquoise
ERVLE_8q22.3b	ERVL-E-int	chr8	103307913	103309882	-	turquoise
ERVLE_8q22.3c	ERVL-E-int	chr8	103391554	103392722	+	turquoise
ERVLE_8q23.1a	ERVL-E-int	chr8	105245457	105247319	+	turquoise
ERVLE_8q23.1e	ERVL-E-int	chr8	109183112	109184042	-	turquoise
ERVLE_8q23.1f	ERVL-E-int	chr8	109378678	109380056	+	turquoise
ERVLE_8q23.2a	ERVL-E-int	chr8	110546540	110548971	-	turquoise
ERVLE_8q23.2b	ERVL-E-int	chr8	110855277	110856345	+	turquoise
ERVLE_8q23.2c	ERVL-E-int	chr8	111057346	111060578	+	turquoise
ERVLE_8q23.3a	ERVL-E-int	chr8	111372041	111372544	+	turquoise
ERVLE_8q23.3b	ERVL-E-int	chr8	111956745	111958997	+	turquoise
ERVLE_8q23.3c	ERVL-E-int	chr8	112060576	112063846	-	turquoise
ERVLE_8q23.3e	ERVL-E-int	chr8	113657688	113660493	+	turquoise
ERVLE_8q23.3f	ERVL-E-int	chr8	114808316	114809771	+	turquoise
ERVLE_8q24.11	ERVL-E-int	chr8	116775264	116776612	+	turquoise
ERVLE_8q24.12	ERVL-E-int	chr8	119518017	119520599	-	turquoise
ERVLE_8q24.13c	ERVL-E-int	chr8	123300023	123301039	+	turquoise
ERVLE_8q24.13d	ERVL-E-int	chr8	123554266	123555046	+	turquoise
ERVLE_8q24.13e	ERVL-E-int	chr8	124207265	124209752	-	turquoise
ERVLE_8q24.13g	ERVL-E-int	chr8	125172673	125173696	-	turquoise
ERVLE_8q24.22a	ERVL-E-int	chr8	131459667	131462573	-	turquoise
ERVLE_8q24.22b	ERVL-E-int	chr8	132568395	132571059	+	turquoise
ERVLE_8q24.22g	ERVL-E-int	chr8	134419194	134421179	-	turquoise
ERVLE_8q24.22h	ERVL-E-int	chr8	135275188	135275838	+	turquoise
ERVLE_8q24.22i	ERVL-E-int	chr8	135353782	135355434	-	turquoise
ERVLE_8q24.22j	ERVL-E-int	chr8	135378469	135380784	-	turquoise
ERVLE_8q24.23b	ERVL-E-int	chr8	136361671	136365431	+	turquoise
ERVLE_8q24.23c	ERVL-E-int	chr8	136382194	136386405	+	turquoise
ERVLE_8q24.23d	ERVL-E-int	chr8	136530002	136532437	-	turquoise
ERVLE_8q24.23e	ERVL-E-int	chr8	137051963	137055981	+	turquoise
ERVLE_8q24.3a	ERVL-E-int	chr8	139073996	139078985	-	turquoise
ERVLE_8q24.3b	ERVL-E-int	chr8	139418840	139423026	+	turquoise
ERVLE_8q24.3f	ERVL-E-int	chr8	140501924	140503274	+	turquoise
ERVLE_8q24.3g	ERVL-E-int	chr8	143102918	143105075	-	turquoise
ERVLE_8q24.3h	ERVL-E-int	chr8	143755107	143760187	-	turquoise
ERVLE_8q24.3j	ERVL-E-int	chr8	144970428	144972623	-	turquoise
ERVLE_9p13.1b	ERVL-E-int	chr9	38429841	38431382	+	turquoise
ERVLE_9p13.3a	ERVL-E-int	chr9	33787122	33788777	+	turquoise
ERVLE_9p13.3b	ERVL-E-int	chr9	34696650	34699468	+	turquoise
ERVLE_9p21.1	ERVL-E-int	chr9	29243978	29247454	+	turquoise
ERVLE_9p21.2a	ERVL-E-int	chr9	25819416	25821317	-	turquoise
ERVLE_9p21.3a	ERVL-E-int	chr9	22456354	22460565	-	turquoise
ERVLE_9p21.3c	ERVL-E-int	chr9	24770169	24772610	-	turquoise
ERVLE_9p22.1	ERVL-E-int	chr9	19841678	19842732	+	turquoise
ERVLE_9p22.2	ERVL-E-int	chr9	17403055	17404576	+	turquoise
ERVLE_9p22.3a	ERVL-E-int	chr9	15711817	15715259	-	turquoise
ERVLE_9p22.3c	ERVL-E-int	chr9	16115616	16118399	-	turquoise
ERVLE_9p23a	ERVL-E-int	chr9	9951185	9952995	+	turquoise
ERVLE_9p23b	ERVL-E-int	chr9	10678800	10681294	-	turquoise
ERVLE_9p23c	ERVL-E-int	chr9	10784565	10786591	-	turquoise
ERVLE_9p24.1a	ERVL-E-int	chr9	4689689	4691080	-	turquoise
ERVLE_9p24.1d	ERVL-E-int	chr9	7614201	7621491	+	turquoise
ERVLE_9p24.2a	ERVL-E-int	chr9	2341039	2343561	+	turquoise
ERVLE_9p24.2b	ERVL-E-int	chr9	2936130	2937740	+	turquoise
ERVLE_9p24.2c	ERVL-E-int	chr9	3214883	3215793	+	turquoise
ERVLE_9p24.3	ERVL-E-int	chr9	1773300	1777475	-	turquoise
ERVLE_9q13	ERVL-E-int	chr9	61714495	61716114	-	turquoise
ERVLE_9q21.11a	ERVL-E-int	chr9	68663292	68665299	+	turquoise
ERVLE_9q21.11b	ERVL-E-int	chr9	69268703	69270108	-	turquoise
ERVLE_9q21.12	ERVL-E-int	chr9	69768513	69772563	-	turquoise
ERVLE_9q21.13a	ERVL-E-int	chr9	71616175	71624136	+	turquoise
ERVLE_9q21.13b	ERVL-E-int	chr9	71794050	71795363	-	turquoise
ERVLE_9q21.13c	ERVL-E-int	chr9	71989114	71995310	+	turquoise
ERVLE_9q21.31a	ERVL-E-int	chr9	78689767	78691982	-	turquoise
ERVLE_9q21.31b	ERVL-E-int	chr9	79291319	79294259	-	turquoise
ERVLE_9q21.31c	ERVL-E-int	chr9	79887842	79889062	-	turquoise
ERVLE_9q21.31e	ERVL-E-int	chr9	81148342	81149626	-	turquoise
ERVLE_9q21.32c	ERVL-E-int	chr9	82710380	82713418	-	turquoise
ERVLE_9q21.33	ERVL-E-int	chr9	87433663	87437179	-	turquoise
ERVLE_9q22.2	ERVL-E-int	chr9	90991449	90992575	-	turquoise
ERVLE_9q22.31	ERVL-E-int	chr9	92223997	92225996	+	turquoise
ERVLE_9q22.32	ERVL-E-int	chr9	93995647	94001870	-	turquoise
ERVLE_9q31.1b	ERVL-E-int	chr9	102017314	102020177	+	turquoise
ERVLE_9q31.1c	ERVL-E-int	chr9	103206712	103212466	-	turquoise
ERVLE_9q31.3	ERVL-E-int	chr9	111123096	111124325	-	turquoise
ERVLE_9q32b	ERVL-E-int	chr9	112982027	112984145	-	turquoise
ERVLE_9q33.1	ERVL-E-int	chr9	118093386	118095379	-	turquoise
ERVLE_9q33.2a	ERVL-E-int	chr9	120093380	120094966	+	turquoise
ERVLE_9q33.2b	ERVL-E-int	chr9	121394197	121398743	-	turquoise
ERVLE_9q33.2c	ERVL-E-int	chr9	121430881	121435031	+	turquoise
ERVLE_9q33.3a	ERVL-E-int	chr9	124203429	124206217	-	turquoise
ERVLE_9q33.3b	ERVL-E-int	chr9	126738046	126743694	-	turquoise
ERVLE_9q33.3c	ERVL-E-int	chr9	126897449	126905176	+	turquoise
ERVLE_9q34.3a	ERVL-E-int	chr9	134957571	134959257	-	turquoise
ERVLE_Xp11.22a	ERVL-E-int	chrX	53184811	53187244	+	turquoise
ERVLE_Xp11.22b	ERVL-E-int	chrX	53649641	53650544	-	turquoise
ERVLE_Xp11.3b	ERVL-E-int	chrX	42940667	42945038	-	turquoise
ERVLE_Xp11.3c	ERVL-E-int	chrX	43518498	43521839	-	turquoise
ERVLE_Xp11.4a	ERVL-E-int	chrX	38229619	38232955	+	turquoise
ERVLE_Xp11.4b	ERVL-E-int	chrX	40864597	40865176	+	turquoise
ERVLE_Xp21.1a	ERVL-E-int	chrX	34236588	34240023	+	turquoise
ERVLE_Xp21.1b	ERVL-E-int	chrX	34306604	34309720	+	turquoise
ERVLE_Xp21.1c	ERVL-E-int	chrX	35392346	35394210	+	turquoise
ERVLE_Xp21.1d	ERVL-E-int	chrX	35891788	35892375	+	turquoise
ERVLE_Xp21.3a	ERVL-E-int	chrX	27072152	27076503	-	turquoise
ERVLE_Xp22.12a	ERVL-E-int	chrX	20620130	20621550	+	turquoise
ERVLE_Xp22.12b	ERVL-E-int	chrX	21312934	21316062	+	turquoise
ERVLE_Xp22.12c	ERVL-E-int	chrX	21696964	21698163	-	turquoise
ERVLE_Xp22.13	ERVL-E-int	chrX	18842936	18845157	+	turquoise
ERVLE_Xp22.2b	ERVL-E-int	chrX	16434262	16436398	+	turquoise
ERVLE_Xp22.33	ERVL-E-int	chrX	4332342	4335903	+	turquoise
ERVLE_Xq21.1c	ERVL-E-int	chrX	82784525	82785951	+	turquoise
ERVLE_Xq21.31b	ERVL-E-int	chrX	89338206	89341135	-	turquoise
ERVLE_Xq21.32a	ERVL-E-int	chrX	93263091	93264034	-	turquoise
ERVLE_Xq21.32b	ERVL-E-int	chrX	93716637	93722118	-	turquoise
ERVLE_Xq21.33	ERVL-E-int	chrX	98405243	98408324	+	turquoise
ERVLE_Xq22.1a	ERVL-E-int	chrX	101531661	101532640	+	turquoise
ERVLE_Xq22.1b	ERVL-E-int	chrX	102131723	102132335	+	turquoise
ERVLE_Xq22.3c	ERVL-E-int	chrX	106041796	106043506	+	turquoise
ERVLE_Xq22.3d	ERVL-E-int	chrX	106102489	106104987	+	turquoise
ERVLE_Xq22.3i	ERVL-E-int	chrX	106878282	106882375	-	turquoise
ERVLE_Xq23c	ERVL-E-int	chrX	111417311	111418617	+	turquoise
ERVLE_Xq23d	ERVL-E-int	chrX	112521706	112522855	+	turquoise
ERVLE_Xq24	ERVL-E-int	chrX	121538387	121541566	-	turquoise
ERVLE_Xq25	ERVL-E-int	chrX	123740784	123748574	-	turquoise
ERVLE_Xq26.1	ERVL-E-int	chrX	131164905	131169303	+	turquoise
ERVLE_Xq26.2b	ERVL-E-int	chrX	131858801	131861507	-	turquoise
ERVLE_Xq26.2c	ERVL-E-int	chrX	131871587	131879717	-	turquoise
ERVLE_Xq26.2d	ERVL-E-int	chrX	133005313	133007830	+	turquoise
ERVLE_Xq26.3a	ERVL-E-int	chrX	134981596	134985519	-	turquoise
ERVLE_Xq26.3d	ERVL-E-int	chrX	135401773	135402553	-	turquoise
ERVLE_Xq26.3g	ERVL-E-int	chrX	135733524	135735793	-	turquoise
ERVLE_Xq26.3i	ERVL-E-int	chrX	135932504	135935856	+	turquoise
ERVLE_Xq27.3a	ERVL-E-int	chrX	144054888	144056733	-	turquoise
ERVLE_Xq28a	ERVL-E-int	chrX	149086614	149091259	+	turquoise
ERVLE_Xq28c	ERVL-E-int	chrX	152068211	152070575	+	turquoise
ERVLE_Xq28i	ERVL-E-int	chrX	155631979	155634583	+	turquoise
ERVLE_Xq28j	ERVL-E-int	chrX	155635833	155636860	+	turquoise
HARLEQUIN_10p11.23a	Harlequin-int	chr10	29360435	29365069	-	yellow
HARLEQUIN_10p11.23b	Harlequin-int	chr10	30476115	30482420	+	yellow
HARLEQUIN_10q21.2a	Harlequin-int	chr10	59726526	59734042	-	yellow
HARLEQUIN_10q21.2b	Harlequin-int	chr10	59765313	59771489	-	yellow
HARLEQUIN_10q21.3	Harlequin-int	chr10	67157300	67159393	+	yellow
HARLEQUIN_10q22.1	Harlequin-int	chr10	71939378	71946508	+	yellow
HARLEQUIN_10q23.1	Harlequin-int	chr10	84167186	84172465	-	yellow
HARLEQUIN_10q23.33	Harlequin-int	chr10	94384486	94392604	+	yellow
HARLEQUIN_10q24.2	Harlequin-int	chr10	97555464	97561807	-	yellow
HARLEQUIN_11q12.2a	Harlequin-int	chr11	60101382	60108972	-	yellow
HARLEQUIN_11q12.2b	Harlequin-int	chr11	60185446	60193188	+	yellow
HARLEQUIN_11q13.4	Harlequin-int	chr11	75039924	75047147	+	yellow
HARLEQUIN_11q14.1	Harlequin-int	chr11	81951192	81956834	+	yellow
HARLEQUIN_11q21	Harlequin-int	chr11	93103524	93110857	-	yellow
HARLEQUIN_11q22.1b	Harlequin-int	chr11	101244310	101252307	+	yellow
HARLEQUIN_11q22.3	Harlequin-int	chr11	103572042	103579117	+	yellow
HARLEQUIN_12p12.2	Harlequin-int	chr12	20937493	20944851	-	yellow
HARLEQUIN_12p13.32	Harlequin-int	chr12	3422374	3430434	-	yellow
HARLEQUIN_12q13.12	Harlequin-int	chr12	49734957	49740561	+	yellow
HARLEQUIN_12q15	Harlequin-int	chr12	68540228	68547978	+	yellow
HARLEQUIN_12q21.1	Harlequin-int	chr12	72818310	72824798	-	yellow
HARLEQUIN_13q12.12	Harlequin-int	chr13	22883560	22889847	+	yellow
HARLEQUIN_13q22.3	Harlequin-int	chr13	77970321	77974569	-	yellow
HARLEQUIN_16p11.1	Harlequin-int	chr16	35614639	35621364	-	yellow
HARLEQUIN_17q12	Harlequin-int	chr17	35500743	35508365	+	yellow
HARLEQUIN_17q21.31	Harlequin-int	chr17	43160246	43167698	-	yellow
HARLEQUIN_17q21.33	Harlequin-int	chr17	50412688	50420467	-	yellow
HARLEQUIN_17q25.3a	Harlequin-int	chr17	80397328	80399793	+	yellow
HARLEQUIN_17q25.3b	Harlequin-int	chr17	80408187	80413516	+	yellow
HARLEQUIN_18p11.22a	Harlequin-int	chr18	8913647	8921365	+	yellow
HARLEQUIN_18p11.22b	Harlequin-int	chr18	10599605	10604201	-	yellow
HARLEQUIN_19p12a	Harlequin-int	chr19	20426124	20432598	-	yellow
HARLEQUIN_19p12b	Harlequin-int	chr19	21002382	21009375	+	yellow
HARLEQUIN_19p12c	Harlequin-int	chr19	22268382	22273613	-	yellow
HARLEQUIN_19p12d	Harlequin-int	chr19	22355193	22362588	-	yellow
HARLEQUIN_19p12e	Harlequin-int	chr19	23154532	23164276	-	yellow
HARLEQUIN_19p13.11	Harlequin-int	chr19	19781554	19786258	-	yellow
HARLEQUIN_19p13.2	Harlequin-int	chr19	9703073	9708483	+	yellow
HARLEQUIN_19q13.41	Harlequin-int	chr19	52898525	52904852	-	yellow
HARLEQUIN_1p13.2a	Harlequin-int	chr1	112826180	112832724	+	yellow
HARLEQUIN_1p13.2b	Harlequin-int	chr1	114362968	114369592	-	yellow
HARLEQUIN_1p22.1	Harlequin-int	chr1	91662451	91670747	-	yellow
HARLEQUIN_1p22.2	Harlequin-int	chr1	91206976	91211402	-	yellow
HARLEQUIN_1p33	Harlequin-int	chr1	46325548	46332557	-	yellow
HARLEQUIN_1p34.3a	Harlequin-int	chr1	35138026	35141426	-	yellow
HARLEQUIN_1p34.3b	Harlequin-int	chr1	35147038	35149819	-	yellow
HARLEQUIN_1p35.3	Harlequin-int	chr1	28586907	28589810	-	yellow
HARLEQUIN_1p36.33	Harlequin-int	chr1	1412252	1418852	-	yellow
HARLEQUIN_1q21.2	Harlequin-int	chr1	148323682	148325418	-	yellow
HARLEQUIN_1q24.2	Harlequin-int	chr1	167863091	167869903	+	yellow
HARLEQUIN_1q24.3	Harlequin-int	chr1	171600445	171606825	+	yellow
HARLEQUIN_1q32.1	Harlequin-int	chr1	206052519	206058912	+	yellow
HARLEQUIN_1q32.3	Harlequin-int	chr1	211687055	211694581	+	yellow
HARLEQUIN_1q41	Harlequin-int	chr1	220718008	220722869	+	yellow
HARLEQUIN_1q42.13a	Harlequin-int	chr1	227589454	227596654	-	yellow
HARLEQUIN_1q42.13b	Harlequin-int	chr1	227717792	227719674	+	yellow
HARLEQUIN_1q42.13c	Harlequin-int	chr1	227677124	227686201	+	yellow
HARLEQUIN_1q44	Harlequin-int	chr1	247898331	247905895	-	yellow
HARLEQUIN_20p12.1	Harlequin-int	chr20	15979869	15986246	-	yellow
HARLEQUIN_20q13.32	Harlequin-int	chr20	59551577	59557922	-	yellow
HARLEQUIN_21q22.3a	Harlequin-int	chr21	42931964	42937545	+	yellow
HARLEQUIN_21q22.3b	Harlequin-int	chr21	42943457	42949462	-	yellow
HARLEQUIN_2p24.3	Harlequin-int	chr2	13525956	13533609	-	yellow
HARLEQUIN_2q11.2a	Harlequin-int	chr2	99500002	99502168	+	yellow
HARLEQUIN_2q11.2b	Harlequin-int	chr2	99502475	99504032	+	yellow
HARLEQUIN_2q12.2	Harlequin-int	chr2	105979107	105986361	-	yellow
HARLEQUIN_2q12.3	Harlequin-int	chr2	108523896	108531463	+	yellow
HARLEQUIN_2q14.1	Harlequin-int	chr2	112347167	112354003	-	yellow
HARLEQUIN_2q21.2	Harlequin-int	chr2	133893939	133898595	+	yellow
HARLEQUIN_2q32.1	Harlequin-int	chr2	187510490	187515862	+	yellow
HARLEQUIN_2q34	Harlequin-int	chr2	213406782	213411947	+	yellow
HARLEQUIN_3p11.2	Harlequin-int	chr3	87733672	87741260	-	yellow
HARLEQUIN_3p12.3	Harlequin-int	chr3	74825023	74831316	+	yellow
HARLEQUIN_3p24.3	Harlequin-int	chr3	20363963	20371446	-	yellow
HARLEQUIN_3p26.1	Harlequin-int	chr3	5701383	5704206	-	yellow
HARLEQUIN_3q22.1a	Harlequin-int	chr3	132296071	132298144	-	yellow
HARLEQUIN_3q22.1b	Harlequin-int	chr3	132298184	132302714	-	yellow
HARLEQUIN_3q22.1c	Harlequin-int	chr3	132303682	132310414	+	yellow
HARLEQUIN_3q22.2	Harlequin-int	chr3	134020936	134027643	+	yellow
HARLEQUIN_3q26.1	Harlequin-int	chr3	162044535	162052725	-	yellow
HARLEQUIN_4p12	Harlequin-int	chr4	44820315	44828644	-	yellow
HARLEQUIN_4p14a	Harlequin-int	chr4	36906915	36913355	+	yellow
HARLEQUIN_4p14b	Harlequin-int	chr4	37546189	37552466	+	yellow
HARLEQUIN_4p15.2	Harlequin-int	chr4	22599246	22605466	+	yellow
HARLEQUIN_4q13.2a	Harlequin-int	chr4	68571156	68576696	-	yellow
HARLEQUIN_4q13.2b	Harlequin-int	chr4	69050860	69057338	+	yellow
HARLEQUIN_4q13.3	Harlequin-int	chr4	71638298	71645983	+	yellow
HARLEQUIN_4q22.1a	Harlequin-int	chr4	91353118	91359437	-	yellow
HARLEQUIN_4q22.1b	Harlequin-int	chr4	92038430	92046521	-	yellow
HARLEQUIN_4q24	Harlequin-int	chr4	103223627	103231452	+	yellow
HARLEQUIN_4q26	Harlequin-int	chr4	115950380	115956525	+	yellow
HARLEQUIN_4q28.2	Harlequin-int	chr4	128259895	128266486	+	yellow
HARLEQUIN_4q32.1	Harlequin-int	chr4	158224447	158229241	-	yellow
HARLEQUIN_4q34.1	Harlequin-int	chr4	173098691	173106239	+	yellow
HARLEQUIN_5p12a	Harlequin-int	chr5	42813176	42819811	+	yellow
HARLEQUIN_5p12b	Harlequin-int	chr5	45206107	45208543	+	yellow
HARLEQUIN_5p13.2	Harlequin-int	chr5	37778063	37786157	-	yellow
HARLEQUIN_5p14.2	Harlequin-int	chr5	24391798	24398199	-	yellow
HARLEQUIN_5q12.3	Harlequin-int	chr5	65174180	65179688	+	yellow
HARLEQUIN_5q14.2	Harlequin-int	chr5	82267274	82273743	-	yellow
HARLEQUIN_5q23.1	Harlequin-int	chr5	116704677	116709645	+	yellow
HARLEQUIN_5q31.2	Harlequin-int	chr5	139525866	139531564	+	yellow
HARLEQUIN_5q33.3	Harlequin-int	chr5	159366192	159373869	+	yellow
HARLEQUIN_5q34b	Harlequin-int	chr5	163314691	163319478	-	yellow
HARLEQUIN_6p12.3	Harlequin-int	chr6	47641260	47648143	+	yellow
HARLEQUIN_6p21.31	Harlequin-int	chr6	34998361	35004307	+	yellow
HARLEQUIN_6p21.32	Harlequin-int	chr6	33351884	33355241	-	yellow
HARLEQUIN_6p21.33	Harlequin-int	chr6	31181866	31186769	-	yellow
HARLEQUIN_6p22.2	Harlequin-int	chr6	26075040	26081760	+	yellow
HARLEQUIN_6p25.2	Harlequin-int	chr6	2310409	2318098	-	yellow
HARLEQUIN_6q13	Harlequin-int	chr6	74468144	74474614	+	yellow
HARLEQUIN_6q21	Harlequin-int	chr6	111284171	111290629	-	yellow
HARLEQUIN_6q23.1	Harlequin-int	chr6	130261359	130267970	+	yellow
HARLEQUIN_7p14.3	Harlequin-int	chr7	30807527	30811981	+	yellow
HARLEQUIN_7p15.3	Harlequin-int	chr7	24789291	24795789	-	yellow
HARLEQUIN_7p21.3	Harlequin-int	chr7	10924789	10928245	+	yellow
HARLEQUIN_7p22.1	Harlequin-int	chr7	5020879	5028716	-	yellow
HARLEQUIN_7q22.1	Harlequin-int	chr7	100838700	100847185	+	yellow
HARLEQUIN_7q32.1a	Harlequin-int	chr7	129578164	129583087	+	yellow
HARLEQUIN_7q32.1b	Harlequin-int	chr7	129583380	129586675	+	yellow
HARLEQUIN_7q33a	Harlequin-int	chr7	135171264	135175958	+	yellow
HARLEQUIN_7q33b	Harlequin-int	chr7	137262512	137268846	-	yellow
HARLEQUIN_7q36.1	Harlequin-int	chr7	149571228	149572691	+	yellow
HARLEQUIN_8p11.21	Harlequin-int	chr8	41593545	41597227	-	yellow
HARLEQUIN_8p21.2	Harlequin-int	chr8	24235507	24242893	+	yellow
HARLEQUIN_8q11.23a	Harlequin-int	chr8	53367143	53369009	-	yellow
HARLEQUIN_8q11.23b	Harlequin-int	chr8	53375154	53379815	-	yellow
HARLEQUIN_8q12.1a	Harlequin-int	chr8	55706083	55716049	+	yellow
HARLEQUIN_8q12.1b	Harlequin-int	chr8	58692137	58698872	+	yellow
HARLEQUIN_8q24.3	Harlequin-int	chr8	143675468	143680387	+	yellow
HARLEQUIN_9p21.1	Harlequin-int	chr9	29377118	29384677	+	yellow
HARLEQUIN_9q21.33	Harlequin-int	chr9	86361186	86367515	-	yellow
HARLEQUIN_Xp11.22	Harlequin-int	chrX	53512675	53520776	+	yellow
HARLEQUIN_Xp11.23	Harlequin-int	chrX	48853724	48861796	+	yellow
HARLEQUIN_Xp22.2	Harlequin-int	chrX	10584793	10590340	-	yellow
HARLEQUIN_Xq11.1	Harlequin-int	chrX	63409033	63416691	+	yellow
HARLEQUIN_Xq12	Harlequin-int	chrX	66218551	66226301	-	yellow
HARLEQUIN_Xq13.3	Harlequin-int	chrX	75642621	75648589	-	yellow
HARLEQUIN_Xq21.1	Harlequin-int	chrX	84944684	84952116	+	yellow
HARLEQUIN_Xq23a	Harlequin-int	chrX	115537733	115545656	-	yellow
HARLEQUIN_Xq23b	Harlequin-int	chrX	115916433	115924222	-	yellow
HARLEQUIN_Xq24	Harlequin-int	chrX	120097944	120100486	+	yellow
HARLEQUIN_Xq28	Harlequin-int	chrX	149834195	149836615	+	yellow
HARLEQUIN_Yq11.21	Harlequin-int	chrY	12146699	12153814	-	yellow
HARLEQUIN_Yq11.221a	Harlequin-int	chrY	12567039	12569571	+	yellow
HARLEQUIN_Yq11.221b	Harlequin-int	chrY	12575697	12577943	+	yellow
HARLEQUIN_Yq11.221c	Harlequin-int	chrY	13282300	13289717	+	yellow
HERV3_10q11.21a	HERV3-int	chr10	43583451	43586830	-	turquoise
HERV3_10q11.21b	HERV3-int	chr10	43591986	43597077	-	turquoise
HERV3_11p14.1	HERV3-int	chr11	29518506	29527987	+	turquoise
HERV3_11p15.5	HERV3-int	chr11	322542	324821	-	turquoise
HERV3_11q12.1	HERV3-int	chr11	58917283	58923130	-	turquoise
HERV3_11q13.3	HERV3-int	chr11	68867426	68874582	+	turquoise
HERV3_11q14.1	HERV3-int	chr11	77570922	77575997	+	turquoise
HERV3_13q32.3	HERV3-int	chr13	98759857	98768316	+	turquoise
HERV3_14q11.2	HERV3-int	chr14	23692552	23698968	+	turquoise
HERV3_14q12	HERV3-int	chr14	29648627	29650532	-	turquoise
HERV3_14q24.2	HERV3-int	chr14	70436464	70443477	-	turquoise
HERV3_14q32.33	HERV3-int	chr14	106836061	106845981	-	turquoise
HERV3_15q23	HERV3-int	chr15	68991613	68995365	-	turquoise
HERV3_16p13.3	HERV3-int	chr16	43442	46385	+	turquoise
HERV3_18p11.21	HERV3-int	chr18	11544677	11551816	-	turquoise
HERV3_18q12.1a	HERV3-int	chr18	33311957	33313918	+	turquoise
HERV3_18q12.1b	HERV3-int	chr18	33314231	33315471	+	turquoise
HERV3_19p12a	HERV3-int	chr19	20611051	20618134	+	turquoise
HERV3_19p12b	HERV3-int	chr19	21430674	21441176	-	turquoise
HERV3_19p12c	HERV3-int	chr19	22484604	22488348	-	turquoise
HERV3_19p12d	HERV3-int	chr19	22524807	22531806	+	turquoise
HERV3_19p12e	HERV3-int	chr19	23817565	23824289	-	turquoise
HERV3_19p13.12	HERV3-int	chr19	15999206	16003857	-	turquoise
HERV3_19q13.33	HERV3-int	chr19	49952495	49957720	+	turquoise
HERV3_19q13.42a	HERV3-int	chr19	53366857	53369236	-	turquoise
HERV3_19q13.42b	HERV3-int	chr19	53433104	53438199	-	turquoise
HERV3_19q13.42c	HERV3-int	chr19	53438276	53439966	-	turquoise
HERV3_19q13.42d	HERV3-int	chr19	53469861	53476656	-	turquoise
HERV3_1p34.3	HERV3-int	chr1	35141915	35146564	-	turquoise
HERV3_1q23.3	HERV3-int	chr1	161404661	161410464	-	turquoise
HERV3_1q32.2	HERV3-int	chr1	207219802	207221337	+	turquoise
HERV3_1q42.13	HERV3-int	chr1	227556186	227558349	+	turquoise
HERV3_21q22.13	HERV3-int	chr21	38224043	38229805	-	turquoise
HERV3_22q13.31	HERV3-int	chr22	46180796	46181925	+	turquoise
HERV3_2q14.1	HERV3-int	chr2	116467844	116473211	+	turquoise
HERV3_2q14.3	HERV3-int	chr2	121684030	121686558	-	turquoise
HERV3_3q13.2	HERV3-int	chr3	112301858	112308531	+	turquoise
HERV3_3q21.3	HERV3-int	chr3	128854524	128860156	-	turquoise
HERV3_4p14	HERV3-int	chr4	39484642	39490389	+	turquoise
HERV3_4p16.1	HERV3-int	chr4	8434382	8439749	+	turquoise
HERV3_4q13.2a	HERV3-int	chr4	68901045	68907797	-	turquoise
HERV3_4q13.2b	HERV3-int	chr4	69057663	69064798	+	turquoise
HERV3_4q13.3b	HERV3-int	chr4	69828661	69833104	-	turquoise
HERV3_4q26	HERV3-int	chr4	116014933	116020625	+	turquoise
HERV3_6p12.2	HERV3-int	chr6	52921915	52927154	+	turquoise
HERV3_6p21.2	HERV3-int	chr6	39993652	39999033	-	turquoise
HERV3_6p21.33	HERV3-int	chr6	31225751	31228462	-	turquoise
HERV3_6p22.3	HERV3-int	chr6	16223536	16231782	-	turquoise
HERV3_6q14.3a	HERV3-int	chr6	85854583	85857237	-	turquoise
HERV3_6q14.3b	HERV3-int	chr6	85863519	85867947	-	turquoise
HERV3_6q21	HERV3-int	chr6	109886705	109894640	-	turquoise
HERV3_7q11.21	HERV3-int	chr7	64990324	64999936	-	turquoise
HERV3_7q31.31	HERV3-int	chr7	120052771	120061151	-	turquoise
HERV3_7q33	HERV3-int	chr7	135175955	135180551	+	turquoise
HERV3_7q34a	HERV3-int	chr7	138556758	138566149	-	turquoise
HERV3_7q34b	HERV3-int	chr7	140655523	140662300	+	turquoise
HERV3_7q34c	HERV3-int	chr7	140666107	140669521	+	turquoise
HERV3_8q11.1	HERV3-int	chr8	46123757	46127238	+	turquoise
HERV3_8q11.23	HERV3-int	chr8	53520479	53524714	-	turquoise
HERV3_9q34.13	HERV3-int	chr9	133075826	133080083	-	turquoise
HERV3_Xq21.31	HERV3-int	chrX	89579057	89587397	-	turquoise
HERV3_Xq26.3	HERV3-int	chrX	136931323	136936168	-	turquoise
HERV3_Yp11.2a	HERV3-int	chrY	3002437	3006431	+	turquoise
HERV3_Yp11.2b	HERV3-int	chrY	3235117	3243471	-	turquoise
HERV3_Yp11.2c	HERV3-int	chrY	7196962	7204420	+	turquoise
HERV3_Yq11.222d	HERV3-int	chrY	18722189	18730925	+	turquoise
HERV3_Yq11.222e	HERV3-int	chrY	18745134	18753845	+	turquoise
HERV3_Yq11.223b	HERV3-int	chrY	21240702	21249208	-	turquoise
HERV3_Yq11.223g	HERV3-int	chrY	23587796	23593299	+	turquoise
HERV3_Yq11.223h	HERV3-int	chrY	23621987	23630818	+	turquoise
HERV30_10q21.1	HERV30-int	chr10	53025174	53030661	-	turquoise
HERV30_11q14.1	HERV30-int	chr11	83216719	83220622	-	turquoise
HERV30_11q14.2	HERV30-int	chr11	86845542	86851050	+	turquoise
HERV30_12q21.2	HERV30-int	chr12	76692426	76698034	-	turquoise
HERV30_12q23.3	HERV30-int	chr12	107825557	107829747	-	turquoise
HERV30_13q21.31	HERV30-int	chr13	62149474	62156146	+	turquoise
HERV30_14q21.2	HERV30-int	chr14	43534701	43539420	+	turquoise
HERV30_17q12	HERV30-int	chr17	35304258	35307396	+	turquoise
HERV30_19p13.11	HERV30-int	chr19	18577591	18584685	+	turquoise
HERV30_3p12.1	HERV30-int	chr3	86691552	86697023	-	turquoise
HERV30_3p12.2	HERV30-int	chr3	80306978	80312729	+	turquoise
HERV30_3q25.2	HERV30-int	chr3	154367104	154372532	+	turquoise
HERV30_3q26.1	HERV30-int	chr3	161845954	161854038	-	turquoise
HERV30_4q13.2a	HERV30-int	chr4	68801310	68805681	+	turquoise
HERV30_4q13.2b	HERV30-int	chr4	69220529	69225367	-	turquoise
HERV30_4q13.2c	HERV30-int	chr4	69266940	69272665	+	turquoise
HERV30_4q13.2d	HERV30-int	chr4	69375902	69381641	+	turquoise
HERV30_5q11.2	HERV30-int	chr5	53218680	53224199	-	turquoise
HERV30_6q22.31	HERV30-int	chr6	118617102	118626802	+	turquoise
HERV30_8q23.1a	HERV30-int	chr8	107597395	107601899	-	turquoise
HERV30_8q23.1b	HERV30-int	chr8	107601946	107607129	-	turquoise
HERV30_8q24.23	HERV30-int	chr8	137989057	137992203	+	turquoise
HERV30_Xq21.1	HERV30-int	chrX	81805740	81812516	-	turquoise
HERV30_Yq11.221a	HERV30-int	chrY	16163843	16173034	-	turquoise
HERV30_Yq11.222	HERV30-int	chrY	17418915	17424491	-	turquoise
HERV30_Yq11.223	HERV30-int	chrY	19913676	19919529	-	turquoise
HERV4_11q21	HERV4_I-int	chr11	94650011	94657535	+	turquoise
HERV4_12p11.21	HERV4_I-int	chr12	31936771	31945711	-	turquoise
HERV4_12p11.22	HERV4_I-int	chr12	28808391	28811016	-	turquoise
HERV4_12q21.32	HERV4_I-int	chr12	87666888	87670837	-	turquoise
HERV4_12q24.21	HERV4_I-int	chr12	114174401	114179646	+	turquoise
HERV4_13q32.3	HERV4_I-int	chr13	99486866	99497078	-	turquoise
HERV4_14q21.2a	HERV4_I-int	chr14	43611702	43615137	+	turquoise
HERV4_14q21.2b	HERV4_I-int	chr14	43615902	43617521	+	turquoise
HERV4_15q21.3	HERV4_I-int	chr15	55477977	55482210	+	turquoise
HERV4_15q26.1	HERV4_I-int	chr15	89462545	89469801	+	turquoise
HERV4_16q11.2	HERV4_I-int	chr16	46469264	46473470	-	turquoise
HERV4_17p12	HERV4_I-int	chr17	13969460	13973707	+	turquoise
HERV4_17p13.1	HERV4_I-int	chr17	6936343	6940666	-	turquoise
HERV4_18q12.3	HERV4_I-int	chr18	43353542	43361433	+	turquoise
HERV4_19p12	HERV4_I-int	chr19	23666052	23671676	+	turquoise
HERV4_19q13.41	HERV4_I-int	chr19	52059698	52062168	+	turquoise
HERV4_19q13.43a	HERV4_I-int	chr19	58248684	58250591	-	turquoise
HERV4_19q13.43b	HERV4_I-int	chr19	58251074	58253959	-	turquoise
HERV4_1p31.1	HERV4_I-int	chr1	75688749	75689585	+	turquoise
HERV4_1p35.3	HERV4_I-int	chr1	29563476	29565515	-	turquoise
HERV4_1q22a	HERV4_I-int	chr1	155650269	155652714	-	turquoise
HERV4_1q22b	HERV4_I-int	chr1	155652865	155659627	-	turquoise
HERV4_1q31.1	HERV4_I-int	chr1	188665717	188670149	+	turquoise
HERV4_20p12.3	HERV4_I-int	chr20	5481092	5482459	-	turquoise
HERV4_20q13.33a	HERV4_I-int	chr20	60282197	60284816	+	turquoise
HERV4_20q13.33b	HERV4_I-int	chr20	60284995	60287337	+	turquoise
HERV4_2q23.3	HERV4_I-int	chr2	152962529	152970633	-	turquoise
HERV4_2q31.1	HERV4_I-int	chr2	171827382	171833335	+	turquoise
HERV4_3p12.3	HERV4_I-int	chr3	75117732	75119274	+	turquoise
HERV4_3q12.1	HERV4_I-int	chr3	99258405	99260461	-	turquoise
HERV4_3q26.1	HERV4_I-int	chr3	162403059	162405374	-	turquoise
HERV4_4p16.3	HERV4_I-int	chr4	174515	175475	+	turquoise
HERV4_4q12	HERV4_I-int	chr4	55938235	55948186	-	turquoise
HERV4_4q13.3	HERV4_I-int	chr4	74433515	74440731	-	turquoise
HERV4_4q22.1	HERV4_I-int	chr4	88442739	88453401	+	turquoise
HERV4_4q24a	HERV4_I-int	chr4	103972228	103974714	+	turquoise
HERV4_4q24b	HERV4_I-int	chr4	103977803	103979201	+	turquoise
HERV4_5q14.1a	HERV4_I-int	chr5	80890887	80893148	-	turquoise
HERV4_5q14.1b	HERV4_I-int	chr5	80893312	80901510	-	turquoise
HERV4_5q21.1	HERV4_I-int	chr5	101047208	101050484	+	turquoise
HERV4_5q22.1	HERV4_I-int	chr5	110535808	110543151	+	turquoise
HERV4_5q22.2	HERV4_I-int	chr5	113771385	113777681	-	turquoise
HERV4_5q33.1	HERV4_I-int	chr5	151245104	151251626	-	turquoise
HERV4_6q14.1	HERV4_I-int	chr6	80110316	80111546	-	turquoise
HERV4_6q16.3a	HERV4_I-int	chr6	102613573	102618161	+	turquoise
HERV4_7q21.13b	HERV4_I-int	chr7	90192907	90195776	-	turquoise
HERV4_7q36.1	HERV4_I-int	chr7	150655056	150658080	-	turquoise
HERV4_8p21.2	HERV4_I-int	chr8	23595652	23596732	-	turquoise
HERV4_8q21.13a	HERV4_I-int	chr8	78175519	78180840	-	turquoise
HERV4_8q21.13b	HERV4_I-int	chr8	81843896	81849755	+	turquoise
HERV4_8q21.13c	HERV4_I-int	chr8	83063481	83070505	+	turquoise
HERV4_8q23.3b	HERV4_I-int	chr8	113472296	113475904	-	turquoise
HERV4_8q24.3	HERV4_I-int	chr8	143176341	143180015	-	turquoise
HERV4_9p21.1	HERV4_I-int	chr9	29130143	29131215	+	turquoise
HERV4_9q34.3a	HERV4_I-int	chr9	137931085	137933736	-	turquoise
HERV4_9q34.3b	HERV4_I-int	chr9	137942978	137947440	-	turquoise
HERV4_Xq11.1	HERV4_I-int	chrX	63083834	63086488	+	turquoise
HERV4_Xq21.31a	HERV4_I-int	chrX	87754475	87756434	-	turquoise
HERV4_Xq21.31b	HERV4_I-int	chrX	92692207	92693880	-	turquoise
HERV4_Xq26.1	HERV4_I-int	chrX	130280193	130287888	+	turquoise
HERV4_Xq26.3a	HERV4_I-int	chrX	135626015	135631476	-	turquoise
HERV4_Xq26.3b	HERV4_I-int	chrX	135650932	135655442	+	turquoise
HERV4_Yp11.2	HERV4_I-int	chrY	5808988	5810636	-	turquoise
HERV9_10p11.21	HERV9-int	chr10	37274421	37285722	-	turquoise
HERV9_10p12.31	HERV9-int	chr10	22138857	22146509	+	turquoise
HERV9_10p13	HERV9-int	chr10	17011188	17018975	-	turquoise
HERV9_10q21.1a	HERV9-int	chr10	56572703	56576045	-	turquoise
HERV9_10q21.1b	HERV9-int	chr10	57832365	57842204	+	turquoise
HERV9_10q21.3	HERV9-int	chr10	64779896	64785347	-	turquoise
HERV9_10q23.33	HERV9-int	chr10	94763774	94774155	-	turquoise
HERV9_11p12	HERV9-int	chr11	39560214	39567289	+	turquoise
HERV9_11q14.1	HERV9-int	chr11	82625682	82629395	+	turquoise
HERV9_11q21	HERV9-int	chr11	94118244	94125844	+	turquoise
HERV9_11q22.1a	HERV9-int	chr11	97964135	97965160	-	turquoise
HERV9_11q22.1b	HERV9-int	chr11	101230104	101241805	-	turquoise
HERV9_11q22.3	HERV9-int	chr11	110399819	110407144	+	turquoise
HERV9_12p12.3	HERV9-int	chr12	18033479	18041442	+	turquoise
HERV9_12q14.1	HERV9-int	chr12	59470933	59476217	+	turquoise
HERV9_12q21.31	HERV9-int	chr12	81896396	81905688	+	turquoise
HERV9_12q21.33	HERV9-int	chr12	90983302	90986518	+	turquoise
HERV9_12q22a	HERV9-int	chr12	92386713	92394200	+	turquoise
HERV9_12q22b	HERV9-int	chr12	95448361	95456110	-	turquoise
HERV9_12q23.3	HERV9-int	chr12	107214261	107218064	+	turquoise
HERV9_12q24.32	HERV9-int	chr12	127610367	127618173	+	turquoise
HERV9_12q24.33a	HERV9-int	chr12	131334871	131340111	+	turquoise
HERV9_12q24.33b	HERV9-int	chr12	131341947	131344796	-	turquoise
HERV9_13q21.31	HERV9-int	chr13	62156145	62158242	+	turquoise
HERV9_13q31.2	HERV9-int	chr13	87333621	87337416	+	turquoise
HERV9_13q33.3	HERV9-int	chr13	107892019	107897630	-	turquoise
HERV9_13q34	HERV9-int	chr13	111189214	111199112	-	turquoise
HERV9_14q21.3	HERV9-int	chr14	48199301	48203397	+	turquoise
HERV9_15q21.1a	HERV9-int	chr15	44861990	44865787	-	turquoise
HERV9_15q21.1b	HERV9-int	chr15	44872302	44876375	-	turquoise
HERV9_15q21.1c	HERV9-int	chr15	45010300	45014710	+	turquoise
HERV9_15q26.1	HERV9-int	chr15	92210712	92214977	+	turquoise
HERV9_16q21	HERV9-int	chr16	57394802	57399143	-	turquoise
HERV9_17q11.2a	HERV9-int	chr17	27711912	27720960	+	turquoise
HERV9_17q11.2b	HERV9-int	chr17	31762039	31772128	+	turquoise
HERV9_17q22a	HERV9-int	chr17	52573719	52581192	+	turquoise
HERV9_17q22b	HERV9-int	chr17	54286175	54293612	+	turquoise
HERV9_17q22c	HERV9-int	chr17	54327522	54332778	+	turquoise
HERV9_18q11.2	HERV9-int	chr18	26231675	26238550	-	turquoise
HERV9_19p13.2	HERV9-int	chr19	9314080	9320919	-	turquoise
HERV9_19p13.3	HERV9-int	chr19	5158087	5165784	-	turquoise
HERV9_1p12	HERV9-int	chr1	118225552	118233433	+	turquoise
HERV9_1p31.1	HERV9-int	chr1	74740033	74745644	-	turquoise
HERV9_1p31.3	HERV9-int	chr1	66416987	66426369	-	turquoise
HERV9_1p32.2	HERV9-int	chr1	58167160	58175478	+	turquoise
HERV9_1p36.23	HERV9-int	chr1	8895877	8899114	+	turquoise
HERV9_1q24.3	HERV9-int	chr1	171304883	171312917	+	turquoise
HERV9_1q25.1	HERV9-int	chr1	173367863	173382451	+	turquoise
HERV9_1q25.3	HERV9-int	chr1	181829663	181833982	+	turquoise
HERV9_21q21.1	HERV9-int	chr21	17296932	17306851	+	turquoise
HERV9_2q14.1	HERV9-int	chr2	116282415	116289614	+	turquoise
HERV9_2q22.3	HERV9-int	chr2	147311309	147319336	+	turquoise
HERV9_2q35a	HERV9-int	chr2	218108692	218112255	-	turquoise
HERV9_2q35b	HERV9-int	chr2	218117007	218122161	-	turquoise
HERV9_3p21.2	HERV9-int	chr3	51742261	51747980	+	turquoise
HERV9_3p21.31	HERV9-int	chr3	44543585	44550965	-	turquoise
HERV9_3p24.3	HERV9-int	chr3	17774262	17782406	+	turquoise
HERV9_3q11.2	HERV9-int	chr3	95948663	95951715	-	turquoise
HERV9_3q25.1	HERV9-int	chr3	151664746	151671281	-	turquoise
HERV9_3q26.1	HERV9-int	chr3	163801602	163807315	+	turquoise
HERV9_4p14	HERV9-int	chr4	35858930	35865009	-	turquoise
HERV9_4q13.1a	HERV9-int	chr4	63052532	63062525	+	turquoise
HERV9_4q13.1b	HERV9-int	chr4	63190356	63193079	+	turquoise
HERV9_4q13.3	HERV9-int	chr4	69824563	69828660	+	turquoise
HERV9_4q28.3	HERV9-int	chr4	130843340	130849351	-	turquoise
HERV9_4q35.1	HERV9-int	chr4	184914735	184920481	-	turquoise
HERV9_5p14.2	HERV9-int	chr5	24387043	24391797	+	turquoise
HERV9_5p14.3a	HERV9-int	chr5	19302879	19307739	-	turquoise
HERV9_5p14.3b	HERV9-int	chr5	22929974	22935380	+	turquoise
HERV9_5q11.2	HERV9-int	chr5	55613186	55617951	+	turquoise
HERV9_5q13.2	HERV9-int	chr5	72925317	72936334	+	turquoise
HERV9_5q15	HERV9-int	chr5	97308763	97318438	-	turquoise
HERV9_5q22.3	HERV9-int	chr5	114989528	115000106	+	turquoise
HERV9_5q23.2	HERV9-int	chr5	126220748	126230219	+	turquoise
HERV9_5q23.3	HERV9-int	chr5	130633383	130642483	+	turquoise
HERV9_5q31.2	HERV9-int	chr5	139502943	139512402	+	turquoise
HERV9_5q31.3	HERV9-int	chr5	144846698	144851536	-	turquoise
HERV9_5q34	HERV9-int	chr5	166128456	166130714	-	turquoise
HERV9_6p21.2	HERV9-int	chr6	38616529	38624486	+	turquoise
HERV9_6p22.3	HERV9-int	chr6	16455730	16464625	+	turquoise
HERV9_6p24.3	HERV9-int	chr6	9721961	9728411	+	turquoise
HERV9_6q12	HERV9-int	chr6	63077502	63086745	-	turquoise
HERV9_6q13	HERV9-int	chr6	73902988	73911215	+	turquoise
HERV9_6q14.3a	HERV9-int	chr6	85092945	85096349	+	turquoise
HERV9_6q14.3b	HERV9-int	chr6	86671699	86681550	-	turquoise
HERV9_6q22.1	HERV9-int	chr6	115231642	115241401	-	turquoise
HERV9_6q24.3	HERV9-int	chr6	146792861	146794413	-	turquoise
HERV9_6q25.1	HERV9-int	chr6	150849127	150856692	+	turquoise
HERV9_7p11.2	HERV9-int	chr7	53954700	53962987	-	turquoise
HERV9_7p12.1	HERV9-int	chr7	52294853	52297269	+	turquoise
HERV9_7p14.1	HERV9-int	chr7	37202715	37205100	-	turquoise
HERV9_7p14.2	HERV9-int	chr7	36499269	36505045	-	turquoise
HERV9_7p21.1	HERV9-int	chr7	19653808	19660919	-	turquoise
HERV9_7q11.21	HERV9-int	chr7	64757090	64759565	-	turquoise
HERV9_7q21.11	HERV9-int	chr7	82636877	82646011	+	turquoise
HERV9_7q21.13	HERV9-int	chr7	91447505	91456909	-	turquoise
HERV9_8p11.21	HERV9-int	chr8	42559708	42568450	-	turquoise
HERV9_8p11.22	HERV9-int	chr8	39876007	39885741	-	turquoise
HERV9_8p12	HERV9-int	chr8	35932066	35939361	+	turquoise
HERV9_8p21.2	HERV9-int	chr8	27492453	27498372	-	turquoise
HERV9_8q11.21a	HERV9-int	chr8	49426632	49435851	+	turquoise
HERV9_8q11.21b	HERV9-int	chr8	51288755	51299578	-	turquoise
HERV9_8q11.23a	HERV9-int	chr8	53136318	53143640	-	turquoise
HERV9_8q11.23b	HERV9-int	chr8	53459343	53469199	+	turquoise
HERV9_8q21.11a	HERV9-int	chr8	72387852	72395572	+	turquoise
HERV9_8q21.11b	HERV9-int	chr8	73906025	73914040	+	turquoise
HERV9_8q21.13	HERV9-int	chr8	78147694	78151561	+	turquoise
HERV9_8q21.3	HERV9-int	chr8	86925785	86933213	-	turquoise
HERV9_8q23.1	HERV9-int	chr8	106788709	106794107	+	turquoise
HERV9_9p21.3	HERV9-int	chr9	23916281	23926439	-	turquoise
HERV9_9q21.33	HERV9-int	chr9	86147430	86156854	-	turquoise
HERV9_Xq13.1	HERV9-int	chrX	71494658	71500000	-	turquoise
HERV9_Xq22.3a	HERV9-int	chrX	104888418	104889804	+	turquoise
HERV9_Xq22.3b	HERV9-int	chrX	106181088	106187060	-	turquoise
HERV9_Xq23a	HERV9-int	chrX	115505603	115509852	-	turquoise
HERV9_Xq23b	HERV9-int	chrX	116243383	116251506	+	turquoise
HERV9_Xq25	HERV9-int	chrX	127394637	127402755	+	turquoise
HERV9_Yp11.2a	HERV9-int	chrY	7169768	7177777	+	turquoise
HERV9_Yp11.2b	HERV9-int	chrY	7385492	7390151	-	turquoise
HERV9_Yp11.2c	HERV9-int	chrY	8829312	8832109	+	turquoise
HERV9_Yp11.2d	HERV9-int	chrY	8979971	8989102	+	turquoise
HERV9_Yq11.21	HERV9-int	chrY	12260791	12267046	-	turquoise
HERV9_Yq11.221a	HERV9-int	chrY	12599767	12608740	-	turquoise
HERV9_Yq11.221b	HERV9-int	chrY	13627364	13637612	+	turquoise
HERV9_Yq11.221c	HERV9-int	chrY	13656847	13666238	-	turquoise
HERV9_Yq11.221d	HERV9-int	chrY	13887679	13897994	+	turquoise
HERV9_Yq11.221e	HERV9-int	chrY	14158236	14167807	+	turquoise
HERV9_Yq11.221g	HERV9-int	chrY	14350505	14355261	-	turquoise
HERV9_Yq11.221h	HERV9-int	chrY	14814104	14821742	-	turquoise
HERV9_Yq11.221i	HERV9-int	chrY	14983203	14992582	+	turquoise
HERV9_Yq11.221l	HERV9-int	chrY	16071030	16080880	+	turquoise
HERV9_Yq11.221m	HERV9-int	chrY	16273306	16277432	+	turquoise
HERV9_Yq11.222a	HERV9-int	chrY	17341591	17343057	-	turquoise
HERV9_Yq11.222b	HERV9-int	chrY	17347284	17354220	-	turquoise
HERV9_Yq11.222c	HERV9-int	chrY	19100345	19106643	-	turquoise
HERV9_Yq11.222e	HERV9-int	chrY	19131609	19140818	+	turquoise
HERV9_Yq11.223a	HERV9-int	chrY	20006302	20011807	-	turquoise
HERV9_Yq11.223b	HERV9-int	chrY	22785419	22795665	+	turquoise
HERV9_Yq11.23a	HERV9-int	chrY	24419168	24429415	+	turquoise
HERVE_10p11.21	HERVE-int	chr10	34969035	34975620	+	turquoise
HERVE_10p13b	HERVE-int	chr10	14990821	14994887	-	turquoise
HERVE_11p11.2	HERVE-int	chr11	43783992	43785498	-	turquoise
HERVE_11p15.4	HERVE-int	chr11	3473529	3481711	-	turquoise
HERVE_11q13.2b	HERVE-int	chr11	67845158	67853485	-	turquoise
HERVE_11q13.2c	HERVE-int	chr11	67978497	67982552	-	turquoise
HERVE_11q13.4b	HERVE-int	chr11	71611583	71615633	+	turquoise
HERVE_11q13.4c	HERVE-int	chr11	71741115	71749426	+	turquoise
HERVE_11q13.4d	HERVE-int	chr11	71886034	71890084	+	turquoise
HERVE_11q13.4e	HERVE-int	chr11	71908491	71912322	+	turquoise
HERVE_12p12.3	HERVE-int	chr12	17296914	17304900	+	turquoise
HERVE_12p13.31a	HERVE-int	chr12	8282299	8290617	-	turquoise
HERVE_12q13.13	HERVE-int	chr12	52116007	52118404	-	turquoise
HERVE_12q24.32	HERVE-int	chr12	127480879	127489548	+	turquoise
HERVE_13q14.11a	HERVE-int	chr13	40874123	40881282	-	turquoise
HERVE_13q14.11b	HERVE-int	chr13	41421402	41424642	-	turquoise
HERVE_16q23.1	HERVE-int	chr16	78058573	78060638	-	turquoise
HERVE_17q11.2	HERVE-int	chr17	28230519	28239339	-	turquoise
HERVE_17q22	HERVE-int	chr17	52594880	52598607	+	turquoise
HERVE_19p12	HERVE-int	chr19	20746820	20755632	-	turquoise
HERVE_19p13.2	HERVE-int	chr19	11942460	11946832	-	turquoise
HERVE_19q12	HERVE-int	chr19	28606436	28615273	+	turquoise
HERVE_19q13.41	HERVE-int	chr19	52956727	52962193	+	turquoise
HERVE_1p36.12	HERVE-int	chr1	20154110	20160610	+	turquoise
HERVE_20p11.21a	HERVE-int	chr20	24919226	24921721	+	turquoise
HERVE_20p11.21b	HERVE-int	chr20	24927945	24933027	+	turquoise
HERVE_2p11.2	HERVE-int	chr2	87203473	87205281	-	turquoise
HERVE_2p13.3a	HERVE-int	chr2	71020400	71024471	+	turquoise
HERVE_2p13.3b	HERVE-int	chr2	71046155	71050605	+	turquoise
HERVE_2p14a	HERVE-int	chr2	64887412	64891023	-	turquoise
HERVE_2p14b	HERVE-int	chr2	64897102	64899872	-	turquoise
HERVE_2p16.3	HERVE-int	chr2	52431073	52437869	+	turquoise
HERVE_2q13	HERVE-int	chr2	111760570	111762379	+	turquoise
HERVE_2q24.1b	HERVE-int	chr2	158866185	158870242	+	turquoise
HERVE_2q24.1c	HERVE-int	chr2	158881457	158886251	+	turquoise
HERVE_2q37.1	HERVE-int	chr2	231400712	231408843	+	turquoise
HERVE_3p12.3a	HERVE-int	chr3	75136182	75144865	+	turquoise
HERVE_3p12.3b	HERVE-int	chr3	75361875	75365929	-	turquoise
HERVE_3p12.3c	HERVE-int	chr3	75604058	75608125	-	turquoise
HERVE_3p26.3	HERVE-int	chr3	846924	853933	+	turquoise
HERVE_3q21.2a	HERVE-int	chr3	125694140	125698910	+	turquoise
HERVE_3q21.2b	HERVE-int	chr3	125717086	125721147	+	turquoise
HERVE_3q21.2c	HERVE-int	chr3	125739718	125743769	+	turquoise
HERVE_3q22.1b	HERVE-int	chr3	130140912	130149230	-	turquoise
HERVE_4p16.1b	HERVE-int	chr4	8973015	8977086	+	turquoise
HERVE_4p16.1c	HERVE-int	chr4	9097917	9106252	+	turquoise
HERVE_4p16.1f	HERVE-int	chr4	9507075	9510917	+	turquoise
HERVE_4p16.3a	HERVE-int	chr4	3893334	3897169	-	turquoise
HERVE_4p16.3c	HERVE-int	chr4	4160757	4170756	-	turquoise
HERVE_4q31.22	HERVE-int	chr4	146526145	146530559	+	turquoise
HERVE_4q33	HERVE-int	chr4	170686572	170690609	+	turquoise
HERVE_5q14.3a	HERVE-int	chr5	86461981	86465707	+	turquoise
HERVE_5q14.3b	HERVE-int	chr5	86565179	86571036	-	turquoise
HERVE_5q14.3c	HERVE-int	chr5	88188620	88190729	-	turquoise
HERVE_6q15	HERVE-int	chr6	88662199	88670950	+	turquoise
HERVE_6q16.3	HERVE-int	chr6	101224789	101231704	-	turquoise
HERVE_7p22.1a	HERVE-int	chr7	6842371	6846454	-	turquoise
HERVE_7p22.1b	HERVE-int	chr7	6871228	6875273	-	turquoise
HERVE_7p22.1c	HERVE-int	chr7	6950409	6958745	-	turquoise
HERVE_7q21.3	HERVE-int	chr7	97951319	97955393	-	turquoise
HERVE_8p12a	HERVE-int	chr8	30728581	30733679	+	turquoise
HERVE_8p12b	HERVE-int	chr8	35951628	35960233	+	turquoise
HERVE_8p23.1a	HERVE-int	chr8	7068389	7073209	+	turquoise
HERVE_8p23.1d	HERVE-int	chr8	7587548	7591600	+	turquoise
HERVE_8p23.1e	HERVE-int	chr8	7706519	7709299	-	turquoise
HERVE_8p23.1h	HERVE-int	chr8	8172261	8180584	+	turquoise
HERVE_8p23.1i	HERVE-int	chr8	9249336	9250815	+	turquoise
HERVE_8p23.1j	HERVE-int	chr8	11907117	11913562	-	turquoise
HERVE_8p23.1k	HERVE-int	chr8	11933040	11936183	-	turquoise
HERVE_8p23.1n	HERVE-int	chr8	12485079	12493402	-	turquoise
HERVE_8p23.1o	HERVE-int	chr8	12688391	12692435	-	turquoise
HERVE_8p23.1p	HERVE-int	chr8	12708044	12712837	-	turquoise
HERVE_8q24.3a	HERVE-int	chr8	139546318	139550370	-	turquoise
HERVE_8q24.3b	HERVE-int	chr8	145069366	145072029	-	turquoise
HERVE_9q22.2a	HERVE-int	chr9	90223643	90227704	+	turquoise
HERVE_9q22.2b	HERVE-int	chr9	90755224	90759266	-	turquoise
HERVE_9q34.3	HERVE-int	chr9	135437085	135444492	-	turquoise
HERVE_Xp11.23	HERVE-int	chrX	49139563	49149008	-	turquoise
HERVE_Xq21.32	HERVE-int	chrX	93429668	93438491	+	turquoise
HERVE_Yp11.2c	HERVE-int	chrY	8862721	8871459	+	turquoise
HERVE_Yp11.2e	HERVE-int	chrY	9280408	9289007	-	turquoise
HERVE_Yp11.2f	HERVE-int	chrY	9774747	9779201	-	turquoise
HERVE_Yq11.223	HERVE-int	chrY	20643149	20651932	+	turquoise
HERVEA_10q23.1	HERVE_a-int	chr10	84108445	84117193	+	turquoise
HERVEA_11q12.2	HERVE_a-int	chr11	61093594	61098841	+	turquoise
HERVEA_12p13.31	HERVE_a-int	chr12	9712931	9715636	-	turquoise
HERVEA_12q21.1	HERVE_a-int	chr12	74264309	74273021	+	turquoise
HERVEA_12q23.1a	HERVE_a-int	chr12	100633105	100636127	-	turquoise
HERVEA_12q23.1b	HERVE_a-int	chr12	100642968	100648627	-	turquoise
HERVEA_13q21.32	HERVE_a-int	chr13	67397253	67405914	+	turquoise
HERVEA_14q22.3	HERVE_a-int	chr14	55819549	55821618	-	turquoise
HERVEA_15q21.3	HERVE_a-int	chr15	55510695	55516311	-	turquoise
HERVEA_18q21.2	HERVE_a-int	chr18	55950396	55957981	+	turquoise
HERVEA_19p12a	HERVE_a-int	chr19	20243740	20248488	+	turquoise
HERVEA_19p12b	HERVE_a-int	chr19	20509937	20518544	-	turquoise
HERVEA_19p13.11	HERVE_a-int	chr19	19895560	19897814	+	turquoise
HERVEA_19p13.2	HERVE_a-int	chr19	9725353	9730899	-	turquoise
HERVEA_19p13.3	HERVE_a-int	chr19	6597048	6602002	+	turquoise
HERVEA_19q13.33	HERVE_a-int	chr19	50346977	50350190	-	turquoise
HERVEA_1p21.1a	HERVE_a-int	chr1	103647685	103655525	-	turquoise
HERVEA_1p21.1b	HERVE_a-int	chr1	103696445	103704285	+	turquoise
HERVEA_1p21.1d	HERVE_a-int	chr1	104459780	104468646	-	turquoise
HERVEA_1q31.1	HERVE_a-int	chr1	186914372	186923133	-	turquoise
HERVEA_1q41	HERVE_a-int	chr1	218748962	218755422	-	turquoise
HERVEA_21q21.1	HERVE_a-int	chr21	19995182	20000184	-	turquoise
HERVEA_21q22.11	HERVE_a-int	chr21	32659369	32664759	+	turquoise
HERVEA_3p12.3	HERVE_a-int	chr3	79772862	79780980	+	turquoise
HERVEA_3p24.3a	HERVE_a-int	chr3	19481910	19484114	-	turquoise
HERVEA_3p24.3b	HERVE_a-int	chr3	19484214	19490699	-	turquoise
HERVEA_3q25.32	HERVE_a-int	chr3	157579228	157588006	-	turquoise
HERVEA_3q26.1	HERVE_a-int	chr3	161937116	161939117	+	turquoise
HERVEA_4p15.1	HERVE_a-int	chr4	35100510	35109260	+	turquoise
HERVEA_4q22.1	HERVE_a-int	chr4	91088998	91097079	-	turquoise
HERVEA_4q28.3	HERVE_a-int	chr4	137478311	137487044	+	turquoise
HERVEA_5q13.1	HERVE_a-int	chr5	69087915	69089974	-	turquoise
HERVEA_5q22.2	HERVE_a-int	chr5	112523903	112532633	+	turquoise
HERVEA_5q35.3	HERVE_a-int	chr5	179048516	179055098	-	turquoise
HERVEA_6q22.31	HERVE_a-int	chr6	122741515	122749262	-	turquoise
HERVEA_8p11.21	HERVE_a-int	chr8	41590939	41593548	-	turquoise
HERVEA_8q11.23b	HERVE_a-int	chr8	53731284	53737226	+	turquoise
HERVEA_Xp11.21	HERVE_a-int	chrX	56024460	56032219	-	turquoise
HERVEA_Xp11.22	HERVE_a-int	chrX	50330000	50338720	-	turquoise
HERVEA_Xp22.33	HERVE_a-int	chrX	3965875	3976187	+	turquoise
HERVEA_Xq21.1	HERVE_a-int	chrX	77293580	77302601	+	turquoise
HERVEA_Xq21.32	HERVE_a-int	chrX	93236879	93239646	+	turquoise
HERVEA_Xq27.2	HERVE_a-int	chrX	142265140	142273981	+	turquoise
HERVEA_Yp11.2a	HERVE_a-int	chrY	8535703	8545263	+	turquoise
HERVEA_Yp11.2b	HERVE_a-int	chrY	8646217	8652932	+	turquoise
HERVEA_Yp11.2c	HERVE_a-int	chrY	8802999	8811720	+	turquoise
HERVEA_Yq11.21	HERVE_a-int	chrY	12245476	12252038	+	turquoise
HERVEA_Yq11.221a	HERVE_a-int	chrY	12472219	12476798	-	turquoise
HERVEA_Yq11.221b	HERVE_a-int	chrY	15254704	15259982	+	turquoise
HERVEA_Yq11.221d	HERVE_a-int	chrY	16636050	16644799	-	turquoise
HERVEA_Yq11.221e	HERVE_a-int	chrY	16831361	16840581	+	turquoise
HERVEA_Yq11.223a	HERVE_a-int	chrY	21571262	21579310	+	turquoise
HERVFC1_11p15.4	HERV-Fc1-int	chr11	5935248	5938354	+	turquoise
HERVFC1_2p11.2	HERV-Fc1-int	chr2	83873933	83879494	-	turquoise
HERVFC1_7q11.21	HERV-Fc1-int	chr7	64834895	64840158	-	turquoise
HERVFC1_7q36.2	HERV-Fc1-int	chr7	153409398	153414153	-	turquoise
HERVFC1_Yq11.222b	HERV-Fc1-int	chrY	18291022	18296280	-	turquoise
HERVFC2_11p15.4	HERV-Fc2-int	chr11	5928773	5933737	+	turquoise
HERVFC2_Xq21.33	HERV-Fc2-int	chrX	97841482	97849424	+	turquoise
HERVFH19_10q11.21	HERVFH19-int	chr10	42384057	42393513	-	turquoise
HERVFH19_11q22.3	HERVFH19-int	chr11	104739963	104743520	-	turquoise
HERVFH19_12p11.21	HERVFH19-int	chr12	31906332	31909833	+	turquoise
HERVFH19_12q24.23	HERVFH19-int	chr12	118480197	118489482	-	turquoise
HERVFH19_13q33.1	HERVFH19-int	chr13	101221416	101226483	+	turquoise
HERVFH19_13q34	HERVFH19-int	chr13	113782549	113785249	-	turquoise
HERVFH19_14q21.1	HERVFH19-int	chr14	39733123	39733889	+	turquoise
HERVFH19_16q24.1	HERVFH19-int	chr16	85886945	85888002	+	turquoise
HERVFH19_1p34.3	HERVFH19-int	chr1	35075455	35076339	+	turquoise
HERVFH19_1p36.23a	HERVFH19-int	chr1	9086800	9088393	+	turquoise
HERVFH19_1p36.23b	HERVFH19-int	chr1	9088458	9096029	+	turquoise
HERVFH19_2p22.2	HERVFH19-int	chr2	37128668	37135454	+	turquoise
HERVFH19_2q37.3	HERVFH19-int	chr2	238204918	238211673	-	turquoise
HERVFH19_3p21.31	HERVFH19-int	chr3	49541243	49544247	+	turquoise
HERVFH19_4q21.23	HERVFH19-int	chr4	83202784	83208165	+	turquoise
HERVFH19_5q21.2	HERVFH19-int	chr5	104590997	104598725	+	turquoise
HERVFH19_5q23.2	HERVFH19-int	chr5	125663209	125667746	-	turquoise
HERVFH19_6p21.32	HERVFH19-int	chr6	32706957	32708797	+	turquoise
HERVFH19_7q32.2	HERVFH19-int	chr7	130312651	130317104	-	turquoise
HERVFH19_9q34.11	HERVFH19-int	chr9	129588167	129594670	-	turquoise
HERVFH19_Xp11.3a	HERVFH19-int	chrX	42762295	42771012	+	turquoise
HERVFH19_Xp11.3b	HERVFH19-int	chrX	47285349	47294133	-	turquoise
HERVFH19_Xq13.1	HERVFH19-int	chrX	72220348	72230604	+	turquoise
HERVFH19_Xq21.1	HERVFH19-int	chrX	82142828	82146169	+	turquoise
HERVFH21_10q22.1a	HERVFH21-int	chr10	71949058	71955165	-	turquoise
HERVFH21_10q22.1b	HERVFH21-int	chr10	71961542	71963199	-	turquoise
HERVFH21_11p13	HERVFH21-int	chr11	31607846	31609655	-	turquoise
HERVFH21_11p15.4	HERVFH21-int	chr11	3352177	3358320	-	turquoise
HERVFH21_13q21.1	HERVFH21-int	chr13	54937197	54942758	-	turquoise
HERVFH21_13q31.1	HERVFH21-int	chr13	86757264	86765921	-	turquoise
HERVFH21_14q32.31a	HERVFH21-int	chr14	102233835	102239533	+	turquoise
HERVFH21_14q32.31b	HERVFH21-int	chr14	102246200	102248497	+	turquoise
HERVFH21_16p11.2	HERVFH21-int	chr16	30541765	30548758	-	turquoise
HERVFH21_19p12	HERVFH21-int	chr19	19943851	19951066	+	turquoise
HERVFH21_19q11	HERVFH21-int	chr19	27842327	27846933	-	turquoise
HERVFH21_1p34.3	HERVFH21-int	chr1	36329861	36337342	+	turquoise
HERVFH21_1p36.23	HERVFH21-int	chr1	8921052	8927668	+	turquoise
HERVFH21_1p36.31	HERVFH21-int	chr1	6560297	6570283	-	turquoise
HERVFH21_1q23.1	HERVFH21-int	chr1	157273298	157279886	-	turquoise
HERVFH21_2p15	HERVFH21-int	chr2	61924294	61925700	-	turquoise
HERVFH21_3q23	HERVFH21-int	chr3	141696488	141702980	-	turquoise
HERVFH21_3q25.1	HERVFH21-int	chr3	151805801	151812286	+	turquoise
HERVFH21_3q26.1	HERVFH21-int	chr3	164017639	164026136	-	turquoise
HERVFH21_4q25	HERVFH21-int	chr4	110202368	110203765	-	turquoise
HERVFH21_5p13.3	HERVFH21-int	chr5	29389989	29396428	+	turquoise
HERVFH21_5q34	HERVFH21-int	chr5	166130808	166136205	-	turquoise
HERVFH21_6p22.3	HERVFH21-int	chr6	17318885	17327379	-	turquoise
HERVFH21_6p24.1	HERVFH21-int	chr6	11786725	11791766	+	turquoise
HERVFH21_7p21.3	HERVFH21-int	chr7	12588442	12595509	-	turquoise
HERVFH21_7q11.21	HERVFH21-int	chr7	65475783	65479612	+	turquoise
HERVFH21_8q11.21	HERVFH21-int	chr8	47988989	47999250	-	turquoise
HERVFH21_8q21.11	HERVFH21-int	chr8	72133051	72134652	-	turquoise
HERVFH21_Xq11.2a	HERVFH21-int	chrX	64842515	64848198	+	turquoise
HERVFH21_Xq11.2b	HERVFH21-int	chrX	64848467	64851088	+	turquoise
HERVFH21_Xq21.1	HERVFH21-int	chrX	84738500	84745112	+	turquoise
HERVFH21_Yq11.21	HERVFH21-int	chrY	12281617	12288137	-	turquoise
HERVFH21_Yq11.221	HERVFH21-int	chrY	12593596	12598991	-	turquoise
HERVFH21_Yq11.222	HERVFH21-int	chrY	17340894	17346933	-	turquoise
HERVFRD_10p11.22a	MER50-int	chr10	31951962	31953948	-	turquoise
HERVFRD_10p11.22b	MER50-int	chr10	31958450	31963114	-	turquoise
HERVFRD_10p15.1a	MER50-int	chr10	4928655	4930599	+	turquoise
HERVFRD_10q21.3	MER50-int	chr10	63985474	63991294	+	turquoise
HERVFRD_11p15.4	MER50-int	chr11	10004952	10009081	+	turquoise
HERVFRD_11q12.1	MER50-int	chr11	58725540	58727626	-	turquoise
HERVFRD_12q13.3	MER50-int	chr12	56830706	56837966	-	turquoise
HERVFRD_12q14.1	MER50-int	chr12	60295062	60301961	+	turquoise
HERVFRD_12q21.31a	MER50-int	chr12	82656196	82661226	-	turquoise
HERVFRD_12q21.31b	MER50-int	chr12	84502043	84509596	-	turquoise
HERVFRD_13q31.1	MER50-int	chr13	79393292	79394632	+	turquoise
HERVFRD_14q11.2	MER50-int	chr14	23621446	23628074	+	turquoise
HERVFRD_14q12	MER50-int	chr14	32240756	32250648	-	turquoise
HERVFRD_14q21.1	MER50-int	chr14	42662770	42665063	-	turquoise
HERVFRD_14q24.3a	MER50-int	chr14	77629942	77633610	-	turquoise
HERVFRD_14q24.3b	MER50-int	chr14	77633823	77636646	-	turquoise
HERVFRD_14q32.2	MER50-int	chr14	96112157	96118463	-	turquoise
HERVFRD_15q11.2	MER50-int	chr15	24067228	24069565	-	turquoise
HERVFRD_16q12.2	MER50-int	chr16	55628434	55635551	+	turquoise
HERVFRD_16q23.1	MER50-int	chr16	75707966	75712370	+	turquoise
HERVFRD_17q24.2	MER50-int	chr17	68490546	68493384	-	turquoise
HERVFRD_18p11.23	MER50-int	chr18	8177580	8180999	-	turquoise
HERVFRD_18p11.31	MER50-int	chr18	4057062	4062956	+	turquoise
HERVFRD_19p12	MER50-int	chr19	21911650	21913452	-	turquoise
HERVFRD_19q13.41	MER50-int	chr19	53007847	53011898	+	turquoise
HERVFRD_1p21.1a	MER50-int	chr1	102045800	102048156	+	turquoise
HERVFRD_1p21.1b	MER50-int	chr1	104135713	104137735	+	turquoise
HERVFRD_1p31.1a	MER50-int	chr1	71336142	71343218	-	turquoise
HERVFRD_1p31.1b	MER50-int	chr1	72688490	72694815	-	turquoise
HERVFRD_1p33	MER50-int	chr1	48186349	48191622	-	turquoise
HERVFRD_1q23.3	MER50-int	chr1	160716837	160722446	+	turquoise
HERVFRD_1q31.3	MER50-int	chr1	195732186	195739152	+	turquoise
HERVFRD_1q44	MER50-int	chr1	244303080	244306784	+	turquoise
HERVFRD_20p12.3	MER50-int	chr20	5519539	5522808	+	turquoise
HERVFRD_20q11.23a	MER50-int	chr20	36967240	36971042	-	turquoise
HERVFRD_20q11.23b	MER50-int	chr20	36982349	36987355	+	turquoise
HERVFRD_21q21.3	MER50-int	chr21	27721679	27727559	-	turquoise
HERVFRD_21q22.3	MER50-int	chr21	44475207	44477031	+	turquoise
HERVFRD_2p11.2	MER50-int	chr2	88679963	88686725	+	turquoise
HERVFRD_2p12a	MER50-int	chr2	75388168	75391565	-	turquoise
HERVFRD_2p12b	MER50-int	chr2	77777744	77780459	-	turquoise
HERVFRD_2p12c	MER50-int	chr2	77830855	77836422	+	turquoise
HERVFRD_2p24.1	MER50-int	chr2	22122387	22127052	+	turquoise
HERVFRD_2p25.3	MER50-int	chr2	826396	829540	+	turquoise
HERVFRD_2q14.1	MER50-int	chr2	115118915	115123788	-	turquoise
HERVFRD_3p12.1	MER50-int	chr3	84222331	84228702	-	turquoise
HERVFRD_3p21.31	MER50-int	chr3	46000357	46006717	+	turquoise
HERVFRD_3p22.1	MER50-int	chr3	42896033	42900433	+	turquoise
HERVFRD_3q13.33	MER50-int	chr3	120505446	120511907	+	turquoise
HERVFRD_3q24	MER50-int	chr3	145572604	145579848	-	turquoise
HERVFRD_3q26.1a	MER50-int	chr3	163923466	163925942	-	turquoise
HERVFRD_3q26.1b	MER50-int	chr3	164141531	164148618	+	turquoise
HERVFRD_4p12a	MER50-int	chr4	44771629	44778461	+	turquoise
HERVFRD_4p12b	MER50-int	chr4	44986703	44996976	+	turquoise
HERVFRD_4p15.1	MER50-int	chr4	34357182	34364200	-	turquoise
HERVFRD_4p15.32	MER50-int	chr4	16378090	16380527	-	turquoise
HERVFRD_4p16.3	MER50-int	chr4	432971	435817	+	turquoise
HERVFRD_4q26	MER50-int	chr4	116514327	116520774	-	turquoise
HERVFRD_4q28.3	MER50-int	chr4	132540490	132547289	+	turquoise
HERVFRD_4q31.21	MER50-int	chr4	145704708	145710863	-	turquoise
HERVFRD_4q32.3	MER50-int	chr4	165470030	165476747	-	turquoise
HERVFRD_4q33	MER50-int	chr4	170106215	170107331	+	turquoise
HERVFRD_4q34.3	MER50-int	chr4	179257567	179260384	-	turquoise
HERVFRD_5q11.2	MER50-int	chr5	59309872	59316129	+	turquoise
HERVFRD_5q22.2	MER50-int	chr5	112608039	112610488	+	turquoise
HERVFRD_6p24.2	MER50-int	chr6	11102745	11112217	-	turquoise
HERVFRD_6q11.2	MER50-int	chr6	62611316	62616160	-	turquoise
HERVFRD_6q22.31	MER50-int	chr6	119039642	119042597	+	turquoise
HERVFRD_7p13	MER50-int	chr7	44717448	44722427	-	turquoise
HERVFRD_7p15.3	MER50-int	chr7	21450763	21457089	-	turquoise
HERVFRD_7p21.3	MER50-int	chr7	12302434	12304639	+	turquoise
HERVFRD_7q21.3	MER50-int	chr7	95341885	95352696	+	turquoise
HERVFRD_7q36.2	MER50-int	chr7	153389796	153397102	+	turquoise
HERVFRD_8q12.1b	MER50-int	chr8	57209256	57210965	-	turquoise
HERVFRD_8q12.1d	MER50-int	chr8	57219004	57222203	-	turquoise
HERVFRD_8q12.1e	MER50-int	chr8	57297414	57299663	-	turquoise
HERVFRD_8q12.1f	MER50-int	chr8	57366532	57372856	+	turquoise
HERVFRD_8q12.3	MER50-int	chr8	61899275	61903380	-	turquoise
HERVFRD_8q13.2	MER50-int	chr8	67702374	67709490	+	turquoise
HERVFRD_8q21.13a	MER50-int	chr8	74899607	74901527	+	turquoise
HERVFRD_8q21.13b	MER50-int	chr8	79285089	79289259	-	turquoise
HERVFRD_8q22.1	MER50-int	chr8	94576469	94579667	-	turquoise
HERVFRD_8q23.3a	MER50-int	chr8	113517519	113522730	+	turquoise
HERVFRD_8q23.3b	MER50-int	chr8	113525316	113527541	+	turquoise
HERVFRD_9p21.3a	MER50-int	chr9	21255271	21259405	+	turquoise
HERVFRD_9p21.3b	MER50-int	chr9	21921892	21931935	+	turquoise
HERVFRD_9q22.31	MER50-int	chr9	92983638	92988018	-	turquoise
HERVFRD_Xp21.1	MER50-int	chrX	33918528	33924823	-	turquoise
HERVFRD_Xq11.1a	MER50-int	chrX	63077380	63083696	+	turquoise
HERVFRD_Xq11.1b	MER50-int	chrX	63087730	63088833	+	turquoise
HERVFRD_Xq13.3	MER50-int	chrX	76249208	76254661	-	turquoise
HERVFRD_Xq21.1a	MER50-int	chrX	79721054	79727688	+	turquoise
HERVFRD_Xq21.1b	MER50-int	chrX	80232775	80239413	-	turquoise
HERVFRD_Xq21.1c	MER50-int	chrX	85112359	85116781	-	turquoise
HERVFRD_Xq21.31a	MER50-int	chrX	87263957	87265962	-	turquoise
HERVFRD_Xq21.31b	MER50-int	chrX	89974209	89978766	+	turquoise
HERVFRD_Xq21.31c	MER50-int	chrX	90276683	90283365	-	turquoise
HERVFRD_Xq21.31d	MER50-int	chrX	90432713	90439507	-	turquoise
HERVFRD_Xq21.31f	MER50-int	chrX	91122923	91124949	+	turquoise
HERVFRD_Xq21.32a	MER50-int	chrX	93418212	93421536	-	turquoise
HERVFRD_Xq21.33a	MER50-int	chrX	94653702	94655688	+	turquoise
HERVFRD_Xq21.33c	MER50-int	chrX	98575216	98577970	-	turquoise
HERVFRD_Xq21.33d	MER50-int	chrX	98855509	98858688	+	turquoise
HERVFRD_Xq22.1	MER50-int	chrX	102738078	102742763	-	turquoise
HERVFRD_Xq25	MER50-int	chrX	127900038	127901502	+	turquoise
HERVFRD_Yp11.2a	MER50-int	chrY	3631645	3636204	+	turquoise
HERVFRD_Yp11.2b	MER50-int	chrY	3850242	3853249	-	turquoise
HERVFRD_Yp11.2c	MER50-int	chrY	3853449	3860124	-	turquoise
HERVFRD_Yp11.2d	MER50-int	chrY	4009683	4016459	-	turquoise
HERVFRD_Yq11.221	MER50-int	chrY	12966204	12969549	-	turquoise
HERVH_10p11.21	HERVH-int	chr10	35401605	35408752	-	turquoise
HERVH_10p11.22	HERVH-int	chr10	32133699	32138852	-	turquoise
HERVH_10p12.1a	HERVH-int	chr10	25716421	25722926	+	turquoise
HERVH_10p12.1b	HERVH-int	chr10	25768956	25774917	-	turquoise
HERVH_10p12.1c	HERVH-int	chr10	27465310	27470937	+	turquoise
HERVH_10p12.31	HERVH-int	chr10	20119204	20124934	-	turquoise
HERVH_10p12.33	HERVH-int	chr10	17630037	17632161	-	turquoise
HERVH_10p14a	HERVH-int	chr10	6629579	6635541	-	turquoise
HERVH_10p14b	HERVH-int	chr10	6797083	6802953	-	turquoise
HERVH_10p15.1	HERVH-int	chr10	5470768	5477012	+	turquoise
HERVH_10p15.3a	HERVH-int	chr10	1349016	1354570	+	turquoise
HERVH_10p15.3b	HERVH-int	chr10	2995554	2998180	-	turquoise
HERVH_10q11.22	HERVH-int	chr10	45571174	45576085	+	turquoise
HERVH_10q21.1a	HERVH-int	chr10	52033757	52039561	-	turquoise
HERVH_10q21.1b	HERVH-int	chr10	53492723	53493946	-	turquoise
HERVH_10q21.1c	HERVH-int	chr10	53500029	53504727	-	turquoise
HERVH_10q21.1d	HERVH-int	chr10	54166676	54172501	+	turquoise
HERVH_10q21.1e	HERVH-int	chr10	55971512	55978521	+	turquoise
HERVH_10q21.1f	HERVH-int	chr10	58860995	58867331	-	turquoise
HERVH_10q22.3a	HERVH-int	chr10	76818221	76823736	+	turquoise
HERVH_10q22.3b	HERVH-int	chr10	79963908	79965544	+	turquoise
HERVH_10q23.1	HERVH-int	chr10	83057508	83063365	+	turquoise
HERVH_10q23.2a	HERVH-int	chr10	86561238	86566658	-	turquoise
HERVH_10q23.2b	HERVH-int	chr10	86864087	86865600	+	turquoise
HERVH_10q23.31a	HERVH-int	chr10	89284720	89290887	+	turquoise
HERVH_10q23.31b	HERVH-int	chr10	90081018	90086792	-	turquoise
HERVH_10q23.31c	HERVH-int	chr10	90294983	90300722	+	turquoise
HERVH_10q23.31d	HERVH-int	chr10	90807289	90813258	+	turquoise
HERVH_10q23.32	HERVH-int	chr10	91301350	91307329	-	turquoise
HERVH_10q24.1	HERVH-int	chr10	96733005	96736618	+	turquoise
HERVH_10q24.2a	HERVH-int	chr10	97562298	97564296	-	turquoise
HERVH_10q24.2b	HERVH-int	chr10	99260264	99265383	+	turquoise
HERVH_10q24.31a	HERVH-int	chr10	100380920	100388398	+	turquoise
HERVH_10q24.31b	HERVH-int	chr10	101183756	101188921	-	turquoise
HERVH_10q24.33a	HERVH-int	chr10	103205441	103213657	+	turquoise
HERVH_10q24.33b	HERVH-int	chr10	103520207	103522264	-	turquoise
HERVH_10q25.1a	HERVH-int	chr10	105727637	105733785	+	turquoise
HERVH_10q25.1b	HERVH-int	chr10	106016740	106023098	-	turquoise
HERVH_10q25.1c	HERVH-int	chr10	108599050	108600816	+	turquoise
HERVH_10q25.1d	HERVH-int	chr10	109562758	109568252	+	turquoise
HERVH_10q25.3	HERVH-int	chr10	116480675	116486518	+	turquoise
HERVH_10q26.11	HERVH-int	chr10	118893657	118900344	+	turquoise
HERVH_10q26.12	HERVH-int	chr10	120844932	120850561	+	turquoise
HERVH_11p11.12	HERVH-int	chr11	49320583	49326841	-	turquoise
HERVH_11p12a	HERVH-int	chr11	37578383	37583372	-	turquoise
HERVH_11p12b	HERVH-int	chr11	39734126	39741063	+	turquoise
HERVH_11p12c	HERVH-int	chr11	42120989	42125302	+	turquoise
HERVH_11p14.1a	HERVH-int	chr11	27629072	27634926	-	turquoise
HERVH_11p14.1b	HERVH-int	chr11	29705754	29707328	-	turquoise
HERVH_11p14.1c	HERVH-int	chr11	29973622	29977330	+	turquoise
HERVH_11p14.3a	HERVH-int	chr11	23183934	23189744	-	turquoise
HERVH_11p14.3b	HERVH-int	chr11	23887264	23892921	-	turquoise
HERVH_11p14.3c	HERVH-int	chr11	25326796	25330485	-	turquoise
HERVH_11p14.3d	HERVH-int	chr11	25486495	25490964	-	turquoise
HERVH_11p15.1a	HERVH-int	chr11	18643254	18649474	+	turquoise
HERVH_11p15.1b	HERVH-int	chr11	20567875	20572655	+	turquoise
HERVH_11p15.2	HERVH-int	chr11	14524261	14529062	+	turquoise
HERVH_11p15.4a	HERVH-int	chr11	3470257	3473528	-	turquoise
HERVH_11p15.4b	HERVH-int	chr11	3481712	3485187	-	turquoise
HERVH_11p15.4c	HERVH-int	chr11	3647949	3653636	+	turquoise
HERVH_11p15.4d	HERVH-int	chr11	4219299	4225317	-	turquoise
HERVH_11p15.4e	HERVH-int	chr11	4315702	4321901	-	turquoise
HERVH_11p15.4f	HERVH-int	chr11	5160297	5166117	-	turquoise
HERVH_11p15.4g	HERVH-int	chr11	6069822	6075884	-	turquoise
HERVH_11p15.4h	HERVH-int	chr11	6366028	6371660	+	turquoise
HERVH_11p15.4i	HERVH-int	chr11	7912151	7917907	-	turquoise
HERVH_11q11	HERVH-int	chr11	55559430	55563896	+	turquoise
HERVH_11q12.3	HERVH-int	chr11	63452639	63459507	+	turquoise
HERVH_11q13.2a	HERVH-int	chr11	66573597	66576956	+	turquoise
HERVH_11q13.2b	HERVH-int	chr11	67759685	67765364	+	turquoise
HERVH_11q13.2c	HERVH-int	chr11	67841906	67845157	-	turquoise
HERVH_11q13.2d	HERVH-int	chr11	67853486	67856961	-	turquoise
HERVH_11q13.2e	HERVH-int	chr11	68622705	68632796	+	turquoise
HERVH_11q13.2f	HERVH-int	chr11	68633778	68639439	+	turquoise
HERVH_11q13.3a	HERVH-int	chr11	70057466	70059950	-	turquoise
HERVH_11q13.3b	HERVH-int	chr11	70059976	70061420	-	turquoise
HERVH_11q13.3c	HERVH-int	chr11	70213950	70220156	-	turquoise
HERVH_11q13.4a	HERVH-int	chr11	71737575	71741114	+	turquoise
HERVH_11q13.4b	HERVH-int	chr11	71749427	71752695	+	turquoise
HERVH_11q14.1a	HERVH-int	chr11	77550175	77555707	+	turquoise
HERVH_11q14.1b	HERVH-int	chr11	78080836	78087032	+	turquoise
HERVH_11q14.1c	HERVH-int	chr11	81122403	81127454	+	turquoise
HERVH_11q14.1d	HERVH-int	chr11	81806220	81812679	+	turquoise
HERVH_11q14.1e	HERVH-int	chr11	82025408	82031014	+	turquoise
HERVH_11q14.1f	HERVH-int	chr11	83341985	83345578	-	turquoise
HERVH_11q14.1g	HERVH-int	chr11	83419135	83423556	+	turquoise
HERVH_11q14.1h	HERVH-int	chr11	83430603	83436575	-	turquoise
HERVH_11q14.1i	HERVH-int	chr11	83442184	83448545	-	turquoise
HERVH_11q14.2	HERVH-int	chr11	88043410	88049633	+	turquoise
HERVH_11q14.3	HERVH-int	chr11	89381304	89387559	+	turquoise
HERVH_11q21a	HERVH-int	chr11	94641601	94647311	+	turquoise
HERVH_11q21b	HERVH-int	chr11	95019384	95025062	-	turquoise
HERVH_11q21c	HERVH-int	chr11	95309419	95317803	+	turquoise
HERVH_11q21d	HERVH-int	chr11	96587635	96593674	+	turquoise
HERVH_11q21e	HERVH-int	chr11	94345725	94355534	+	turquoise
HERVH_11q22.2	HERVH-int	chr11	102904000	102909908	-	turquoise
HERVH_11q23.1	HERVH-int	chr11	111052089	111056109	+	turquoise
HERVH_11q23.3a	HERVH-int	chr11	117810114	117814332	+	turquoise
HERVH_11q23.3b	HERVH-int	chr11	118717034	118721014	-	turquoise
HERVH_11q23.3c	HERVH-int	chr11	118730175	118731855	-	turquoise
HERVH_11q24.1a	HERVH-int	chr11	121637351	121643560	-	turquoise
HERVH_11q24.1b	HERVH-int	chr11	122546527	122555602	+	turquoise
HERVH_11q24.1c	HERVH-int	chr11	122824428	122832822	+	turquoise
HERVH_11q24.1d	HERVH-int	chr11	123865322	123871065	-	turquoise
HERVH_11q24.2a	HERVH-int	chr11	127543108	127548460	-	turquoise
HERVH_11q24.2b	HERVH-int	chr11	127768919	127774895	-	turquoise
HERVH_11q24.3a	HERVH-int	chr11	130564387	130570121	-	turquoise
HERVH_11q24.3b	HERVH-int	chr11	130753498	130759137	-	turquoise
HERVH_11q25a	HERVH-int	chr11	131254535	131260279	-	turquoise
HERVH_11q25b	HERVH-int	chr11	133626775	133632692	+	turquoise
HERVH_12p11.1	HERVH-int	chr12	34265545	34274257	+	turquoise
HERVH_12p11.21	HERVH-int	chr12	33087850	33090857	-	turquoise
HERVH_12p11.22a	HERVH-int	chr12	29134620	29140801	-	turquoise
HERVH_12p11.22b	HERVH-int	chr12	30056081	30062516	+	turquoise
HERVH_12p12.1a	HERVH-int	chr12	23505831	23511572	-	turquoise
HERVH_12p12.1b	HERVH-int	chr12	25163213	25169515	+	turquoise
HERVH_12p12.2a	HERVH-int	chr12	20762909	20769058	+	turquoise
HERVH_12p12.2b	HERVH-int	chr12	20817908	20822617	-	turquoise
HERVH_12p12.3a	HERVH-int	chr12	14705421	14710640	-	turquoise
HERVH_12p12.3b	HERVH-int	chr12	17021894	17027363	-	turquoise
HERVH_12p12.3c	HERVH-int	chr12	17469895	17474646	+	turquoise
HERVH_12p12.3d	HERVH-int	chr12	17720252	17725012	-	turquoise
HERVH_12p12.3e	HERVH-int	chr12	18195661	18203727	+	turquoise
HERVH_12p13.1a	HERVH-int	chr12	13259639	13265519	-	turquoise
HERVH_12p13.1b	HERVH-int	chr12	14231407	14237087	+	turquoise
HERVH_12p13.2a	HERVH-int	chr12	10332976	10338643	-	turquoise
HERVH_12p13.2b	HERVH-int	chr12	11462169	11468020	-	turquoise
HERVH_12p13.2c	HERVH-int	chr12	11609767	11615294	-	turquoise
HERVH_12p13.2d	HERVH-int	chr12	12058472	12064073	+	turquoise
HERVH_12p13.31a	HERVH-int	chr12	8279023	8282298	-	turquoise
HERVH_12p13.31b	HERVH-int	chr12	8290618	8294090	-	turquoise
HERVH_12p13.31c	HERVH-int	chr12	8804879	8810576	+	turquoise
HERVH_12p13.31d	HERVH-int	chr12	9833927	9836182	-	turquoise
HERVH_12p13.31e	HERVH-int	chr12	9962437	9968690	-	turquoise
HERVH_12p13.32	HERVH-int	chr12	4018541	4023694	+	turquoise
HERVH_12q12	HERVH-int	chr12	44450052	44456067	+	turquoise
HERVH_12q13.11a	HERVH-int	chr12	46031918	46037041	+	turquoise
HERVH_12q13.11b	HERVH-int	chr12	46321305	46326337	-	turquoise
HERVH_12q13.11c	HERVH-int	chr12	48111344	48115676	-	turquoise
HERVH_12q13.2a	HERVH-int	chr12	54930682	54932632	-	turquoise
HERVH_12q13.2b	HERVH-int	chr12	54942538	54948366	-	turquoise
HERVH_12q14.1a	HERVH-int	chr12	59101644	59107080	+	turquoise
HERVH_12q14.1b	HERVH-int	chr12	59323188	59328986	-	turquoise
HERVH_12q14.1c	HERVH-int	chr12	60951268	60957619	-	turquoise
HERVH_12q14.1d	HERVH-int	chr12	61587106	61592931	+	turquoise
HERVH_12q14.2	HERVH-int	chr12	62758771	62760761	+	turquoise
HERVH_12q15a	HERVH-int	chr12	67766804	67772346	-	turquoise
HERVH_12q15b	HERVH-int	chr12	70085290	70090295	+	turquoise
HERVH_12q15c	HERVH-int	chr12	70131269	70132796	-	turquoise
HERVH_12q21.1a	HERVH-int	chr12	72703222	72708969	+	turquoise
HERVH_12q21.1b	HERVH-int	chr12	72709003	72714311	-	turquoise
HERVH_12q21.1c	HERVH-int	chr12	73001848	73007727	-	turquoise
HERVH_12q21.2a	HERVH-int	chr12	76291720	76297783	+	turquoise
HERVH_12q21.2b	HERVH-int	chr12	79539848	79545625	+	turquoise
HERVH_12q21.31	HERVH-int	chr12	80783123	80788892	-	turquoise
HERVH_12q21.32a	HERVH-int	chr12	86938682	86944755	+	turquoise
HERVH_12q21.32b	HERVH-int	chr12	87907290	87912900	-	turquoise
HERVH_12q21.32c	HERVH-int	chr12	88368038	88371980	+	turquoise
HERVH_12q22	HERVH-int	chr12	95748862	95754890	+	turquoise
HERVH_12q23.1	HERVH-int	chr12	99715182	99721737	+	turquoise
HERVH_12q23.2	HERVH-int	chr12	103223124	103228555	-	turquoise
HERVH_12q24.11	HERVH-int	chr12	110404978	110411068	-	turquoise
HERVH_12q24.21	HERVH-int	chr12	114055744	114063389	+	turquoise
HERVH_12q24.32	HERVH-int	chr12	127153655	127158069	+	turquoise
HERVH_12q24.33a	HERVH-int	chr12	132889511	132894206	+	turquoise
HERVH_12q24.33b	HERVH-int	chr12	132894516	132898499	+	turquoise
HERVH_13q13.2	HERVH-int	chr13	34799254	34803348	+	turquoise
HERVH_13q13.3a	HERVH-int	chr13	36316325	36322191	+	turquoise
HERVH_13q13.3b	HERVH-int	chr13	37969007	37974554	-	turquoise
HERVH_13q14.11a	HERVH-int	chr13	42868004	42873158	-	turquoise
HERVH_13q14.11b	HERVH-int	chr13	43059672	43061602	-	turquoise
HERVH_13q14.2a	HERVH-int	chr13	48056344	48062289	+	turquoise
HERVH_13q14.2b	HERVH-int	chr13	48866711	48872459	-	turquoise
HERVH_13q14.3a	HERVH-int	chr13	51169866	51175006	+	turquoise
HERVH_13q14.3b	HERVH-int	chr13	52957383	52959941	-	turquoise
HERVH_13q14.3c	HERVH-int	chr13	54127418	54133158	-	turquoise
HERVH_13q14.3d	HERVH-int	chr13	54268142	54270743	+	turquoise
HERVH_13q21.1a	HERVH-int	chr13	55578228	55584087	-	turquoise
HERVH_13q21.1b	HERVH-int	chr13	55654931	55660802	-	turquoise
HERVH_13q21.1c	HERVH-int	chr13	56040251	56046275	+	turquoise
HERVH_13q21.1d	HERVH-int	chr13	56112411	56118259	-	turquoise
HERVH_13q21.2a	HERVH-int	chr13	61088458	61094439	+	turquoise
HERVH_13q21.2b	HERVH-int	chr13	61205682	61211279	+	turquoise
HERVH_13q21.31	HERVH-int	chr13	63213193	63219132	+	turquoise
HERVH_13q21.32a	HERVH-int	chr13	66141332	66147036	-	turquoise
HERVH_13q21.32b	HERVH-int	chr13	66226369	66232340	-	turquoise
HERVH_13q22.3	HERVH-int	chr13	77933223	77939379	-	turquoise
HERVH_13q31.1a	HERVH-int	chr13	79274082	79279821	+	turquoise
HERVH_13q31.1b	HERVH-int	chr13	80183511	80189979	+	turquoise
HERVH_13q31.1c	HERVH-int	chr13	81866095	81872431	+	turquoise
HERVH_13q31.1d	HERVH-int	chr13	83908301	83913838	-	turquoise
HERVH_13q31.1e	HERVH-int	chr13	86358168	86364136	+	turquoise
HERVH_13q31.2a	HERVH-int	chr13	87186449	87192108	-	turquoise
HERVH_13q31.2b	HERVH-int	chr13	88512819	88518743	-	turquoise
HERVH_13q31.3a	HERVH-int	chr13	90839564	90845144	+	turquoise
HERVH_13q31.3b	HERVH-int	chr13	90848573	90854278	-	turquoise
HERVH_13q32.2	HERVH-int	chr13	97642318	97648209	+	turquoise
HERVH_13q33.2	HERVH-int	chr13	104207593	104213824	-	turquoise
HERVH_13q33.3	HERVH-int	chr13	109265090	109271116	+	turquoise
HERVH_14q11.2a	HERVH-int	chr14	20700836	20706579	+	turquoise
HERVH_14q11.2b	HERVH-int	chr14	20814518	20816730	-	turquoise
HERVH_14q12a	HERVH-int	chr14	25425572	25429122	-	turquoise
HERVH_14q12b	HERVH-int	chr14	25429279	25430929	-	turquoise
HERVH_14q12c	HERVH-int	chr14	31246362	31251138	-	turquoise
HERVH_14q13.1	HERVH-int	chr14	34651542	34655200	+	turquoise
HERVH_14q21.1a	HERVH-int	chr14	38190638	38196525	+	turquoise
HERVH_14q21.1b	HERVH-int	chr14	41515871	41521881	+	turquoise
HERVH_14q21.2a	HERVH-int	chr14	45494962	45499732	-	turquoise
HERVH_14q21.2b	HERVH-int	chr14	46012433	46018103	-	turquoise
HERVH_14q21.2c	HERVH-int	chr14	46544006	46549668	+	turquoise
HERVH_14q21.3a	HERVH-int	chr14	47104197	47108765	+	turquoise
HERVH_14q21.3b	HERVH-int	chr14	48255199	48260940	-	turquoise
HERVH_14q21.3c	HERVH-int	chr14	48262396	48268282	-	turquoise
HERVH_14q22.1a	HERVH-int	chr14	50893162	50896882	+	turquoise
HERVH_14q22.1b	HERVH-int	chr14	53128745	53135552	+	turquoise
HERVH_14q23.1a	HERVH-int	chr14	59445365	59449785	+	turquoise
HERVH_14q23.1b	HERVH-int	chr14	61133252	61139160	-	turquoise
HERVH_14q24.2a	HERVH-int	chr14	70293487	70301929	-	turquoise
HERVH_14q24.2b	HERVH-int	chr14	71124207	71130006	+	turquoise
HERVH_14q24.2c	HERVH-int	chr14	73128452	73134036	-	turquoise
HERVH_14q24.3a	HERVH-int	chr14	73703339	73709213	+	turquoise
HERVH_14q24.3b	HERVH-int	chr14	75580498	75586497	-	turquoise
HERVH_14q31.1	HERVH-int	chr14	82060903	82065781	-	turquoise
HERVH_14q31.3a	HERVH-int	chr14	84500250	84505973	-	turquoise
HERVH_14q31.3b	HERVH-int	chr14	85732437	85738601	-	turquoise
HERVH_14q31.3c	HERVH-int	chr14	86731586	86737060	+	turquoise
HERVH_14q31.3d	HERVH-int	chr14	87234691	87240791	-	turquoise
HERVH_14q32.12a	HERVH-int	chr14	92041755	92049821	-	turquoise
HERVH_14q32.12b	HERVH-int	chr14	92759739	92763541	+	turquoise
HERVH_14q32.12c	HERVH-int	chr14	93559392	93564970	-	turquoise
HERVH_14q32.2a	HERVH-int	chr14	95973031	95978860	+	turquoise
HERVH_14q32.2b	HERVH-int	chr14	98446793	98452574	-	turquoise
HERVH_14q32.2c	HERVH-int	chr14	98985205	98992939	+	turquoise
HERVH_14q32.31a	HERVH-int	chr14	101305254	101311247	-	turquoise
HERVH_14q32.31b	HERVH-int	chr14	102239957	102245769	+	turquoise
HERVH_14q32.31c	HERVH-int	chr14	102410504	102411706	+	turquoise
HERVH_15q11.2	HERVH-int	chr15	24685360	24691027	-	turquoise
HERVH_15q14a	HERVH-int	chr15	35238629	35243837	+	turquoise
HERVH_15q14b	HERVH-int	chr15	36285828	36290875	-	turquoise
HERVH_15q14c	HERVH-int	chr15	37236265	37241355	-	turquoise
HERVH_15q15.1a	HERVH-int	chr15	41131296	41135133	+	turquoise
HERVH_15q15.1b	HERVH-int	chr15	41135450	41137621	+	turquoise
HERVH_15q15.2	HERVH-int	chr15	42884759	42890348	+	turquoise
HERVH_15q21.2	HERVH-int	chr15	49698524	49704756	-	turquoise
HERVH_15q21.3a	HERVH-int	chr15	52738558	52745204	+	turquoise
HERVH_15q21.3b	HERVH-int	chr15	53426844	53432463	-	turquoise
HERVH_15q24.1	HERVH-int	chr15	74354144	74359784	+	turquoise
HERVH_15q25.2	HERVH-int	chr15	82702377	82708400	+	turquoise
HERVH_15q25.3a	HERVH-int	chr15	87041969	87045508	+	turquoise
HERVH_15q25.3b	HERVH-int	chr15	87831107	87837022	+	turquoise
HERVH_15q26.1a	HERVH-int	chr15	88547268	88551301	-	turquoise
HERVH_15q26.1b	HERVH-int	chr15	88560270	88562263	-	turquoise
HERVH_15q26.1c	HERVH-int	chr15	90133293	90138300	+	turquoise
HERVH_15q26.1d	HERVH-int	chr15	92511307	92517425	+	turquoise
HERVH_15q26.2a	HERVH-int	chr15	96871837	96877667	-	turquoise
HERVH_15q26.2b	HERVH-int	chr15	94750749	94760376	+	turquoise
HERVH_15q26.3a	HERVH-int	chr15	100440257	100446201	+	turquoise
HERVH_15q26.3b	HERVH-int	chr15	101072487	101078293	+	turquoise
HERVH_16p11.1	HERVH-int	chr16	35736424	35745766	-	turquoise
HERVH_16p11.2	HERVH-int	chr16	30859452	30864906	+	turquoise
HERVH_16p12.3	HERVH-int	chr16	18990537	18997301	-	turquoise
HERVH_16p13.12	HERVH-int	chr16	13352583	13358061	-	turquoise
HERVH_16p13.2a	HERVH-int	chr16	7814737	7820397	+	turquoise
HERVH_16p13.2b	HERVH-int	chr16	9670530	9677301	-	turquoise
HERVH_16p13.2c	HERVH-int	chr16	10283161	10286701	+	turquoise
HERVH_16p13.2d	HERVH-int	chr16	10292854	10295234	+	turquoise
HERVH_16p13.2e	HERVH-int	chr16	8833043	8845457	-	turquoise
HERVH_16q12.1a	HERVH-int	chr16	47838741	47844564	+	turquoise
HERVH_16q12.1b	HERVH-int	chr16	52216073	52217397	-	turquoise
HERVH_16q21a	HERVH-int	chr16	59514911	59522964	-	turquoise
HERVH_16q21b	HERVH-int	chr16	60078535	60084578	+	turquoise
HERVH_16q21c	HERVH-int	chr16	62979240	62985208	-	turquoise
HERVH_16q21d	HERVH-int	chr16	65229805	65235349	-	turquoise
HERVH_16q21e	HERVH-int	chr16	65275256	65279034	-	turquoise
HERVH_16q22.1	HERVH-int	chr16	70616524	70626119	-	turquoise
HERVH_16q24.1a	HERVH-int	chr16	86278095	86281279	+	turquoise
HERVH_16q24.1b	HERVH-int	chr16	86742019	86747655	-	turquoise
HERVH_17p11.2	HERVH-int	chr17	19888542	19893598	-	turquoise
HERVH_17p12	HERVH-int	chr17	11971756	11976947	+	turquoise
HERVH_17p13.1	HERVH-int	chr17	6732965	6737452	-	turquoise
HERVH_17q11.2	HERVH-int	chr17	32772920	32774241	+	turquoise
HERVH_17q12	HERVH-int	chr17	34183191	34188994	+	turquoise
HERVH_17q22a	HERVH-int	chr17	54411779	54416802	+	turquoise
HERVH_17q22b	HERVH-int	chr17	55467773	55476512	+	turquoise
HERVH_17q24.2	HERVH-int	chr17	68795454	68798097	-	turquoise
HERVH_17q25.1a	HERVH-int	chr17	74503255	74506420	+	turquoise
HERVH_17q25.1b	HERVH-int	chr17	75252621	75258281	+	turquoise
HERVH_17q25.1c	HERVH-int	chr17	76605988	76611511	-	turquoise
HERVH_17q25.3	HERVH-int	chr17	80399794	80408186	+	turquoise
HERVH_18p11.22	HERVH-int	chr18	9421990	9426214	-	turquoise
HERVH_18q11.2	HERVH-int	chr18	23285010	23290046	+	turquoise
HERVH_18q12.1a	HERVH-int	chr18	28693027	28698881	-	turquoise
HERVH_18q12.1b	HERVH-int	chr18	31284199	31289927	-	turquoise
HERVH_18q12.1c	HERVH-int	chr18	31803783	31810056	+	turquoise
HERVH_18q12.1d	HERVH-int	chr18	32000483	32006281	+	turquoise
HERVH_18q12.2a	HERVH-int	chr18	35216028	35222512	+	turquoise
HERVH_18q12.2b	HERVH-int	chr18	35356140	35361791	-	turquoise
HERVH_18q12.2c	HERVH-int	chr18	35844062	35850418	+	turquoise
HERVH_18q12.3a	HERVH-int	chr18	42461841	42469749	+	turquoise
HERVH_18q12.3b	HERVH-int	chr18	42552441	42558142	-	turquoise
HERVH_18q12.3c	HERVH-int	chr18	42737046	42742345	+	turquoise
HERVH_18q12.3d	HERVH-int	chr18	42991497	42996809	+	turquoise
HERVH_18q21.2	HERVH-int	chr18	51570063	51574789	-	turquoise
HERVH_18q21.31a	HERVH-int	chr18	56415436	56421341	+	turquoise
HERVH_18q21.31b	HERVH-int	chr18	57064649	57072502	-	turquoise
HERVH_18q21.32	HERVH-int	chr18	58641222	58646708	-	turquoise
HERVH_18q22.1	HERVH-int	chr18	64681731	64687323	+	turquoise
HERVH_18q22.3a	HERVH-int	chr18	73324615	73330362	+	turquoise
HERVH_18q22.3b	HERVH-int	chr18	74293089	74299036	+	turquoise
HERVH_19p12a	HERVH-int	chr19	20087687	20096781	-	turquoise
HERVH_19p12b	HERVH-int	chr19	20154966	20161284	+	turquoise
HERVH_19p12c	HERVH-int	chr19	20518831	20524470	-	turquoise
HERVH_19p12d	HERVH-int	chr19	21130343	21135256	-	turquoise
HERVH_19p12e	HERVH-int	chr19	21858084	21863893	+	turquoise
HERVH_19p12f	HERVH-int	chr19	22568270	22575020	+	turquoise
HERVH_19p12g	HERVH-int	chr19	23026429	23032231	-	turquoise
HERVH_19p12h	HERVH-int	chr19	23176980	23179743	+	turquoise
HERVH_19p12i	HERVH-int	chr19	23186832	23188026	+	turquoise
HERVH_19p12j	HERVH-int	chr19	23188262	23189033	-	turquoise
HERVH_19p12k	HERVH-int	chr19	23549493	23555054	+	turquoise
HERVH_19p13.11	HERVH-int	chr19	17593566	17598095	+	turquoise
HERVH_19p13.12	HERVH-int	chr19	15828738	15834725	+	turquoise
HERVH_19p13.2a	HERVH-int	chr19	9364148	9366007	-	turquoise
HERVH_19p13.2b	HERVH-int	chr19	9539343	9550570	+	turquoise
HERVH_19p13.2c	HERVH-int	chr19	9635997	9642215	-	turquoise
HERVH_19p13.2d	HERVH-int	chr19	9741826	9751972	+	turquoise
HERVH_19p13.2e	HERVH-int	chr19	10028654	10033958	-	turquoise
HERVH_19p13.3a	HERVH-int	chr19	5548576	5553212	+	turquoise
HERVH_19p13.3b	HERVH-int	chr19	5847389	5850207	+	turquoise
HERVH_19p13.3c	HERVH-int	chr19	5851940	5857653	+	turquoise
HERVH_19p13.3d	HERVH-int	chr19	6574614	6577300	+	turquoise
HERVH_19q12	HERVH-int	chr19	28431623	28435712	-	turquoise
HERVH_19q13.11	HERVH-int	chr19	34514096	34517725	+	turquoise
HERVH_19q13.12a	HERVH-int	chr19	36155475	36161023	-	turquoise
HERVH_19q13.12b	HERVH-int	chr19	36259508	36265220	-	turquoise
HERVH_19q13.2a	HERVH-int	chr19	38750366	38755295	+	turquoise
HERVH_19q13.2b	HERVH-int	chr19	42446956	42450166	-	turquoise
HERVH_19q13.31	HERVH-int	chr19	43323511	43329384	-	turquoise
HERVH_19q13.32a	HERVH-int	chr19	46102204	46109320	-	turquoise
HERVH_19q13.32b	HERVH-int	chr19	46201641	46203386	-	turquoise
HERVH_19q13.32c	HERVH-int	chr19	46273189	46278852	-	turquoise
HERVH_19q13.32d	HERVH-int	chr19	47049869	47055408	-	turquoise
HERVH_19q13.32e	HERVH-int	chr19	47392829	47398756	+	turquoise
HERVH_19q13.41a	HERVH-int	chr19	52620684	52627315	+	turquoise
HERVH_19q13.41b	HERVH-int	chr19	52627795	52633395	+	turquoise
HERVH_19q13.41c	HERVH-int	chr19	52755542	52756855	+	turquoise
HERVH_19q13.42a	HERVH-int	chr19	53831404	53837348	+	turquoise
HERVH_19q13.42b	HERVH-int	chr19	54894297	54900597	-	turquoise
HERVH_19q13.42c	HERVH-int	chr19	55006829	55012423	-	turquoise
HERVH_19q13.42d	HERVH-int	chr19	55122805	55129538	+	turquoise
HERVH_1p11.2	HERVH-int	chr1	120955899	120957584	-	turquoise
HERVH_1p13.1a	HERVH-int	chr1	115509141	115515447	-	turquoise
HERVH_1p13.1b	HERVH-int	chr1	116862347	116868395	+	turquoise
HERVH_1p13.2a	HERVH-int	chr1	112809667	112815325	+	turquoise
HERVH_1p13.2b	HERVH-int	chr1	112820145	112826054	-	turquoise
HERVH_1p13.2c	HERVH-int	chr1	114029672	114032484	+	turquoise
HERVH_1p13.3	HERVH-int	chr1	108473290	108478596	+	turquoise
HERVH_1p21.1a	HERVH-int	chr1	104380123	104388639	+	turquoise
HERVH_1p21.1b	HERVH-int	chr1	104596936	104602769	+	turquoise
HERVH_1p21.2a	HERVH-int	chr1	99509511	99515367	+	turquoise
HERVH_1p21.2b	HERVH-int	chr1	101597230	101603442	-	turquoise
HERVH_1p21.3a	HERVH-int	chr1	94566478	94572826	-	turquoise
HERVH_1p21.3b	HERVH-int	chr1	98801055	98806858	-	turquoise
HERVH_1p22.1	HERVH-int	chr1	93830337	93837088	+	turquoise
HERVH_1p31.1a	HERVH-int	chr1	70367629	70374024	+	turquoise
HERVH_1p31.1b	HERVH-int	chr1	70588437	70593991	+	turquoise
HERVH_1p31.1c	HERVH-int	chr1	72980446	72985490	-	turquoise
HERVH_1p31.1d	HERVH-int	chr1	72987801	72993602	-	turquoise
HERVH_1p31.1e	HERVH-int	chr1	76894813	76900387	-	turquoise
HERVH_1p31.1f	HERVH-int	chr1	78872187	78880915	+	turquoise
HERVH_1p31.1g	HERVH-int	chr1	79488608	79494123	-	turquoise
HERVH_1p31.1h	HERVH-int	chr1	79638762	79644487	-	turquoise
HERVH_1p31.1i	HERVH-int	chr1	79696342	79702062	-	turquoise
HERVH_1p31.1j	HERVH-int	chr1	81245283	81251207	+	turquoise
HERVH_1p31.1k	HERVH-int	chr1	82067563	82072836	-	turquoise
HERVH_1p31.1l	HERVH-int	chr1	82354569	82360556	-	turquoise
HERVH_1p31.1m	HERVH-int	chr1	82955311	82961594	+	turquoise
HERVH_1p31.3a	HERVH-int	chr1	63572744	63574886	-	turquoise
HERVH_1p31.3b	HERVH-int	chr1	64349943	64355761	-	turquoise
HERVH_1p31.3c	HERVH-int	chr1	65643207	65648034	-	turquoise
HERVH_1p31.3d	HERVH-int	chr1	68386004	68391992	+	turquoise
HERVH_1p32.3a	HERVH-int	chr1	53424337	53430029	+	turquoise
HERVH_1p32.3b	HERVH-int	chr1	53432880	53435177	+	turquoise
HERVH_1p32.3c	HERVH-int	chr1	54897904	54903584	-	turquoise
HERVH_1p32.3d	HERVH-int	chr1	54906872	54910857	-	turquoise
HERVH_1p32.3e	HERVH-int	chr1	55022708	55028369	+	turquoise
HERVH_1p33	HERVH-int	chr1	48209002	48214821	-	turquoise
HERVH_1p34.1	HERVH-int	chr1	45315974	45320483	+	turquoise
HERVH_1p34.2a	HERVH-int	chr1	42856712	42859884	+	turquoise
HERVH_1p34.2b	HERVH-int	chr1	43085534	43091157	+	turquoise
HERVH_1p34.3a	HERVH-int	chr1	34631960	34636749	-	turquoise
HERVH_1p34.3b	HERVH-int	chr1	35132025	35138025	-	turquoise
HERVH_1p34.3c	HERVH-int	chr1	37907815	37914173	+	turquoise
HERVH_1p34.3d	HERVH-int	chr1	38425114	38430779	+	turquoise
HERVH_1p35.1	HERVH-int	chr1	32432337	32438038	+	turquoise
HERVH_1p35.2	HERVH-int	chr1	30203678	30209113	+	turquoise
HERVH_1p36.12	HERVH-int	chr1	22997505	23004403	-	turquoise
HERVH_1p36.13	HERVH-int	chr1	20041281	20045782	-	turquoise
HERVH_1p36.21	HERVH-int	chr1	13560841	13567494	+	turquoise
HERVH_1p36.32a	HERVH-int	chr1	4180997	4187514	-	turquoise
HERVH_1p36.32b	HERVH-int	chr1	5044796	5053098	+	turquoise
HERVH_1p36.32c	HERVH-int	chr1	5114487	5118888	+	turquoise
HERVH_1q23.3	HERVH-int	chr1	163591309	163596529	+	turquoise
HERVH_1q24.2	HERVH-int	chr1	169683070	169688724	+	turquoise
HERVH_1q25.2	HERVH-int	chr1	178040241	178045930	+	turquoise
HERVH_1q25.3	HERVH-int	chr1	183613210	183619373	+	turquoise
HERVH_1q31.1a	HERVH-int	chr1	185948279	185954216	-	turquoise
HERVH_1q31.1b	HERVH-int	chr1	187765509	187770901	-	turquoise
HERVH_1q31.2	HERVH-int	chr1	192978517	192980540	-	turquoise
HERVH_1q31.3	HERVH-int	chr1	198034651	198040990	+	turquoise
HERVH_1q32.1a	HERVH-int	chr1	205871746	205875092	+	turquoise
HERVH_1q32.1b	HERVH-int	chr1	205884573	205890424	-	turquoise
HERVH_1q32.2a	HERVH-int	chr1	209448805	209454002	+	turquoise
HERVH_1q32.2b	HERVH-int	chr1	210111090	210116207	-	turquoise
HERVH_1q32.2c	HERVH-int	chr1	210187604	210195678	+	turquoise
HERVH_1q32.3a	HERVH-int	chr1	212843811	212846806	+	turquoise
HERVH_1q32.3b	HERVH-int	chr1	212910008	212914681	+	turquoise
HERVH_1q41a	HERVH-int	chr1	215410117	215415683	-	turquoise
HERVH_1q41b	HERVH-int	chr1	216008143	216013869	+	turquoise
HERVH_1q41c	HERVH-int	chr1	216145601	216152688	+	turquoise
HERVH_1q41d	HERVH-int	chr1	218594310	218600065	-	turquoise
HERVH_1q41e	HERVH-int	chr1	221947781	221952102	+	turquoise
HERVH_1q41f	HERVH-int	chr1	221965924	221971633	+	turquoise
HERVH_1q41g	HERVH-int	chr1	221973078	221978957	-	turquoise
HERVH_1q41h	HERVH-int	chr1	223024396	223030156	-	turquoise
HERVH_1q42.12a	HERVH-int	chr1	224839936	224846082	-	turquoise
HERVH_1q42.12b	HERVH-int	chr1	224885458	224893550	+	turquoise
HERVH_1q42.13a	HERVH-int	chr1	226833503	226838404	+	turquoise
HERVH_1q42.13b	HERVH-int	chr1	228676559	228682714	-	turquoise
HERVH_1q42.13c	HERVH-int	chr1	228947424	228951887	+	turquoise
HERVH_1q42.13d	HERVH-int	chr1	229174258	229180176	+	turquoise
HERVH_1q42.13e	HERVH-int	chr1	229412418	229418665	+	turquoise
HERVH_1q42.2a	HERVH-int	chr1	230601216	230609094	+	turquoise
HERVH_1q42.2b	HERVH-int	chr1	231829672	231835648	-	turquoise
HERVH_1q42.2c	HERVH-int	chr1	232118115	232123945	+	turquoise
HERVH_1q42.2d	HERVH-int	chr1	232229629	232234999	-	turquoise
HERVH_1q42.2e	HERVH-int	chr1	233683449	233689204	-	turquoise
HERVH_1q43a	HERVH-int	chr1	236932317	236937922	-	turquoise
HERVH_1q43b	HERVH-int	chr1	239101236	239107062	+	turquoise
HERVH_1q43c	HERVH-int	chr1	241433889	241439882	+	turquoise
HERVH_1q44	HERVH-int	chr1	248335766	248341106	-	turquoise
HERVH_20p11.23a	HERVH-int	chr20	18517122	18522759	-	turquoise
HERVH_20p11.23b	HERVH-int	chr20	19752049	19756776	-	turquoise
HERVH_20p12.1a	HERVH-int	chr20	12340267	12345939	-	turquoise
HERVH_20p12.1b	HERVH-int	chr20	12753820	12759634	+	turquoise
HERVH_20p12.1c	HERVH-int	chr20	13357880	13362689	+	turquoise
HERVH_20p12.1d	HERVH-int	chr20	15147695	15153502	-	turquoise
HERVH_20p13a	HERVH-int	chr20	172772	178853	+	turquoise
HERVH_20p13b	HERVH-int	chr20	896877	901599	+	turquoise
HERVH_20p13c	HERVH-int	chr20	1727239	1733570	-	turquoise
HERVH_20q11.23	HERVH-int	chr20	38592396	38598799	-	turquoise
HERVH_20q12a	HERVH-int	chr20	40093110	40099009	+	turquoise
HERVH_20q12b	HERVH-int	chr20	40269054	40274761	+	turquoise
HERVH_20q13.12a	HERVH-int	chr20	44670229	44676774	+	turquoise
HERVH_20q13.12b	HERVH-int	chr20	45584245	45588141	-	turquoise
HERVH_20q13.12c	HERVH-int	chr20	45759334	45765245	+	turquoise
HERVH_21p11.2	HERVH-int	chr21	9847516	9850363	+	turquoise
HERVH_21q21.1a	HERVH-int	chr21	15979610	15985359	-	turquoise
HERVH_21q21.1b	HERVH-int	chr21	16391958	16398534	-	turquoise
HERVH_21q21.1c	HERVH-int	chr21	16892210	16898240	+	turquoise
HERVH_21q21.1d	HERVH-int	chr21	16914128	16919898	+	turquoise
HERVH_21q21.1e	HERVH-int	chr21	17121441	17127757	+	turquoise
HERVH_21q21.3a	HERVH-int	chr21	26227879	26233487	-	turquoise
HERVH_21q21.3b	HERVH-int	chr21	28161434	28166924	+	turquoise
HERVH_21q22.13	HERVH-int	chr21	37587926	37592508	-	turquoise
HERVH_21q22.2	HERVH-int	chr21	40954769	40960696	+	turquoise
HERVH_21q22.3	HERVH-int	chr21	42800847	42806578	-	turquoise
HERVH_22q11.1	HERVH-int	chr22	16611308	16615149	+	turquoise
HERVH_22q12.1	HERVH-int	chr22	27742307	27745128	+	turquoise
HERVH_22q12.3a	HERVH-int	chr22	32502754	32508503	+	turquoise
HERVH_22q12.3b	HERVH-int	chr22	34834608	34840024	+	turquoise
HERVH_22q13.1a	HERVH-int	chr22	39056262	39062970	-	turquoise
HERVH_22q13.1b	HERVH-int	chr22	39066094	39068308	-	turquoise
HERVH_2p11.2a	HERVH-int	chr2	83788947	83792700	-	turquoise
HERVH_2p11.2b	HERVH-int	chr2	83792810	83794480	-	turquoise
HERVH_2p11.2c	HERVH-int	chr2	89050122	89056967	+	turquoise
HERVH_2p11.2d	HERVH-int	chr2	90143601	90150444	-	turquoise
HERVH_2p12a	HERVH-int	chr2	75213731	75219537	-	turquoise
HERVH_2p12b	HERVH-int	chr2	76573625	76579704	-	turquoise
HERVH_2p12c	HERVH-int	chr2	77088247	77094030	+	turquoise
HERVH_2p12d	HERVH-int	chr2	77965140	77970850	+	turquoise
HERVH_2p12e	HERVH-int	chr2	78758203	78764267	+	turquoise
HERVH_2p12f	HERVH-int	chr2	79051400	79057072	+	turquoise
HERVH_2p12g	HERVH-int	chr2	79211346	79217707	-	turquoise
HERVH_2p12h	HERVH-int	chr2	80875799	80880161	-	turquoise
HERVH_2p13.3a	HERVH-int	chr2	69443011	69449341	-	turquoise
HERVH_2p13.3b	HERVH-int	chr2	70620550	70626409	+	turquoise
HERVH_2p13.3c	HERVH-int	chr2	71086360	71090997	-	turquoise
HERVH_2p13.3d	HERVH-int	chr2	71157778	71165609	-	turquoise
HERVH_2p14a	HERVH-int	chr2	64074809	64079933	-	turquoise
HERVH_2p14b	HERVH-int	chr2	64252414	64257646	+	turquoise
HERVH_2p14c	HERVH-int	chr2	66243889	66249502	+	turquoise
HERVH_2p14d	HERVH-int	chr2	67331517	67337601	+	turquoise
HERVH_2p16.1a	HERVH-int	chr2	57192263	57198696	+	turquoise
HERVH_2p16.1b	HERVH-int	chr2	57227242	57235205	+	turquoise
HERVH_2p16.1c	HERVH-int	chr2	58113432	58119130	-	turquoise
HERVH_2p16.1d	HERVH-int	chr2	58314169	58319388	+	turquoise
HERVH_2p16.1e	HERVH-int	chr2	60417435	60422485	+	turquoise
HERVH_2p16.2	HERVH-int	chr2	54506902	54509542	-	turquoise
HERVH_2p16.3a	HERVH-int	chr2	47582656	47591646	-	turquoise
HERVH_2p16.3b	HERVH-int	chr2	52022984	52027600	-	turquoise
HERVH_2p21a	HERVH-int	chr2	44018447	44024529	-	turquoise
HERVH_2p21b	HERVH-int	chr2	45034461	45040152	-	turquoise
HERVH_2p22.1	HERVH-int	chr2	41377833	41385713	+	turquoise
HERVH_2p22.2a	HERVH-int	chr2	36599100	36604761	+	turquoise
HERVH_2p22.2b	HERVH-int	chr2	37381018	37385604	-	turquoise
HERVH_2p22.2c	HERVH-int	chr2	38080802	38086512	-	turquoise
HERVH_2p22.3a	HERVH-int	chr2	34694558	34696877	+	turquoise
HERVH_2p22.3b	HERVH-int	chr2	34696878	34701369	-	turquoise
HERVH_2p22.3c	HERVH-int	chr2	34701370	34702833	+	turquoise
HERVH_2p22.3d	HERVH-int	chr2	34789819	34796056	+	turquoise
HERVH_2p22.3e	HERVH-int	chr2	34800999	34806725	-	turquoise
HERVH_2p22.3f	HERVH-int	chr2	35436928	35442587	-	turquoise
HERVH_2p22.3g	HERVH-int	chr2	35814050	35818777	+	turquoise
HERVH_2p24.1	HERVH-int	chr2	20082562	20088123	+	turquoise
HERVH_2p24.2	HERVH-int	chr2	16791945	16797703	-	turquoise
HERVH_2p24.3a	HERVH-int	chr2	12569680	12575439	+	turquoise
HERVH_2p24.3b	HERVH-int	chr2	12626335	12632257	+	turquoise
HERVH_2p24.3c	HERVH-int	chr2	13163759	13169724	-	turquoise
HERVH_2p25.1	HERVH-int	chr2	7872706	7878891	-	turquoise
HERVH_2p25.2	HERVH-int	chr2	5000769	5006730	+	turquoise
HERVH_2p25.3	HERVH-int	chr2	3815549	3821340	-	turquoise
HERVH_2q13	HERVH-int	chr2	110217884	110219194	+	turquoise
HERVH_2q14.1a	HERVH-int	chr2	116183753	116189710	-	turquoise
HERVH_2q14.1b	HERVH-int	chr2	117130629	117135078	+	turquoise
HERVH_2q14.1c	HERVH-int	chr2	117278753	117284509	+	turquoise
HERVH_2q14.3	HERVH-int	chr2	123659079	123661097	-	turquoise
HERVH_2q22.1a	HERVH-int	chr2	137684383	137688660	-	turquoise
HERVH_2q22.1b	HERVH-int	chr2	140426394	140432402	+	turquoise
HERVH_2q22.2	HERVH-int	chr2	142489679	142495325	-	turquoise
HERVH_2q23.3a	HERVH-int	chr2	150112717	150118564	+	turquoise
HERVH_2q23.3b	HERVH-int	chr2	151309068	151315223	+	turquoise
HERVH_2q23.3c	HERVH-int	chr2	153534536	153536035	-	turquoise
HERVH_2q23.3d	HERVH-int	chr2	150953417	150962930	+	turquoise
HERVH_2q24.1a	HERVH-int	chr2	154582639	154587189	-	turquoise
HERVH_2q24.1b	HERVH-int	chr2	154867229	154874560	+	turquoise
HERVH_2q24.1c	HERVH-int	chr2	156720084	156725844	-	turquoise
HERVH_2q24.1d	HERVH-int	chr2	157340836	157343474	-	turquoise
HERVH_2q24.1e	HERVH-int	chr2	157343501	157345447	+	turquoise
HERVH_2q24.3a	HERVH-int	chr2	164295826	164301566	+	turquoise
HERVH_2q24.3b	HERVH-int	chr2	164459160	164463273	+	turquoise
HERVH_2q24.3c	HERVH-int	chr2	165707552	165716198	-	turquoise
HERVH_2q31.1a	HERVH-int	chr2	169133783	169136806	+	turquoise
HERVH_2q31.1b	HERVH-int	chr2	170977458	170983386	-	turquoise
HERVH_2q31.1c	HERVH-int	chr2	172542098	172544286	+	turquoise
HERVH_2q31.2	HERVH-int	chr2	179051587	179057323	-	turquoise
HERVH_2q32.1a	HERVH-int	chr2	183044186	183049650	+	turquoise
HERVH_2q32.1b	HERVH-int	chr2	187557941	187566148	-	turquoise
HERVH_2q32.1c	HERVH-int	chr2	187670483	187676269	-	turquoise
HERVH_2q32.1d	HERVH-int	chr2	188033498	188039136	+	turquoise
HERVH_2q32.1e	HERVH-int	chr2	188164721	188166349	-	turquoise
HERVH_2q32.1f	HERVH-int	chr2	188168688	188174691	-	turquoise
HERVH_2q32.3a	HERVH-int	chr2	192130386	192136111	+	turquoise
HERVH_2q32.3b	HERVH-int	chr2	192506079	192513182	+	turquoise
HERVH_2q32.3c	HERVH-int	chr2	192918303	192924835	+	turquoise
HERVH_2q32.3d	HERVH-int	chr2	194130702	194136554	-	turquoise
HERVH_2q33.1a	HERVH-int	chr2	197578410	197587726	+	turquoise
HERVH_2q33.1b	HERVH-int	chr2	199179365	199185671	+	turquoise
HERVH_2q33.1c	HERVH-int	chr2	199247247	199252648	+	turquoise
HERVH_2q33.2	HERVH-int	chr2	203961942	203967634	-	turquoise
HERVH_2q33.3a	HERVH-int	chr2	206806840	206812627	-	turquoise
HERVH_2q33.3b	HERVH-int	chr2	207017218	207023284	+	turquoise
HERVH_2q34a	HERVH-int	chr2	208215925	208221935	-	turquoise
HERVH_2q34b	HERVH-int	chr2	208900115	208905467	+	turquoise
HERVH_2q34c	HERVH-int	chr2	209078020	209084376	+	turquoise
HERVH_2q34d	HERVH-int	chr2	209299313	209304932	+	turquoise
HERVH_2q34e	HERVH-int	chr2	211261807	211267653	+	turquoise
HERVH_2q35a	HERVH-int	chr2	215089939	215096031	+	turquoise
HERVH_2q35b	HERVH-int	chr2	215922303	215928126	+	turquoise
HERVH_2q35c	HERVH-int	chr2	218174020	218179886	-	turquoise
HERVH_2q36.1a	HERVH-int	chr2	223188780	223195505	-	turquoise
HERVH_2q36.1b	HERVH-int	chr2	224087354	224093515	-	turquoise
HERVH_2q36.1c	HERVH-int	chr2	224225331	224230986	+	turquoise
HERVH_2q36.1d	HERVH-int	chr2	224296633	224302363	+	turquoise
HERVH_2q37.1a	HERVH-int	chr2	231430886	231432394	-	turquoise
HERVH_2q37.1b	HERVH-int	chr2	233214800	233217821	-	turquoise
HERVH_2q37.3	HERVH-int	chr2	237606784	237612654	+	turquoise
HERVH_3p11.1a	HERVH-int	chr3	90071545	90072981	-	turquoise
HERVH_3p11.1b	HERVH-int	chr3	90082984	90086728	+	turquoise
HERVH_3p11.2	HERVH-int	chr3	87570732	87575761	+	turquoise
HERVH_3p12.1a	HERVH-int	chr3	84187812	84193404	-	turquoise
HERVH_3p12.1b	HERVH-int	chr3	86537069	86543930	-	turquoise
HERVH_3p12.2a	HERVH-int	chr3	80386128	80391440	+	turquoise
HERVH_3p12.2b	HERVH-int	chr3	83354176	83357600	-	turquoise
HERVH_3p12.3a	HERVH-int	chr3	75469906	75475683	-	turquoise
HERVH_3p12.3b	HERVH-int	chr3	76534692	76538146	-	turquoise
HERVH_3p12.3c	HERVH-int	chr3	78323654	78327784	+	turquoise
HERVH_3p12.3d	HERVH-int	chr3	78581212	78588919	-	turquoise
HERVH_3p12.3e	HERVH-int	chr3	79618310	79621442	+	turquoise
HERVH_3p13a	HERVH-int	chr3	70434672	70440419	-	turquoise
HERVH_3p13b	HERVH-int	chr3	72023126	72028900	+	turquoise
HERVH_3p14.1	HERVH-int	chr3	67037862	67044184	-	turquoise
HERVH_3p14.2	HERVH-int	chr3	63583912	63584645	-	turquoise
HERVH_3p14.3a	HERVH-int	chr3	54634484	54640204	-	turquoise
HERVH_3p14.3b	HERVH-int	chr3	57303802	57309115	+	turquoise
HERVH_3p14.3c	HERVH-int	chr3	58592371	58595704	+	turquoise
HERVH_3p21.31a	HERVH-int	chr3	44344658	44351310	-	turquoise
HERVH_3p21.31b	HERVH-int	chr3	44855024	44859382	-	turquoise
HERVH_3p21.31c	HERVH-int	chr3	46246275	46252065	-	turquoise
HERVH_3p21.31d	HERVH-int	chr3	46326736	46332857	-	turquoise
HERVH_3p21.31e	HERVH-int	chr3	46387685	46393402	-	turquoise
HERVH_3p21.31f	HERVH-int	chr3	48723255	48730147	-	turquoise
HERVH_3p22.1a	HERVH-int	chr3	39577832	39583618	-	turquoise
HERVH_3p22.1b	HERVH-int	chr3	40560896	40566678	+	turquoise
HERVH_3p22.2a	HERVH-int	chr3	37205260	37209862	+	turquoise
HERVH_3p22.2b	HERVH-int	chr3	38070496	38083728	-	turquoise
HERVH_3p22.3a	HERVH-int	chr3	32067467	32076087	+	turquoise
HERVH_3p22.3b	HERVH-int	chr3	32460939	32466915	-	turquoise
HERVH_3p22.3c	HERVH-int	chr3	34640456	34642481	-	turquoise
HERVH_3p22.3d	HERVH-int	chr3	35874404	35880025	-	turquoise
HERVH_3p24.1a	HERVH-int	chr3	27549582	27553803	-	turquoise
HERVH_3p24.1b	HERVH-int	chr3	27599002	27603163	+	turquoise
HERVH_3p24.2	HERVH-int	chr3	26157652	26165575	-	turquoise
HERVH_3p24.3a	HERVH-int	chr3	16744186	16750064	+	turquoise
HERVH_3p24.3b	HERVH-int	chr3	20967541	20973231	-	turquoise
HERVH_3p24.3c	HERVH-int	chr3	21189020	21194203	-	turquoise
HERVH_3p24.3d	HERVH-int	chr3	21377907	21382955	-	turquoise
HERVH_3p25.3	HERVH-int	chr3	8177031	8182716	+	turquoise
HERVH_3p26.1	HERVH-int	chr3	6397587	6403075	+	turquoise
HERVH_3p26.3a	HERVH-int	chr3	890694	896413	-	turquoise
HERVH_3p26.3b	HERVH-int	chr3	1240737	1245092	-	turquoise
HERVH_3q11.1	HERVH-int	chr3	93938055	93944071	+	turquoise
HERVH_3q11.2a	HERVH-int	chr3	97272463	97277550	-	turquoise
HERVH_3q11.2b	HERVH-int	chr3	98191088	98196791	+	turquoise
HERVH_3q11.2c	HERVH-int	chr3	98243922	98249844	+	turquoise
HERVH_3q13.11	HERVH-int	chr3	104439928	104445775	-	turquoise
HERVH_3q13.12a	HERVH-int	chr3	106922769	106928372	-	turquoise
HERVH_3q13.12b	HERVH-int	chr3	107569409	107571817	-	turquoise
HERVH_3q13.2	HERVH-int	chr3	112418412	112423365	-	turquoise
HERVH_3q13.31a	HERVH-int	chr3	115793483	115799166	-	turquoise
HERVH_3q13.31b	HERVH-int	chr3	116105357	116111228	-	turquoise
HERVH_3q21.2a	HERVH-int	chr3	124752578	124758183	-	turquoise
HERVH_3q21.2b	HERVH-int	chr3	125863750	125869497	+	turquoise
HERVH_3q21.3a	HERVH-int	chr3	126247331	126248690	+	turquoise
HERVH_3q21.3b	HERVH-int	chr3	128829426	128834942	-	turquoise
HERVH_3q21.3c	HERVH-int	chr3	128836083	128842027	-	turquoise
HERVH_3q21.3d	HERVH-int	chr3	128959818	128965400	+	turquoise
HERVH_3q22.1a	HERVH-int	chr3	130059102	130064974	+	turquoise
HERVH_3q22.1b	HERVH-int	chr3	130137641	130140911	-	turquoise
HERVH_3q22.1c	HERVH-int	chr3	130149231	130152690	-	turquoise
HERVH_3q22.1d	HERVH-int	chr3	131509223	131514208	-	turquoise
HERVH_3q22.1e	HERVH-int	chr3	133430513	133434933	+	turquoise
HERVH_3q22.3a	HERVH-int	chr3	136217439	136223714	-	turquoise
HERVH_3q22.3b	HERVH-int	chr3	137595601	137601190	+	turquoise
HERVH_3q23a	HERVH-int	chr3	141204901	141211729	+	turquoise
HERVH_3q23b	HERVH-int	chr3	141692184	141696444	-	turquoise
HERVH_3q24a	HERVH-int	chr3	143797445	143805925	+	turquoise
HERVH_3q24b	HERVH-int	chr3	145111268	145113190	-	turquoise
HERVH_3q24c	HERVH-int	chr3	145113191	145116899	+	turquoise
HERVH_3q24d	HERVH-int	chr3	145551229	145556922	-	turquoise
HERVH_3q24e	HERVH-int	chr3	145710495	145716095	+	turquoise
HERVH_3q24f	HERVH-int	chr3	146353817	146359463	+	turquoise
HERVH_3q24g	HERVH-int	chr3	146362086	146367972	+	turquoise
HERVH_3q24h	HERVH-int	chr3	148151529	148157361	+	turquoise
HERVH_3q24i	HERVH-int	chr3	148414244	148420096	+	turquoise
HERVH_3q25.1	HERVH-int	chr3	150600789	150602459	+	turquoise
HERVH_3q25.2a	HERVH-int	chr3	152597016	152603153	+	turquoise
HERVH_3q25.2b	HERVH-int	chr3	153226150	153232523	-	turquoise
HERVH_3q25.2c	HERVH-int	chr3	153825582	153829441	-	turquoise
HERVH_3q25.2d	HERVH-int	chr3	155274437	155280798	-	turquoise
HERVH_3q25.2e	HERVH-int	chr3	155282777	155284930	-	turquoise
HERVH_3q26.1a	HERVH-int	chr3	161721915	161727777	-	turquoise
HERVH_3q26.1b	HERVH-int	chr3	162153421	162159637	-	turquoise
HERVH_3q26.1c	HERVH-int	chr3	162712460	162718258	+	turquoise
HERVH_3q26.1d	HERVH-int	chr3	162722818	162727229	-	turquoise
HERVH_3q26.1e	HERVH-int	chr3	163907530	163913988	+	turquoise
HERVH_3q26.1f	HERVH-int	chr3	164342181	164347849	-	turquoise
HERVH_3q26.1g	HERVH-int	chr3	166500605	166506418	-	turquoise
HERVH_3q26.1h	HERVH-int	chr3	166822581	166829713	-	turquoise
HERVH_3q26.1i	HERVH-int	chr3	167422393	167431175	+	turquoise
HERVH_3q26.1j	HERVH-int	chr3	167431286	167437130	+	turquoise
HERVH_3q26.2a	HERVH-int	chr3	168930920	168933315	-	turquoise
HERVH_3q26.2b	HERVH-int	chr3	170672177	170678262	-	turquoise
HERVH_3q26.2c	HERVH-int	chr3	170681758	170689306	-	turquoise
HERVH_3q26.2d	HERVH-int	chr3	170817615	170823761	-	turquoise
HERVH_3q26.31a	HERVH-int	chr3	171576684	171582157	+	turquoise
HERVH_3q26.31b	HERVH-int	chr3	173155218	173161544	-	turquoise
HERVH_3q26.31c	HERVH-int	chr3	175827485	175836221	+	turquoise
HERVH_3q26.32a	HERVH-int	chr3	176061364	176066982	+	turquoise
HERVH_3q26.32b	HERVH-int	chr3	176321619	176327363	-	turquoise
HERVH_3q26.32c	HERVH-int	chr3	177665834	177671132	-	turquoise
HERVH_3q26.32d	HERVH-int	chr3	178207403	178214658	+	turquoise
HERVH_3q26.33a	HERVH-int	chr3	179515305	179517068	-	turquoise
HERVH_3q26.33b	HERVH-int	chr3	179517069	179522482	+	turquoise
HERVH_3q26.33c	HERVH-int	chr3	179522486	179526348	-	turquoise
HERVH_3q27.2	HERVH-int	chr3	185373849	185379707	-	turquoise
HERVH_3q27.3a	HERVH-int	chr3	186657774	186663690	+	turquoise
HERVH_3q27.3b	HERVH-int	chr3	187175504	187181262	-	turquoise
HERVH_3q27.3c	HERVH-int	chr3	187466299	187472000	-	turquoise
HERVH_3q28a	HERVH-int	chr3	190144600	190150202	+	turquoise
HERVH_3q28b	HERVH-int	chr3	190920164	190925860	+	turquoise
HERVH_3q28c	HERVH-int	chr3	191666260	191672378	-	turquoise
HERVH_3q28d	HERVH-int	chr3	191895384	191901110	-	turquoise
HERVH_3q28e	HERVH-int	chr3	192071109	192076858	-	turquoise
HERVH_3q29	HERVH-int	chr3	192995645	193001388	+	turquoise
HERVH_4p15.1a	HERVH-int	chr4	27974889	27981374	+	turquoise
HERVH_4p15.1b	HERVH-int	chr4	35017731	35019171	+	turquoise
HERVH_4p15.1c	HERVH-int	chr4	35019173	35022255	-	turquoise
HERVH_4p15.2a	HERVH-int	chr4	23722873	23727866	-	turquoise
HERVH_4p15.2b	HERVH-int	chr4	24323284	24328210	+	turquoise
HERVH_4p15.2c	HERVH-int	chr4	24500975	24506750	+	turquoise
HERVH_4p15.31a	HERVH-int	chr4	20195710	20199271	+	turquoise
HERVH_4p15.31b	HERVH-int	chr4	20629771	20635978	-	turquoise
HERVH_4p15.32	HERVH-int	chr4	16997747	17003925	+	turquoise
HERVH_4p15.33a	HERVH-int	chr4	11653569	11659254	-	turquoise
HERVH_4p15.33b	HERVH-int	chr4	11806284	11811938	+	turquoise
HERVH_4p15.33c	HERVH-int	chr4	12363888	12369679	+	turquoise
HERVH_4p15.33d	HERVH-int	chr4	14169948	14175976	-	turquoise
HERVH_4p16.1a	HERVH-int	chr4	8482399	8488709	-	turquoise
HERVH_4p16.1b	HERVH-int	chr4	9094400	9097916	+	turquoise
HERVH_4p16.1c	HERVH-int	chr4	9106253	9108459	+	turquoise
HERVH_4p16.1d	HERVH-int	chr4	9638973	9644753	+	turquoise
HERVH_4p16.3a	HERVH-int	chr4	399612	402791	-	turquoise
HERVH_4p16.3b	HERVH-int	chr4	402861	409299	-	turquoise
HERVH_4p16.3c	HERVH-int	chr4	3927446	3933080	+	turquoise
HERVH_4p16.3d	HERVH-int	chr4	4000090	4005763	-	turquoise
HERVH_4q12a	HERVH-int	chr4	54020079	54025546	+	turquoise
HERVH_4q12b	HERVH-int	chr4	58290740	58295539	-	turquoise
HERVH_4q13.1	HERVH-int	chr4	61764218	61770025	-	turquoise
HERVH_4q13.2	HERVH-int	chr4	68030946	68037573	+	turquoise
HERVH_4q13.3	HERVH-int	chr4	71031810	71037274	+	turquoise
HERVH_4q21.21a	HERVH-int	chr4	78713842	78719721	-	turquoise
HERVH_4q21.21b	HERVH-int	chr4	79553970	79559709	-	turquoise
HERVH_4q21.3	HERVH-int	chr4	86474771	86480520	+	turquoise
HERVH_4q22.1a	HERVH-int	chr4	87921803	87925995	+	turquoise
HERVH_4q22.1b	HERVH-int	chr4	87935922	87937547	-	turquoise
HERVH_4q22.1c	HERVH-int	chr4	88152327	88155548	-	turquoise
HERVH_4q22.1d	HERVH-int	chr4	88344162	88349212	-	turquoise
HERVH_4q22.1e	HERVH-int	chr4	89964793	89970429	-	turquoise
HERVH_4q22.1f	HERVH-int	chr4	91623640	91629699	+	turquoise
HERVH_4q22.1g	HERVH-int	chr4	91654602	91660568	-	turquoise
HERVH_4q22.1h	HERVH-int	chr4	92025772	92031162	+	turquoise
HERVH_4q22.1i	HERVH-int	chr4	92271492	92277648	-	turquoise
HERVH_4q22.1j	HERVH-int	chr4	92438954	92444654	-	turquoise
HERVH_4q22.2	HERVH-int	chr4	94084647	94089891	-	turquoise
HERVH_4q22.3a	HERVH-int	chr4	94293297	94298570	-	turquoise
HERVH_4q22.3b	HERVH-int	chr4	94382925	94389260	-	turquoise
HERVH_4q22.3c	HERVH-int	chr4	97136992	97140080	-	turquoise
HERVH_4q24a	HERVH-int	chr4	100991693	100997475	-	turquoise
HERVH_4q24b	HERVH-int	chr4	103553770	103559474	-	turquoise
HERVH_4q24c	HERVH-int	chr4	103941268	103947029	+	turquoise
HERVH_4q25a	HERVH-int	chr4	107290579	107295851	-	turquoise
HERVH_4q25b	HERVH-int	chr4	108710149	108714851	+	turquoise
HERVH_4q26a	HERVH-int	chr4	115975700	115981223	-	turquoise
HERVH_4q26b	HERVH-int	chr4	117252107	117257788	+	turquoise
HERVH_4q26c	HERVH-int	chr4	117600122	117603729	-	turquoise
HERVH_4q27	HERVH-int	chr4	119993664	119999666	+	turquoise
HERVH_4q28.1a	HERVH-int	chr4	123011467	123013355	-	turquoise
HERVH_4q28.1b	HERVH-int	chr4	124875878	124877475	-	turquoise
HERVH_4q28.1c	HERVH-int	chr4	125561620	125567456	-	turquoise
HERVH_4q28.1d	HERVH-int	chr4	126145184	126150543	-	turquoise
HERVH_4q28.1e	HERVH-int	chr4	127511038	127517102	-	turquoise
HERVH_4q28.2	HERVH-int	chr4	128640894	128646609	-	turquoise
HERVH_4q28.3a	HERVH-int	chr4	130767409	130773268	+	turquoise
HERVH_4q28.3b	HERVH-int	chr4	130947245	130948070	+	turquoise
HERVH_4q28.3c	HERVH-int	chr4	131010089	131012321	+	turquoise
HERVH_4q28.3d	HERVH-int	chr4	131665993	131668842	+	turquoise
HERVH_4q28.3e	HERVH-int	chr4	132118178	132123891	+	turquoise
HERVH_4q28.3f	HERVH-int	chr4	133263579	133268907	-	turquoise
HERVH_4q28.3g	HERVH-int	chr4	133531332	133534636	-	turquoise
HERVH_4q28.3h	HERVH-int	chr4	134012212	134018380	+	turquoise
HERVH_4q28.3i	HERVH-int	chr4	134677937	134683552	-	turquoise
HERVH_4q28.3j	HERVH-int	chr4	135167435	135173118	-	turquoise
HERVH_4q28.3k	HERVH-int	chr4	136610281	136618761	+	turquoise
HERVH_4q31.1a	HERVH-int	chr4	138927836	138933543	+	turquoise
HERVH_4q31.1b	HERVH-int	chr4	139157976	139160055	-	turquoise
HERVH_4q31.1c	HERVH-int	chr4	140214275	140219193	+	turquoise
HERVH_4q31.21a	HERVH-int	chr4	145252689	145256982	-	turquoise
HERVH_4q31.21b	HERVH-int	chr4	145698823	145703503	+	turquoise
HERVH_4q31.21c	HERVH-int	chr4	145832612	145838502	+	turquoise
HERVH_4q31.3a	HERVH-int	chr4	151812887	151818233	-	turquoise
HERVH_4q31.3b	HERVH-int	chr4	152741355	152747147	-	turquoise
HERVH_4q31.3c	HERVH-int	chr4	154056546	154063805	+	turquoise
HERVH_4q32.1a	HERVH-int	chr4	154918329	154924563	-	turquoise
HERVH_4q32.1b	HERVH-int	chr4	155108278	155114237	-	turquoise
HERVH_4q32.1c	HERVH-int	chr4	156103922	156109304	-	turquoise
HERVH_4q32.1d	HERVH-int	chr4	156600196	156606034	+	turquoise
HERVH_4q32.2a	HERVH-int	chr4	162709182	162714747	+	turquoise
HERVH_4q32.2b	HERVH-int	chr4	163093170	163097909	+	turquoise
HERVH_4q32.2c	HERVH-int	chr4	163099937	163104322	-	turquoise
HERVH_4q32.3a	HERVH-int	chr4	166520700	166526430	+	turquoise
HERVH_4q32.3b	HERVH-int	chr4	166716125	166722054	+	turquoise
HERVH_4q32.3c	HERVH-int	chr4	167436066	167441183	-	turquoise
HERVH_4q32.3d	HERVH-int	chr4	167876312	167882021	+	turquoise
HERVH_4q32.3e	HERVH-int	chr4	167922851	167928626	+	turquoise
HERVH_4q33a	HERVH-int	chr4	170116430	170122158	+	turquoise
HERVH_4q33b	HERVH-int	chr4	170677696	170682334	+	turquoise
HERVH_4q34.1a	HERVH-int	chr4	171986106	171990127	-	turquoise
HERVH_4q34.1b	HERVH-int	chr4	172955660	172962312	-	turquoise
HERVH_4q34.2a	HERVH-int	chr4	175461167	175467186	-	turquoise
HERVH_4q34.2b	HERVH-int	chr4	176294237	176300348	-	turquoise
HERVH_4q34.3a	HERVH-int	chr4	178207120	178213342	+	turquoise
HERVH_4q34.3b	HERVH-int	chr4	179166476	179170568	-	turquoise
HERVH_4q34.3c	HERVH-int	chr4	179403518	179409294	+	turquoise
HERVH_4q34.3d	HERVH-int	chr4	179720525	179726896	+	turquoise
HERVH_4q35.1a	HERVH-int	chr4	182814310	182818919	+	turquoise
HERVH_4q35.1b	HERVH-int	chr4	186044023	186049672	-	turquoise
HERVH_4q35.2a	HERVH-int	chr4	186241956	186247584	-	turquoise
HERVH_4q35.2b	HERVH-int	chr4	189479539	189485403	-	turquoise
HERVH_4q35.2c	HERVH-int	chr4	189925901	189931855	+	turquoise
HERVH_5p12a	HERVH-int	chr5	43320823	43322830	-	turquoise
HERVH_5p12b	HERVH-int	chr5	43329037	43333455	-	turquoise
HERVH_5p12c	HERVH-int	chr5	43786495	43791592	+	turquoise
HERVH_5p12d	HERVH-int	chr5	44115078	44120093	-	turquoise
HERVH_5p14.1	HERVH-int	chr5	28047131	28052299	+	turquoise
HERVH_5p14.3a	HERVH-int	chr5	18668843	18674598	-	turquoise
HERVH_5p14.3b	HERVH-int	chr5	22094702	22100139	+	turquoise
HERVH_5p14.3c	HERVH-int	chr5	18535211	18544018	+	turquoise
HERVH_5p15.1	HERVH-int	chr5	16419969	16425426	+	turquoise
HERVH_5p15.2a	HERVH-int	chr5	12490212	12494480	+	turquoise
HERVH_5p15.2b	HERVH-int	chr5	12663608	12668330	-	turquoise
HERVH_5p15.31a	HERVH-int	chr5	7055005	7063741	-	turquoise
HERVH_5p15.31b	HERVH-int	chr5	7263580	7269331	+	turquoise
HERVH_5p15.31c	HERVH-int	chr5	8414064	8416549	+	turquoise
HERVH_5p15.31d	HERVH-int	chr5	8998372	9002474	-	turquoise
HERVH_5p15.31e	HERVH-int	chr5	9007788	9009557	-	turquoise
HERVH_5p15.32	HERVH-int	chr5	5515523	5521164	+	turquoise
HERVH_5p15.33	HERVH-int	chr5	702471	708501	+	turquoise
HERVH_5q11.2	HERVH-int	chr5	57016452	57022454	-	turquoise
HERVH_5q13.3a	HERVH-int	chr5	76357256	76363071	+	turquoise
HERVH_5q13.3b	HERVH-int	chr5	76879901	76887017	-	turquoise
HERVH_5q14.1	HERVH-int	chr5	81953304	81959235	+	turquoise
HERVH_5q14.3a	HERVH-int	chr5	84698675	84704204	+	turquoise
HERVH_5q14.3b	HERVH-int	chr5	92823742	92829706	+	turquoise
HERVH_5q15a	HERVH-int	chr5	96166828	96172420	-	turquoise
HERVH_5q15b	HERVH-int	chr5	98080083	98085315	+	turquoise
HERVH_5q15c	HERVH-int	chr5	98434516	98441337	+	turquoise
HERVH_5q21.1a	HERVH-int	chr5	99010824	99016954	-	turquoise
HERVH_5q21.1b	HERVH-int	chr5	100984292	100990224	-	turquoise
HERVH_5q21.1c	HERVH-int	chr5	101315240	101320597	+	turquoise
HERVH_5q21.2a	HERVH-int	chr5	104031710	104037313	+	turquoise
HERVH_5q21.2b	HERVH-int	chr5	104063635	104070481	-	turquoise
HERVH_5q21.3a	HERVH-int	chr5	106978588	106984086	+	turquoise
HERVH_5q21.3b	HERVH-int	chr5	108551801	108555018	+	turquoise
HERVH_5q21.3c	HERVH-int	chr5	108567661	108574105	-	turquoise
HERVH_5q22.1	HERVH-int	chr5	110530936	110535513	+	turquoise
HERVH_5q22.3	HERVH-int	chr5	115650820	115654984	+	turquoise
HERVH_5q23.1a	HERVH-int	chr5	117046415	117052246	-	turquoise
HERVH_5q23.1b	HERVH-int	chr5	118948123	118952646	-	turquoise
HERVH_5q23.1c	HERVH-int	chr5	120697546	120703411	-	turquoise
HERVH_5q23.2a	HERVH-int	chr5	122474226	122478846	-	turquoise
HERVH_5q23.2b	HERVH-int	chr5	122616893	122624374	-	turquoise
HERVH_5q23.2c	HERVH-int	chr5	124303758	124309476	+	turquoise
HERVH_5q23.2d	HERVH-int	chr5	124497035	124502739	+	turquoise
HERVH_5q23.2e	HERVH-int	chr5	124966686	124972226	-	turquoise
HERVH_5q23.2f	HERVH-int	chr5	126667096	126675066	-	turquoise
HERVH_5q23.2g	HERVH-int	chr5	126839337	126845705	-	turquoise
HERVH_5q23.3	HERVH-int	chr5	128731345	128735997	+	turquoise
HERVH_5q31.1a	HERVH-int	chr5	131571880	131582180	+	turquoise
HERVH_5q31.1b	HERVH-int	chr5	135730999	135737486	-	turquoise
HERVH_5q31.1c	HERVH-int	chr5	136301374	136307022	+	turquoise
HERVH_5q31.1d	HERVH-int	chr5	136540943	136545393	-	turquoise
HERVH_5q31.1e	HERVH-int	chr5	136546331	136550739	-	turquoise
HERVH_5q31.1f	HERVH-int	chr5	136565340	136571245	-	turquoise
HERVH_5q31.1g	HERVH-int	chr5	136737043	136739624	+	turquoise
HERVH_5q31.3a	HERVH-int	chr5	143924996	143926207	-	turquoise
HERVH_5q31.3b	HERVH-int	chr5	144611352	144616900	-	turquoise
HERVH_5q32a	HERVH-int	chr5	147864645	147869038	+	turquoise
HERVH_5q32b	HERVH-int	chr5	147869836	147874526	-	turquoise
HERVH_5q33.2	HERVH-int	chr5	153449687	153455430	-	turquoise
HERVH_5q34a	HERVH-int	chr5	161240264	161246200	+	turquoise
HERVH_5q34b	HERVH-int	chr5	161248409	161255013	+	turquoise
HERVH_5q34c	HERVH-int	chr5	162275428	162281160	-	turquoise
HERVH_5q34d	HERVH-int	chr5	163334360	163340585	+	turquoise
HERVH_5q34e	HERVH-int	chr5	166740058	166744650	-	turquoise
HERVH_5q34f	HERVH-int	chr5	167297631	167303678	-	turquoise
HERVH_5q35.1a	HERVH-int	chr5	170762081	170767864	-	turquoise
HERVH_5q35.1b	HERVH-int	chr5	171000577	171008846	-	turquoise
HERVH_5q35.3	HERVH-int	chr5	180415688	180420511	-	turquoise
HERVH_6p12.1	HERVH-int	chr6	56010739	56016786	-	turquoise
HERVH_6p12.2	HERVH-int	chr6	51938241	51944426	+	turquoise
HERVH_6p21.1	HERVH-int	chr6	40861398	40868767	-	turquoise
HERVH_6p21.2a	HERVH-int	chr6	39121132	39122886	+	turquoise
HERVH_6p21.2b	HERVH-int	chr6	39131513	39136520	-	turquoise
HERVH_6p21.32	HERVH-int	chr6	33345910	33351803	+	turquoise
HERVH_6p22.1	HERVH-int	chr6	29245477	29252808	-	turquoise
HERVH_6p22.3a	HERVH-int	chr6	16259012	16264893	-	turquoise
HERVH_6p22.3b	HERVH-int	chr6	16885985	16891647	+	turquoise
HERVH_6p22.3c	HERVH-int	chr6	18754144	18759870	-	turquoise
HERVH_6p22.3d	HERVH-int	chr6	19539462	19544813	+	turquoise
HERVH_6p22.3e	HERVH-int	chr6	21361492	21367257	-	turquoise
HERVH_6p23	HERVH-int	chr6	14296942	14302823	-	turquoise
HERVH_6p24.1	HERVH-int	chr6	12667170	12673014	+	turquoise
HERVH_6p25.1	HERVH-int	chr6	6027810	6033600	-	turquoise
HERVH_6p25.2	HERVH-int	chr6	3167036	3173856	+	turquoise
HERVH_6q11.1a	HERVH-int	chr6	61600186	61606272	+	turquoise
HERVH_6q11.1b	HERVH-int	chr6	62585932	62591724	+	turquoise
HERVH_6q12a	HERVH-int	chr6	62791671	62797450	+	turquoise
HERVH_6q12b	HERVH-int	chr6	63005488	63011448	+	turquoise
HERVH_6q12c	HERVH-int	chr6	63950227	63956522	+	turquoise
HERVH_6q12d	HERVH-int	chr6	65672768	65673965	-	turquoise
HERVH_6q12e	HERVH-int	chr6	67867628	67874456	-	turquoise
HERVH_6q12f	HERVH-int	chr6	67880996	67889473	-	turquoise
HERVH_6q13	HERVH-int	chr6	71748397	71753765	-	turquoise
HERVH_6q14.1a	HERVH-int	chr6	77658021	77666441	-	turquoise
HERVH_6q14.1b	HERVH-int	chr6	78585675	78588109	+	turquoise
HERVH_6q14.1c	HERVH-int	chr6	80482838	80487823	-	turquoise
HERVH_6q14.1d	HERVH-int	chr6	80509796	80515803	-	turquoise
HERVH_6q14.1e	HERVH-int	chr6	80647676	80653384	-	turquoise
HERVH_6q14.1f	HERVH-int	chr6	81343928	81351160	-	turquoise
HERVH_6q14.3	HERVH-int	chr6	86598258	86603901	-	turquoise
HERVH_6q15	HERVH-int	chr6	90670205	90675442	-	turquoise
HERVH_6q16.1a	HERVH-int	chr6	93830156	93835749	-	turquoise
HERVH_6q16.1b	HERVH-int	chr6	94553919	94559610	-	turquoise
HERVH_6q16.1c	HERVH-int	chr6	97779488	97785325	+	turquoise
HERVH_6q16.3a	HERVH-int	chr6	102102425	102108211	+	turquoise
HERVH_6q16.3b	HERVH-int	chr6	102292727	102297331	+	turquoise
HERVH_6q21a	HERVH-int	chr6	109855775	109861579	-	turquoise
HERVH_6q21b	HERVH-int	chr6	114011775	114018145	-	turquoise
HERVH_6q22.1a	HERVH-int	chr6	114422369	114428297	-	turquoise
HERVH_6q22.1b	HERVH-int	chr6	115031793	115037619	+	turquoise
HERVH_6q22.1c	HERVH-int	chr6	117658797	117665200	-	turquoise
HERVH_6q22.31a	HERVH-int	chr6	120462634	120468133	-	turquoise
HERVH_6q22.31b	HERVH-int	chr6	120924825	120930857	+	turquoise
HERVH_6q22.31c	HERVH-int	chr6	121620422	121626300	-	turquoise
HERVH_6q22.31d	HERVH-int	chr6	122840217	122845567	+	turquoise
HERVH_6q22.31e	HERVH-int	chr6	123556844	123562344	+	turquoise
HERVH_6q22.31f	HERVH-int	chr6	123582336	123588007	-	turquoise
HERVH_6q22.31g	HERVH-int	chr6	124890407	124897763	+	turquoise
HERVH_6q22.31h	HERVH-int	chr6	125701848	125707763	-	turquoise
HERVH_6q22.33	HERVH-int	chr6	126848846	126854454	+	turquoise
HERVH_6q23.1	HERVH-int	chr6	130192311	130198222	+	turquoise
HERVH_6q23.2a	HERVH-int	chr6	131295357	131301196	+	turquoise
HERVH_6q23.2b	HERVH-int	chr6	131323296	131329137	+	turquoise
HERVH_6q23.2c	HERVH-int	chr6	131338800	131344564	+	turquoise
HERVH_6q23.2d	HERVH-int	chr6	131402925	131408542	+	turquoise
HERVH_6q23.2e	HERVH-int	chr6	131504327	131509186	-	turquoise
HERVH_6q23.2f	HERVH-int	chr6	131901550	131907417	+	turquoise
HERVH_6q23.3	HERVH-int	chr6	137060300	137067121	-	turquoise
HERVH_6q24.1a	HERVH-int	chr6	140257496	140263080	-	turquoise
HERVH_6q24.1b	HERVH-int	chr6	141452825	141460680	+	turquoise
HERVH_6q24.1c	HERVH-int	chr6	142015666	142021782	+	turquoise
HERVH_6q24.2	HERVH-int	chr6	144923175	144928858	+	turquoise
HERVH_6q24.3a	HERVH-int	chr6	145103186	145108857	-	turquoise
HERVH_6q24.3b	HERVH-int	chr6	146450469	146456469	-	turquoise
HERVH_6q24.3c	HERVH-int	chr6	147631027	147632682	-	turquoise
HERVH_6q25.1	HERVH-int	chr6	148639772	148645508	+	turquoise
HERVH_6q25.2a	HERVH-int	chr6	152490339	152497169	+	turquoise
HERVH_6q25.2b	HERVH-int	chr6	153922730	153927203	+	turquoise
HERVH_6q25.3a	HERVH-int	chr6	157700642	157706582	-	turquoise
HERVH_6q25.3b	HERVH-int	chr6	158880386	158889215	-	turquoise
HERVH_6q25.3c	HERVH-int	chr6	160228651	160234322	+	turquoise
HERVH_6q25.3d	HERVH-int	chr6	160286611	160292314	-	turquoise
HERVH_6q26	HERVH-int	chr6	160777230	160780906	+	turquoise
HERVH_6q27a	HERVH-int	chr6	164338769	164344779	-	turquoise
HERVH_6q27b	HERVH-int	chr6	164652142	164658014	-	turquoise
HERVH_6q27c	HERVH-int	chr6	168678254	168679632	-	turquoise
HERVH_7p12.1a	HERVH-int	chr7	51869850	51872089	+	turquoise
HERVH_7p12.1b	HERVH-int	chr7	52332923	52339041	-	turquoise
HERVH_7p14.1	HERVH-int	chr7	42870576	42876404	-	turquoise
HERVH_7p14.3a	HERVH-int	chr7	29784992	29792525	+	turquoise
HERVH_7p14.3b	HERVH-int	chr7	30479569	30485283	+	turquoise
HERVH_7p14.3c	HERVH-int	chr7	31466860	31472379	-	turquoise
HERVH_7p14.3d	HERVH-int	chr7	32832561	32838271	+	turquoise
HERVH_7p14.3e	HERVH-int	chr7	32838742	32843539	-	turquoise
HERVH_7p14.3f	HERVH-int	chr7	34300132	34305572	-	turquoise
HERVH_7p15.2	HERVH-int	chr7	26024200	26029809	-	turquoise
HERVH_7p15.3a	HERVH-int	chr7	22703358	22709313	+	turquoise
HERVH_7p15.3b	HERVH-int	chr7	22913465	22918928	+	turquoise
HERVH_7p15.3c	HERVH-int	chr7	24396245	24401985	+	turquoise
HERVH_7p21.1a	HERVH-int	chr7	17414063	17420763	+	turquoise
HERVH_7p21.1b	HERVH-int	chr7	20120709	20126555	+	turquoise
HERVH_7p21.1c	HERVH-int	chr7	20546709	20551693	+	turquoise
HERVH_7p21.3a	HERVH-int	chr7	9353405	9359207	-	turquoise
HERVH_7p21.3b	HERVH-int	chr7	9457702	9464218	-	turquoise
HERVH_7p21.3c	HERVH-int	chr7	12659788	12665594	+	turquoise
HERVH_7p22.1a	HERVH-int	chr7	6903791	6908992	+	turquoise
HERVH_7p22.1b	HERVH-int	chr7	6948201	6950408	-	turquoise
HERVH_7p22.1c	HERVH-int	chr7	6958746	6962263	-	turquoise
HERVH_7q11.21	HERVH-int	chr7	64679550	64686902	+	turquoise
HERVH_7q11.23a	HERVH-int	chr7	77339937	77345880	+	turquoise
HERVH_7q11.23b	HERVH-int	chr7	75778912	75788562	+	turquoise
HERVH_7q21.11	HERVH-int	chr7	83459668	83465383	+	turquoise
HERVH_7q21.2	HERVH-int	chr7	92479193	92485274	-	turquoise
HERVH_7q21.3a	HERVH-int	chr7	93395064	93399625	+	turquoise
HERVH_7q21.3b	HERVH-int	chr7	93639935	93645552	+	turquoise
HERVH_7q22.1a	HERVH-int	chr7	99723151	99729932	+	turquoise
HERVH_7q22.1b	HERVH-int	chr7	100922282	100928020	+	turquoise
HERVH_7q22.3a	HERVH-int	chr7	106527752	106533658	-	turquoise
HERVH_7q22.3b	HERVH-int	chr7	106829635	106838519	+	turquoise
HERVH_7q31.1a	HERVH-int	chr7	109591834	109597679	-	turquoise
HERVH_7q31.1b	HERVH-int	chr7	109641708	109647640	-	turquoise
HERVH_7q31.1c	HERVH-int	chr7	113234431	113239308	-	turquoise
HERVH_7q31.2	HERVH-int	chr7	116455969	116461136	+	turquoise
HERVH_7q31.31a	HERVH-int	chr7	120009179	120014835	+	turquoise
HERVH_7q31.31b	HERVH-int	chr7	120776623	120782885	-	turquoise
HERVH_7q31.31c	HERVH-int	chr7	120885700	120891391	-	turquoise
HERVH_7q31.31d	HERVH-int	chr7	121315380	121321293	+	turquoise
HERVH_7q31.32a	HERVH-int	chr7	121563649	121569668	-	turquoise
HERVH_7q31.32b	HERVH-int	chr7	122816729	122822998	+	turquoise
HERVH_7q31.33a	HERVH-int	chr7	124729157	124734734	+	turquoise
HERVH_7q31.33b	HERVH-int	chr7	124960669	124963952	-	turquoise
HERVH_7q31.33c	HERVH-int	chr7	125259795	125264637	-	turquoise
HERVH_7q31.33d	HERVH-int	chr7	125909965	125915739	+	turquoise
HERVH_7q31.33e	HERVH-int	chr7	125917557	125924110	+	turquoise
HERVH_7q33a	HERVH-int	chr7	138329255	138334531	+	turquoise
HERVH_7q33b	HERVH-int	chr7	138364700	138368299	+	turquoise
HERVH_7q34a	HERVH-int	chr7	139461465	139465412	+	turquoise
HERVH_7q34b	HERVH-int	chr7	139465719	139467404	+	turquoise
HERVH_7q34c	HERVH-int	chr7	141578076	141584442	-	turquoise
HERVH_7q34d	HERVH-int	chr7	143105117	143110504	+	turquoise
HERVH_7q35a	HERVH-int	chr7	143537279	143542613	-	turquoise
HERVH_7q35b	HERVH-int	chr7	143786848	143792193	+	turquoise
HERVH_7q35c	HERVH-int	chr7	146243819	146249225	-	turquoise
HERVH_7q36.1a	HERVH-int	chr7	148309416	148315615	-	turquoise
HERVH_7q36.1b	HERVH-int	chr7	150307240	150313286	+	turquoise
HERVH_8p11.23	HERVH-int	chr8	38000669	38004122	-	turquoise
HERVH_8p23.1a	HERVH-int	chr8	7402290	7408174	+	turquoise
HERVH_8p23.1b	HERVH-int	chr8	7903419	7909304	-	turquoise
HERVH_8p23.1c	HERVH-int	chr8	8168723	8172260	+	turquoise
HERVH_8p23.1d	HERVH-int	chr8	8180585	8183856	+	turquoise
HERVH_8p23.1e	HERVH-int	chr8	9058914	9065195	-	turquoise
HERVH_8p23.1f	HERVH-int	chr8	9802983	9809297	+	turquoise
HERVH_8p23.1g	HERVH-int	chr8	10571081	10577329	+	turquoise
HERVH_8p23.1h	HERVH-int	chr8	12481807	12485078	-	turquoise
HERVH_8p23.1i	HERVH-int	chr8	12493403	12496943	-	turquoise
HERVH_8p23.2a	HERVH-int	chr8	3237992	3243711	-	turquoise
HERVH_8p23.2b	HERVH-int	chr8	5436466	5442246	-	turquoise
HERVH_8q11.21	HERVH-int	chr8	49419793	49426326	+	turquoise
HERVH_8q12.1	HERVH-int	chr8	60305380	60312009	-	turquoise
HERVH_8q12.3	HERVH-int	chr8	63147339	63153264	-	turquoise
HERVH_8q13.2	HERVH-int	chr8	68972944	68978769	+	turquoise
HERVH_8q13.3a	HERVH-int	chr8	71664665	71670448	+	turquoise
HERVH_8q13.3b	HERVH-int	chr8	71674937	71680660	+	turquoise
HERVH_8q21.13a	HERVH-int	chr8	79386106	79391685	-	turquoise
HERVH_8q21.13b	HERVH-int	chr8	81898016	81903943	-	turquoise
HERVH_8q21.13c	HERVH-int	chr8	81914411	81919891	+	turquoise
HERVH_8q21.2a	HERVH-int	chr8	83504703	83510920	-	turquoise
HERVH_8q21.2b	HERVH-int	chr8	83543715	83550668	+	turquoise
HERVH_8q21.2c	HERVH-int	chr8	85062831	85069153	+	turquoise
HERVH_8q21.3a	HERVH-int	chr8	88742217	88747528	-	turquoise
HERVH_8q21.3b	HERVH-int	chr8	90090224	90095868	-	turquoise
HERVH_8q21.3c	HERVH-int	chr8	91948321	91952724	+	turquoise
HERVH_8q22.1a	HERVH-int	chr8	97175029	97180739	+	turquoise
HERVH_8q22.1b	HERVH-int	chr8	97200770	97206656	+	turquoise
HERVH_8q22.1c	HERVH-int	chr8	97827675	97831909	-	turquoise
HERVH_8q22.2	HERVH-int	chr8	99943695	99949609	+	turquoise
HERVH_8q22.3a	HERVH-int	chr8	103002078	103004589	+	turquoise
HERVH_8q22.3b	HERVH-int	chr8	104285912	104292093	+	turquoise
HERVH_8q23.1	HERVH-int	chr8	109301077	109307459	+	turquoise
HERVH_8q23.3a	HERVH-int	chr8	112195874	112201403	+	turquoise
HERVH_8q23.3b	HERVH-int	chr8	113510132	113515376	-	turquoise
HERVH_8q23.3c	HERVH-int	chr8	114241604	114247083	+	turquoise
HERVH_8q23.3d	HERVH-int	chr8	114281698	114287733	+	turquoise
HERVH_8q23.3e	HERVH-int	chr8	115212253	115217978	+	turquoise
HERVH_8q23.3f	HERVH-int	chr8	115814948	115819406	+	turquoise
HERVH_8q24.21a	HERVH-int	chr8	127431703	127437464	+	turquoise
HERVH_8q24.21b	HERVH-int	chr8	128611901	128617630	-	turquoise
HERVH_8q24.21c	HERVH-int	chr8	128914459	128920320	+	turquoise
HERVH_8q24.22a	HERVH-int	chr8	131310175	131315847	+	turquoise
HERVH_8q24.22b	HERVH-int	chr8	131740755	131746622	+	turquoise
HERVH_8q24.22c	HERVH-int	chr8	131820155	131825105	+	turquoise
HERVH_8q24.22d	HERVH-int	chr8	132080238	132086002	-	turquoise
HERVH_8q24.23a	HERVH-int	chr8	135767191	135773012	-	turquoise
HERVH_8q24.23b	HERVH-int	chr8	137409417	137413888	-	turquoise
HERVH_8q24.23c	HERVH-int	chr8	137824642	137830517	-	turquoise
HERVH_8q24.3	HERVH-int	chr8	144953919	144959998	-	turquoise
HERVH_9p11.2	HERVH-int	chr9	41631249	41634104	-	turquoise
HERVH_9p13.3a	HERVH-int	chr9	35003293	35009333	+	turquoise
HERVH_9p13.3b	HERVH-int	chr9	35020808	35025134	-	turquoise
HERVH_9p13.3c	HERVH-int	chr9	35151223	35156610	-	turquoise
HERVH_9p13.3d	HERVH-int	chr9	35636819	35639025	+	turquoise
HERVH_9p21.1a	HERVH-int	chr9	31326307	31334697	+	turquoise
HERVH_9p21.1b	HERVH-int	chr9	32164364	32169199	-	turquoise
HERVH_9p21.2a	HERVH-int	chr9	25668929	25675217	+	turquoise
HERVH_9p21.2b	HERVH-int	chr9	25994640	26000000	+	turquoise
HERVH_9p21.3a	HERVH-int	chr9	21487323	21491080	-	turquoise
HERVH_9p21.3b	HERVH-int	chr9	22658527	22664062	-	turquoise
HERVH_9p21.3c	HERVH-int	chr9	25288176	25294101	+	turquoise
HERVH_9p23a	HERVH-int	chr9	10884982	10890804	+	turquoise
HERVH_9p23b	HERVH-int	chr9	12948345	12954128	+	turquoise
HERVH_9p24.1	HERVH-int	chr9	6020021	6022201	+	turquoise
HERVH_9p24.2a	HERVH-int	chr9	2275706	2281524	+	turquoise
HERVH_9p24.2b	HERVH-int	chr9	2509687	2515547	+	turquoise
HERVH_9p24.2c	HERVH-int	chr9	3810901	3816765	-	turquoise
HERVH_9q21.11	HERVH-int	chr9	67736588	67739443	+	turquoise
HERVH_9q21.12	HERVH-int	chr9	69404587	69410267	-	turquoise
HERVH_9q21.13a	HERVH-int	chr9	74085583	74091436	+	turquoise
HERVH_9q21.13b	HERVH-int	chr9	75351145	75357575	-	turquoise
HERVH_9q21.2	HERVH-int	chr9	78180694	78186819	+	turquoise
HERVH_9q21.31a	HERVH-int	chr9	80137295	80143148	+	turquoise
HERVH_9q21.31b	HERVH-int	chr9	81009084	81015281	+	turquoise
HERVH_9q21.32a	HERVH-int	chr9	82701562	82706286	-	turquoise
HERVH_9q21.32b	HERVH-int	chr9	82883733	82889489	+	turquoise
HERVH_9q21.33a	HERVH-int	chr9	85458320	85466944	+	turquoise
HERVH_9q21.33b	HERVH-int	chr9	85879231	85880934	-	turquoise
HERVH_9q21.33c	HERVH-int	chr9	85880935	85884510	+	turquoise
HERVH_9q21.33d	HERVH-int	chr9	86146098	86147429	+	turquoise
HERVH_9q21.33e	HERVH-int	chr9	86586834	86589057	-	turquoise
HERVH_9q21.33f	HERVH-int	chr9	87410694	87416706	+	turquoise
HERVH_9q22.2	HERVH-int	chr9	90412695	90418349	+	turquoise
HERVH_9q22.31a	HERVH-int	chr9	92071698	92078223	+	turquoise
HERVH_9q22.31b	HERVH-int	chr9	93347588	93353344	+	turquoise
HERVH_9q22.32	HERVH-int	chr9	94539871	94545509	+	turquoise
HERVH_9q22.33a	HERVH-int	chr9	97214494	97220014	+	turquoise
HERVH_9q22.33b	HERVH-int	chr9	98265313	98271294	-	turquoise
HERVH_9q22.33c	HERVH-int	chr9	99669781	99675901	+	turquoise
HERVH_9q31.1	HERVH-int	chr9	100140182	100146522	-	turquoise
HERVH_9q31.2	HERVH-int	chr9	106788282	106793849	+	turquoise
HERVH_9q33.1a	HERVH-int	chr9	115174652	115180335	-	turquoise
HERVH_9q33.1b	HERVH-int	chr9	115473181	115478918	+	turquoise
HERVH_9q33.1c	HERVH-int	chr9	115839178	115844929	-	turquoise
HERVH_9q33.1d	HERVH-int	chr9	118485633	118491397	-	turquoise
HERVH_9q33.2a	HERVH-int	chr9	121790002	121796769	+	turquoise
HERVH_9q33.2b	HERVH-int	chr9	122530607	122536148	-	turquoise
HERVH_9q33.3a	HERVH-int	chr9	126074450	126080414	-	turquoise
HERVH_9q33.3b	HERVH-int	chr9	127413306	127415068	+	turquoise
HERVH_9q34.13	HERVH-int	chr9	131547214	131551936	+	turquoise
HERVH_9q34.3	HERVH-int	chr9	137843940	137850465	+	turquoise
HERVH_Xp11.21	HERVH-int	chrX	55788407	55793405	-	turquoise
HERVH_Xp11.22	HERVH-int	chrX	50723658	50724200	+	turquoise
HERVH_Xp21.1a	HERVH-int	chrX	35609422	35612530	+	turquoise
HERVH_Xp21.1b	HERVH-int	chrX	37458430	37461248	-	turquoise
HERVH_Xp21.2a	HERVH-int	chrX	29975546	29981247	+	turquoise
HERVH_Xp21.2b	HERVH-int	chrX	30103613	30109253	+	turquoise
HERVH_Xp21.2c	HERVH-int	chrX	30448932	30454861	-	turquoise
HERVH_Xp21.2d	HERVH-int	chrX	31377722	31383370	+	turquoise
HERVH_Xp21.3a	HERVH-int	chrX	27286223	27294978	-	turquoise
HERVH_Xp21.3b	HERVH-int	chrX	28502595	28507894	-	turquoise
HERVH_Xp21.3c	HERVH-int	chrX	28892120	28898168	-	turquoise
HERVH_Xp22.2a	HERVH-int	chrX	12939865	12945537	+	turquoise
HERVH_Xp22.2b	HERVH-int	chrX	16044720	16050414	-	turquoise
HERVH_Xp22.2c	HERVH-int	chrX	16179202	16184434	-	turquoise
HERVH_Xp22.2d	HERVH-int	chrX	16216873	16222257	-	turquoise
HERVH_Xp22.31	HERVH-int	chrX	6272220	6277943	-	turquoise
HERVH_Xp22.32a	HERVH-int	chrX	4540474	4546320	-	turquoise
HERVH_Xp22.32b	HERVH-int	chrX	4891614	4897331	+	turquoise
HERVH_Xp22.33	HERVH-int	chrX	3553142	3560161	-	turquoise
HERVH_Xq11.2a	HERVH-int	chrX	64651096	64657665	+	turquoise
HERVH_Xq11.2b	HERVH-int	chrX	65129300	65135094	-	turquoise
HERVH_Xq11.2c	HERVH-int	chrX	65361589	65365949	+	turquoise
HERVH_Xq13.1a	HERVH-int	chrX	71264380	71269610	+	turquoise
HERVH_Xq13.1b	HERVH-int	chrX	71270272	71272831	+	turquoise
HERVH_Xq13.2a	HERVH-int	chrX	73527400	73533947	+	turquoise
HERVH_Xq13.2b	HERVH-int	chrX	73801458	73809385	-	turquoise
HERVH_Xq13.2c	HERVH-int	chrX	74121599	74130519	-	turquoise
HERVH_Xq13.3a	HERVH-int	chrX	75631547	75637730	-	turquoise
HERVH_Xq13.3b	HERVH-int	chrX	75855966	75859573	-	turquoise
HERVH_Xq21.1	HERVH-int	chrX	82726766	82732949	+	turquoise
HERVH_Xq21.2	HERVH-int	chrX	86981884	86987487	+	turquoise
HERVH_Xq21.31a	HERVH-int	chrX	87681680	87687644	+	turquoise
HERVH_Xq21.31b	HERVH-int	chrX	90773313	90779155	-	turquoise
HERVH_Xq21.31c	HERVH-int	chrX	92100240	92105917	-	turquoise
HERVH_Xq21.31d	HERVH-int	chrX	92273083	92278794	-	turquoise
HERVH_Xq21.32a	HERVH-int	chrX	92824428	92829345	+	turquoise
HERVH_Xq21.32b	HERVH-int	chrX	93022959	93028634	+	turquoise
HERVH_Xq21.33a	HERVH-int	chrX	94698820	94705089	-	turquoise
HERVH_Xq21.33b	HERVH-int	chrX	96624025	96630448	+	turquoise
HERVH_Xq21.33c	HERVH-int	chrX	98287858	98289247	+	turquoise
HERVH_Xq21.33d	HERVH-int	chrX	98524246	98530070	-	turquoise
HERVH_Xq22.1a	HERVH-int	chrX	99158722	99165186	-	turquoise
HERVH_Xq22.1b	HERVH-int	chrX	100786618	100791864	-	turquoise
HERVH_Xq22.2a	HERVH-int	chrX	103429055	103435438	-	turquoise
HERVH_Xq22.2b	HERVH-int	chrX	103761159	103762899	-	turquoise
HERVH_Xq22.2c	HERVH-int	chrX	103763061	103767306	-	turquoise
HERVH_Xq22.3	HERVH-int	chrX	109178345	109184158	+	turquoise
HERVH_Xq23a	HERVH-int	chrX	109866074	109870862	-	turquoise
HERVH_Xq23b	HERVH-int	chrX	111543807	111549673	+	turquoise
HERVH_Xq23c	HERVH-int	chrX	112530380	112536357	+	turquoise
HERVH_Xq23d	HERVH-int	chrX	113108718	113114424	-	turquoise
HERVH_Xq23e	HERVH-int	chrX	113176131	113180558	-	turquoise
HERVH_Xq23f	HERVH-int	chrX	114040092	114045580	+	turquoise
HERVH_Xq23g	HERVH-int	chrX	114466672	114472531	+	turquoise
HERVH_Xq23h	HERVH-int	chrX	114601272	114607242	-	turquoise
HERVH_Xq23i	HERVH-int	chrX	116010523	116014836	+	turquoise
HERVH_Xq23j	HERVH-int	chrX	116332006	116336841	+	turquoise
HERVH_Xq23k	HERVH-int	chrX	116720317	116726712	-	turquoise
HERVH_Xq23l	HERVH-int	chrX	116812448	116818222	-	turquoise
HERVH_Xq23m	HERVH-int	chrX	117279323	117284879	+	turquoise
HERVH_Xq24a	HERVH-int	chrX	117417846	117422044	+	turquoise
HERVH_Xq24b	HERVH-int	chrX	119317773	119323471	-	turquoise
HERVH_Xq24c	HERVH-int	chrX	121343896	121348628	-	turquoise
HERVH_Xq25a	HERVH-int	chrX	122222004	122227785	+	turquoise
HERVH_Xq25b	HERVH-int	chrX	125388838	125394560	-	turquoise
HERVH_Xq25c	HERVH-int	chrX	126863047	126868992	+	turquoise
HERVH_Xq25d	HERVH-int	chrX	127228073	127232994	+	turquoise
HERVH_Xq25e	HERVH-int	chrX	128262787	128264251	-	turquoise
HERVH_Xq26.1	HERVH-int	chrX	130277374	130280192	+	turquoise
HERVH_Xq26.2	HERVH-int	chrX	131712025	131717764	+	turquoise
HERVH_Xq26.3a	HERVH-int	chrX	138258661	138264347	+	turquoise
HERVH_Xq26.3b	HERVH-int	chrX	138264358	138270335	-	turquoise
HERVH_Xq27.2a	HERVH-int	chrX	142227427	142233058	+	turquoise
HERVH_Xq27.2b	HERVH-int	chrX	142423376	142428961	-	turquoise
HERVH_Xq27.3a	HERVH-int	chrX	143502197	143504455	-	turquoise
HERVH_Xq27.3b	HERVH-int	chrX	147131672	147134770	-	turquoise
HERVH_Xq28a	HERVH-int	chrX	149315606	149320415	+	turquoise
HERVH_Xq28b	HERVH-int	chrX	153094556	153101476	-	turquoise
HERVH_Yp11.2a	HERVH-int	chrY	4355393	4361230	-	turquoise
HERVH_Yp11.2b	HERVH-int	chrY	5324787	5330427	-	turquoise
HERVH_Yp11.2c	HERVH-int	chrY	5941111	5946036	+	turquoise
HERVH_Yp11.2d	HERVH-int	chrY	6139215	6144893	+	turquoise
HERVH_Yp11.2e	HERVH-int	chrY	7500590	7507138	+	turquoise
HERVH_Yp11.2f	HERVH-int	chrY	10047168	10053754	-	turquoise
HERVH_Yq11.21	HERVH-int	chrY	11888488	11896674	-	turquoise
HERVH_Yq11.221a	HERVH-int	chrY	12559210	12565355	-	turquoise
HERVH_Yq11.221b	HERVH-int	chrY	14355261	14360015	-	turquoise
HERVH_Yq11.221c	HERVH-int	chrY	15098843	15103998	-	turquoise
HERVH_Yq11.221d	HERVH-int	chrY	15512069	15518203	+	turquoise
HERVH_Yq11.222a	HERVH-int	chrY	17131121	17132654	-	turquoise
HERVH_Yq11.222b	HERVH-int	chrY	17137191	17142090	-	turquoise
HERVH_Yq11.222c	HERVH-int	chrY	18944924	18948358	-	turquoise
HERVH_Yq11.222d	HERVH-int	chrY	19419025	19427738	+	turquoise
HERVH_Yq11.223a	HERVH-int	chrY	20896484	20900798	+	turquoise
HERVH_Yq11.223b	HERVH-int	chrY	20902921	20905009	-	turquoise
HERVH_Yq11.223c	HERVH-int	chrY	21035920	21045245	-	turquoise
HERVH48_11p15.4	HERVH48-int	chr11	7516499	7520474	-	turquoise
HERVH48_11q11a	HERVH48-int	chr11	55555550	55558477	+	turquoise
HERVH48_11q11b	HERVH48-int	chr11	55583344	55587752	+	turquoise
HERVH48_11q12.3	HERVH48-int	chr11	62273986	62275876	-	turquoise
HERVH48_11q21	HERVH48-int	chr11	93861745	93870225	-	turquoise
HERVH48_12q21.32	HERVH48-int	chr12	88227290	88235601	+	turquoise
HERVH48_14q11.2	HERVH48-int	chr14	20830771	20836724	-	turquoise
HERVH48_14q24.2	HERVH48-int	chr14	70344652	70350485	+	turquoise
HERVH48_16p11.1	HERVH48-int	chr16	35903115	35910785	-	turquoise
HERVH48_18q12.1	HERVH48-int	chr18	28208841	28212098	-	turquoise
HERVH48_18q21.2a	HERVH48-int	chr18	51696613	51699891	+	turquoise
HERVH48_18q21.2b	HERVH48-int	chr18	51706732	51710183	+	turquoise
HERVH48_19p12a	HERVH48-int	chr19	20473970	20480714	-	turquoise
HERVH48_19p12b	HERVH48-int	chr19	23344732	23350997	+	turquoise
HERVH48_1p22.3	HERVH48-int	chr1	86339370	86343589	+	turquoise
HERVH48_1q25.3	HERVH48-int	chr1	183702773	183709310	-	turquoise
HERVH48_1q42.13	HERVH48-int	chr1	227635565	227641349	-	turquoise
HERVH48_1q44b	HERVH48-int	chr1	246634716	246640099	-	turquoise
HERVH48_1q44c	HERVH48-int	chr1	247286141	247290862	+	turquoise
HERVH48_21q22.3	HERVH48-int	chr21	42916742	42925876	-	turquoise
HERVH48_2p12	HERVH48-int	chr2	79092033	79099634	-	turquoise
HERVH48_2p25.1	HERVH48-int	chr2	11425312	11426640	+	turquoise
HERVH48_2q12.2	HERVH48-int	chr2	105968435	105969656	-	turquoise
HERVH48_2q22.2	HERVH48-int	chr2	142930835	142937291	-	turquoise
HERVH48_3p21.2	HERVH48-int	chr3	51531829	51534108	-	turquoise
HERVH48_3q26.31	HERVH48-int	chr3	173274055	173281973	+	turquoise
HERVH48_4p12	HERVH48-int	chr4	45606937	45614094	+	turquoise
HERVH48_4p15.31	HERVH48-int	chr4	19887173	19894363	+	turquoise
HERVH48_4q13.2a	HERVH48-int	chr4	68576697	68582193	+	turquoise
HERVH48_4q13.2b	HERVH48-int	chr4	68671742	68677470	+	turquoise
HERVH48_4q21.23	HERVH48-int	chr4	83504968	83510531	-	turquoise
HERVH48_5p12	HERVH48-int	chr5	43072721	43075673	-	turquoise
HERVH48_5q11.2	HERVH48-int	chr5	53200331	53205964	+	turquoise
HERVH48_6q24.2	HERVH48-int	chr6	142536479	142543225	+	turquoise
HERVH48_6q25.1	HERVH48-int	chr6	150098242	150101075	+	turquoise
HERVH48_7p15.2	HERVH48-int	chr7	26244062	26250593	+	turquoise
HERVH48_7q22.1	HERVH48-int	chr7	102973210	102978728	+	turquoise
HERVH48_7q33	HERVH48-int	chr7	134466869	134470104	+	turquoise
HERVH48_8q12.3	HERVH48-int	chr8	63143887	63147246	-	turquoise
HERVH48_8q13.1	HERVH48-int	chr8	65863235	65870470	+	turquoise
HERVH48_8q21.13	HERVH48-int	chr8	80909710	80911751	-	turquoise
HERVH48_8q24.13	HERVH48-int	chr8	122830053	122836867	-	turquoise
HERVH48_8q24.23	HERVH48-int	chr8	137281320	137287809	+	turquoise
HERVH48_Xp11.21	HERVH48-int	chrX	57218928	57224864	+	turquoise
HERVH48_Xq13.1	HERVH48-int	chrX	69697035	69703830	-	turquoise
HERVH48_Xq13.3	HERVH48-int	chrX	75963659	75969847	-	turquoise
HERVI_10q23.1	HERVI-int	chr10	80738638	80748037	+	turquoise
HERVI_11p15.4	HERVI-int	chr11	5808038	5809640	-	turquoise
HERVI_11q22.3	HERVI-int	chr11	106222427	106230586	+	turquoise
HERVI_12p13.31	HERVI-int	chr12	9902662	9911410	-	turquoise
HERVI_12q15	HERVI-int	chr12	69644373	69645310	-	turquoise
HERVI_12q24.32	HERVI-int	chr12	126615600	126618536	-	turquoise
HERVI_14q11.2	HERVI-int	chr14	18347310	18349749	+	turquoise
HERVI_15q11.1	HERVI-int	chr15	19887884	19890348	+	turquoise
HERVI_15q25.1	HERVI-int	chr15	79915868	79918144	-	turquoise
HERVI_15q25.2	HERVI-int	chr15	82487063	82496058	+	turquoise
HERVI_16p13.13	HERVI-int	chr16	10446457	10447680	-	turquoise
HERVI_16q22.2	HERVI-int	chr16	72064269	72073376	+	turquoise
HERVI_18q12.2	HERVI-int	chr18	35832090	35840521	+	turquoise
HERVI_18q21.1	HERVI-int	chr18	46868193	46877872	+	turquoise
HERVI_19p13.2	HERVI-int	chr19	11880363	11883480	+	turquoise
HERVI_1p21.1	HERVI-int	chr1	102085730	102092888	-	turquoise
HERVI_22q11.1a	HERVI-int	chr22	15278120	15280559	+	turquoise
HERVI_22q11.1b	HERVI-int	chr22	16146029	16154515	+	turquoise
HERVI_22q11.22	HERVI-int	chr22	22452716	22459455	+	turquoise
HERVI_22q13.2	HERVI-int	chr22	42112920	42115918	-	turquoise
HERVI_2q14.3	HERVI-int	chr2	128036818	128040545	+	turquoise
HERVI_3p21.2	HERVI-int	chr3	51737952	51742260	+	turquoise
HERVI_3q25.32	HERVI-int	chr3	158625657	158628230	-	turquoise
HERVI_4p13	HERVI-int	chr4	43072389	43075237	+	turquoise
HERVI_4q25	HERVI-int	chr4	107379534	107388564	+	turquoise
HERVI_4q31.21	HERVI-int	chr4	140600095	140602334	-	turquoise
HERVI_6q14.3	HERVI-int	chr6	84965610	84968599	-	turquoise
HERVI_6q22.31	HERVI-int	chr6	119764795	119771992	-	turquoise
HERVI_7p15.3	HERVI-int	chr7	23653708	23656659	+	turquoise
HERVI_7q33a	HERVI-int	chr7	134546177	134548478	+	turquoise
HERVI_7q33b	HERVI-int	chr7	134557922	134559549	+	turquoise
HERVI_7q33c	HERVI-int	chr7	134563729	134565429	+	turquoise
HERVI_8p23.1	HERVI-int	chr8	8358592	8363270	-	turquoise
HERVI_9p24.1	HERVI-int	chr9	6078708	6087859	+	turquoise
HERVI_9q22.1	HERVI-int	chr9	88041509	88044802	-	turquoise
HERVI_9q34.13	HERVI-int	chr9	133031580	133038234	-	turquoise
HERVI_Xq13.2	HERVI-int	chrX	73256954	73264087	-	turquoise
HERVI_Yq11.222	HERVI-int	chrY	19447126	19449030	+	turquoise
HERVIP10F_10p12.31	HERVIP10F-int	chr10	18573539	18578111	+	turquoise
HERVIP10F_11p14.3	HERVIP10F-int	chr11	22992671	23000729	-	turquoise
HERVIP10F_11q12.3	HERVIP10F-int	chr11	62215040	62223427	+	turquoise
HERVIP10F_11q13.2	HERVIP10F-int	chr11	67689713	67696211	-	turquoise
HERVIP10F_11q13.3	HERVIP10F-int	chr11	70038173	70040465	+	turquoise
HERVIP10F_11q21	HERVIP10F-int	chr11	93260775	93269148	+	turquoise
HERVIP10F_11q22.1	HERVIP10F-int	chr11	98394353	98395791	-	turquoise
HERVIP10F_11q24.2	HERVIP10F-int	chr11	125867226	125872500	-	turquoise
HERVIP10F_12p13.2	HERVIP10F-int	chr12	10369013	10372258	+	turquoise
HERVIP10F_12q12	HERVIP10F-int	chr12	38930939	38938679	-	turquoise
HERVIP10F_12q13.11	HERVIP10F-int	chr12	48600230	48602680	+	turquoise
HERVIP10F_12q24.21	HERVIP10F-int	chr12	114064554	114073181	+	turquoise
HERVIP10F_12q24.32	HERVIP10F-int	chr12	126612915	126615578	-	turquoise
HERVIP10F_13q11	HERVIP10F-int	chr13	18422944	18431568	+	turquoise
HERVIP10F_13q34	HERVIP10F-int	chr13	110965260	110970563	+	turquoise
HERVIP10F_14q11.2a	HERVIP10F-int	chr14	18354067	18359902	+	turquoise
HERVIP10F_14q11.2b	HERVIP10F-int	chr14	19978435	19982365	+	turquoise
HERVIP10F_14q11.2c	HERVIP10F-int	chr14	20710435	20719019	-	turquoise
HERVIP10F_14q32.12	HERVIP10F-int	chr14	92625544	92628166	-	turquoise
HERVIP10F_14q32.31	HERVIP10F-int	chr14	101315699	101324134	+	turquoise
HERVIP10F_15q12	HERVIP10F-int	chr15	27264196	27265475	+	turquoise
HERVIP10F_15q14	HERVIP10F-int	chr15	34154726	34161977	-	turquoise
HERVIP10F_15q15.1	HERVIP10F-int	chr15	41587503	41593097	+	turquoise
HERVIP10F_16p11.2	HERVIP10F-int	chr16	31850239	31852659	+	turquoise
HERVIP10F_16p13.13	HERVIP10F-int	chr16	10485767	10495203	+	turquoise
HERVIP10F_18p11.21a	HERVIP10F-int	chr18	14616039	14619934	+	turquoise
HERVIP10F_18p11.21b	HERVIP10F-int	chr18	15307987	15316600	-	turquoise
HERVIP10F_18q12.1	HERVIP10F-int	chr18	31974061	31979255	-	turquoise
HERVIP10F_19p12	HERVIP10F-int	chr19	20205211	20206834	+	turquoise
HERVIP10F_19p13.11	HERVIP10F-int	chr19	19897815	19900640	+	turquoise
HERVIP10F_19p13.2a	HERVIP10F-int	chr19	9587772	9597349	-	turquoise
HERVIP10F_19p13.2b	HERVIP10F-int	chr19	9718757	9722354	+	turquoise
HERVIP10F_19q13.31	HERVIP10F-int	chr19	43308380	43317344	-	turquoise
HERVIP10F_19q13.41a	HERVIP10F-int	chr19	52649405	52651539	+	turquoise
HERVIP10F_19q13.41b	HERVIP10F-int	chr19	52668411	52670554	+	turquoise
HERVIP10F_1p35.2a	HERVIP10F-int	chr1	31453515	31457948	-	turquoise
HERVIP10F_1p35.2b	HERVIP10F-int	chr1	31457949	31467319	+	turquoise
HERVIP10F_1p35.2c	HERVIP10F-int	chr1	31467354	31471933	-	turquoise
HERVIP10F_1p36.21	HERVIP10F-int	chr1	12703944	12713280	-	turquoise
HERVIP10F_1q25.1	HERVIP10F-int	chr1	173688627	173692249	-	turquoise
HERVIP10F_1q44	HERVIP10F-int	chr1	246747512	246752385	-	turquoise
HERVIP10F_20p13	HERVIP10F-int	chr20	791798	800945	+	turquoise
HERVIP10F_21q11.2a	HERVIP10F-int	chr21	13051962	13060559	+	turquoise
HERVIP10F_21q11.2b	HERVIP10F-int	chr21	13538460	13542354	-	turquoise
HERVIP10F_22q11.1	HERVIP10F-int	chr22	15284876	15290702	+	turquoise
HERVIP10F_22q13.2	HERVIP10F-int	chr22	42104469	42112914	-	turquoise
HERVIP10F_2p12	HERVIP10F-int	chr2	81649960	81658684	-	turquoise
HERVIP10F_2q11.2	HERVIP10F-int	chr2	99496719	99499719	+	turquoise
HERVIP10F_2q12.3	HERVIP10F-int	chr2	108401530	108405283	+	turquoise
HERVIP10F_2q14.1	HERVIP10F-int	chr2	115189073	115194732	-	turquoise
HERVIP10F_2q14.3	HERVIP10F-int	chr2	128040542	128043325	+	turquoise
HERVIP10F_2q21.2	HERVIP10F-int	chr2	132139445	132148063	-	turquoise
HERVIP10F_2q23.3	HERVIP10F-int	chr2	152701339	152709137	+	turquoise
HERVIP10F_2q34	HERVIP10F-int	chr2	210365307	210370183	-	turquoise
HERVIP10F_2q37.1	HERVIP10F-int	chr2	231096574	231100693	-	turquoise
HERVIP10F_3p11.2	HERVIP10F-int	chr3	87607122	87616195	-	turquoise
HERVIP10F_3p21.31	HERVIP10F-int	chr3	48272779	48278831	+	turquoise
HERVIP10F_3p25.1a	HERVIP10F-int	chr3	13963013	13967501	-	turquoise
HERVIP10F_3p25.1b	HERVIP10F-int	chr3	16015486	16024234	-	turquoise
HERVIP10F_3p25.3	HERVIP10F-int	chr3	11247258	11255176	-	turquoise
HERVIP10F_3p26.1	HERVIP10F-int	chr3	5691017	5699755	-	turquoise
HERVIP10F_3p26.3	HERVIP10F-int	chr3	1888555	1892710	+	turquoise
HERVIP10F_3q21.3	HERVIP10F-int	chr3	127891790	127895430	+	turquoise
HERVIP10F_3q25.32	HERVIP10F-int	chr3	158622961	158625639	-	turquoise
HERVIP10F_3q26.1	HERVIP10F-int	chr3	167266302	167275022	+	turquoise
HERVIP10F_3q29	HERVIP10F-int	chr3	197242966	197248696	-	turquoise
HERVIP10F_4q12	HERVIP10F-int	chr4	51817237	51819827	-	turquoise
HERVIP10F_4q21.21	HERVIP10F-int	chr4	79276374	79277939	+	turquoise
HERVIP10F_5p12a	HERVIP10F-int	chr5	43315211	43319940	-	turquoise
HERVIP10F_5p12c	HERVIP10F-int	chr5	43333456	43336643	-	turquoise
HERVIP10F_5q14.2	HERVIP10F-int	chr5	82969116	82971949	-	turquoise
HERVIP10F_5q23.1	HERVIP10F-int	chr5	119447316	119449308	+	turquoise
HERVIP10F_6p25.1	HERVIP10F-int	chr6	4383883	4389648	+	turquoise
HERVIP10F_6q14.3	HERVIP10F-int	chr6	84962838	84965541	-	turquoise
HERVIP10F_6q15	HERVIP10F-int	chr6	87478736	87480702	-	turquoise
HERVIP10F_6q22.31	HERVIP10F-int	chr6	119768973	119770120	-	turquoise
HERVIP10F_7p13	HERVIP10F-int	chr7	43810212	43812640	+	turquoise
HERVIP10F_7p14.1	HERVIP10F-int	chr7	39759203	39761816	+	turquoise
HERVIP10F_7p15.3	HERVIP10F-int	chr7	23656681	23659323	+	turquoise
HERVIP10F_7p21.3	HERVIP10F-int	chr7	12066556	12075419	+	turquoise
HERVIP10F_7q11.22	HERVIP10F-int	chr7	70846133	70850127	+	turquoise
HERVIP10F_7q21.11	HERVIP10F-int	chr7	85737576	85746387	-	turquoise
HERVIP10F_7q33a	HERVIP10F-int	chr7	138439157	138440570	-	turquoise
HERVIP10F_7q33b	HERVIP10F-int	chr7	138443083	138450635	-	turquoise
HERVIP10F_8p11.22	HERVIP10F-int	chr8	39848200	39853109	-	turquoise
HERVIP10F_8p22	HERVIP10F-int	chr8	16098636	16100661	+	turquoise
HERVIP10F_8p23.2	HERVIP10F-int	chr8	5822394	5831120	-	turquoise
HERVIP10F_8q11.21	HERVIP10F-int	chr8	49094494	49104406	+	turquoise
HERVIP10F_9p11.2	HERVIP10F-int	chr9	40746808	40755339	-	turquoise
HERVIP10F_9p21.2a	HERVIP10F-int	chr9	26970780	26972490	-	turquoise
HERVIP10F_9p21.2b	HERVIP10F-int	chr9	26972599	26976760	-	turquoise
HERVIP10F_9q13	HERVIP10F-int	chr9	64870415	64878944	-	turquoise
HERVIP10F_9q21.12	HERVIP10F-int	chr9	69925311	69934098	-	turquoise
HERVIP10F_Xp11.3	HERVIP10F-int	chrX	45004017	45006789	-	turquoise
HERVIP10F_Xp21.1	HERVIP10F-int	chrX	37478342	37480060	+	turquoise
HERVIP10F_Xq27.3	HERVIP10F-int	chrX	145975964	145977739	+	turquoise
HERVIP10F_Yp11.2a	HERVIP10F-int	chrY	6955997	6958398	+	turquoise
HERVIP10F_Yq11.221	HERVIP10F-int	chrY	12469022	12472218	-	turquoise
HERVIP10F_Yq11.222	HERVIP10F-int	chrY	19140819	19143790	+	turquoise
HERVIP10F_Yq11.223	HERVIP10F-int	chrY	19809366	19817999	-	turquoise
HERVIP10FH_10p11.23	HERVIP10FH-int	chr10	29436720	29439409	-	yellow
HERVIP10FH_10p13	HERVIP10FH-int	chr10	13079022	13081163	+	yellow
HERVIP10FH_10q23.1	HERVIP10FH-int	chr10	84118548	84126791	-	yellow
HERVIP10FH_10q23.33	HERVIP10FH-int	chr10	94991380	94998809	-	yellow
HERVIP10FH_11p15.5	HERVIP10FH-int	chr11	2335785	2342573	+	yellow
HERVIP10FH_11q21	HERVIP10FH-int	chr11	93264538	93265564	+	yellow
HERVIP10FH_11q22.1a	HERVIP10FH-int	chr11	100744779	100749391	-	yellow
HERVIP10FH_11q22.1b	HERVIP10FH-int	chr11	101245150	101247443	+	yellow
HERVIP10FH_12p11.21	HERVIP10FH-int	chr12	32025634	32028539	+	yellow
HERVIP10FH_12p12.3	HERVIP10FH-int	chr12	18172692	18178556	+	yellow
HERVIP10FH_12q24.31	HERVIP10FH-int	chr12	124937514	124938971	+	yellow
HERVIP10FH_13q12.11	HERVIP10FH-int	chr13	21588022	21590048	+	yellow
HERVIP10FH_13q21.33	HERVIP10FH-int	chr13	68888651	68893551	-	yellow
HERVIP10FH_14q11.2	HERVIP10FH-int	chr14	20822717	20828859	-	yellow
HERVIP10FH_14q12	HERVIP10FH-int	chr14	30965849	30972553	+	yellow
HERVIP10FH_14q21.3	HERVIP10FH-int	chr14	48558519	48563969	+	yellow
HERVIP10FH_14q22.1	HERVIP10FH-int	chr14	53175755	53182025	-	yellow
HERVIP10FH_14q23.1	HERVIP10FH-int	chr14	61114842	61121155	-	yellow
HERVIP10FH_15q13.3	HERVIP10FH-int	chr15	31504974	31512979	-	yellow
HERVIP10FH_15q25.1	HERVIP10FH-int	chr15	79918724	79920814	-	yellow
HERVIP10FH_16p11.1a	HERVIP10FH-int	chr16	35594879	35600721	-	yellow
HERVIP10FH_16p11.2a	HERVIP10FH-int	chr16	31848236	31850266	+	yellow
HERVIP10FH_16p12.3	HERVIP10FH-int	chr16	20642834	20644949	+	yellow
HERVIP10FH_17q21.32	HERVIP10FH-int	chr17	47064835	47068369	-	yellow
HERVIP10FH_18p11.22	HERVIP10FH-int	chr18	8876837	8883319	-	yellow
HERVIP10FH_18q12.1	HERVIP10FH-int	chr18	29356350	29362631	-	yellow
HERVIP10FH_19p12a	HERVIP10FH-int	chr19	20359919	20361619	+	yellow
HERVIP10FH_19p12b	HERVIP10FH-int	chr19	20372007	20376073	+	yellow
HERVIP10FH_19p12c	HERVIP10FH-int	chr19	20857639	20862513	+	yellow
HERVIP10FH_19p13.2	HERVIP10FH-int	chr19	11883491	11886834	+	yellow
HERVIP10FH_19q13.41	HERVIP10FH-int	chr19	52665503	52668412	+	yellow
HERVIP10FH_19q13.43	HERVIP10FH-int	chr19	57799186	57805431	-	yellow
HERVIP10FH_1p33a	HERVIP10FH-int	chr1	46383762	46385780	-	yellow
HERVIP10FH_1p33b	HERVIP10FH-int	chr1	46391343	46393974	-	yellow
HERVIP10FH_1p35.1	HERVIP10FH-int	chr1	32442304	32449911	-	yellow
HERVIP10FH_1p36.21b	HERVIP10FH-int	chr1	13567557	13573195	+	yellow
HERVIP10FH_1q23.1	HERVIP10FH-int	chr1	159022297	159025513	-	yellow
HERVIP10FH_1q25.1	HERVIP10FH-int	chr1	173683772	173688508	-	yellow
HERVIP10FH_1q42.13	HERVIP10FH-int	chr1	227719675	227721313	-	yellow
HERVIP10FH_1q44	HERVIP10FH-int	chr1	244573858	244576488	-	yellow
HERVIP10FH_20q13.12	HERVIP10FH-int	chr20	47520090	47521780	-	yellow
HERVIP10FH_20q13.33a	HERVIP10FH-int	chr20	61188476	61191053	-	yellow
HERVIP10FH_20q13.33b	HERVIP10FH-int	chr20	61191606	61192917	-	yellow
HERVIP10FH_21q22.12	HERVIP10FH-int	chr21	36104268	36109248	+	yellow
HERVIP10FH_22q12.2	HERVIP10FH-int	chr22	29413279	29415167	-	yellow
HERVIP10FH_22q12.3	HERVIP10FH-int	chr22	32138160	32140576	+	yellow
HERVIP10FH_2p14	HERVIP10FH-int	chr2	65044235	65046931	-	yellow
HERVIP10FH_2p23.1	HERVIP10FH-int	chr2	30516724	30518550	+	yellow
HERVIP10FH_2p24.3a	HERVIP10FH-int	chr2	13678608	13680658	+	yellow
HERVIP10FH_2p24.3b	HERVIP10FH-int	chr2	13680687	13682534	+	yellow
HERVIP10FH_2q14.2	HERVIP10FH-int	chr2	118949646	118953399	-	yellow
HERVIP10FH_2q14.3a	HERVIP10FH-int	chr2	121680605	121682019	-	yellow
HERVIP10FH_2q14.3b	HERVIP10FH-int	chr2	121682072	121683452	-	yellow
HERVIP10FH_2q37.1	HERVIP10FH-int	chr2	231098104	231098700	-	yellow
HERVIP10FH_3p21.2	HERVIP10FH-int	chr3	51896962	51902910	+	yellow
HERVIP10FH_3p21.31	HERVIP10FH-int	chr3	48333982	48335714	-	yellow
HERVIP10FH_3p26.1b	HERVIP10FH-int	chr3	5706470	5708978	-	yellow
HERVIP10FH_3q13.33	HERVIP10FH-int	chr3	120616727	120623770	-	yellow
HERVIP10FH_3q24	HERVIP10FH-int	chr3	145357009	145358085	-	yellow
HERVIP10FH_3q29	HERVIP10FH-int	chr3	197242966	197244546	-	yellow
HERVIP10FH_4p13	HERVIP10FH-int	chr4	42313411	42320610	+	yellow
HERVIP10FH_4p15.32	HERVIP10FH-int	chr4	15693941	15695719	-	yellow
HERVIP10FH_4p15.33	HERVIP10FH-int	chr4	12425703	12431652	-	yellow
HERVIP10FH_4q12	HERVIP10FH-int	chr4	55338515	55341621	+	yellow
HERVIP10FH_4q25	HERVIP10FH-int	chr4	107413454	107420003	+	yellow
HERVIP10FH_4q28.3	HERVIP10FH-int	chr4	132812610	132818873	-	yellow
HERVIP10FH_4q33	HERVIP10FH-int	chr4	170684674	170686131	+	yellow
HERVIP10FH_5q14.2	HERVIP10FH-int	chr5	82971940	82976282	-	yellow
HERVIP10FH_5q23.1a	HERVIP10FH-int	chr5	119435608	119439169	+	yellow
HERVIP10FH_5q23.1b	HERVIP10FH-int	chr5	119446130	119447266	+	yellow
HERVIP10FH_5q31.3	HERVIP10FH-int	chr5	143088591	143095011	-	yellow
HERVIP10FH_5q32	HERVIP10FH-int	chr5	147254447	147261673	-	yellow
HERVIP10FH_5q33.1	HERVIP10FH-int	chr5	150833151	150837862	-	yellow
HERVIP10FH_5q35.1	HERVIP10FH-int	chr5	172650610	172656348	-	yellow
HERVIP10FH_6q12	HERVIP10FH-int	chr6	66258645	66264857	+	yellow
HERVIP10FH_6q14.3	HERVIP10FH-int	chr6	84718364	84720411	-	yellow
HERVIP10FH_6q15a	HERVIP10FH-int	chr6	87480750	87484871	-	yellow
HERVIP10FH_6q15b	HERVIP10FH-int	chr6	88724676	88730582	+	yellow
HERVIP10FH_6q22.1	HERVIP10FH-int	chr6	117615274	117622007	+	yellow
HERVIP10FH_6q25.3	HERVIP10FH-int	chr6	158729866	158733323	+	yellow
HERVIP10FH_6q26a	HERVIP10FH-int	chr6	160788118	160793721	+	yellow
HERVIP10FH_6q26b	HERVIP10FH-int	chr6	161309654	161315874	-	yellow
HERVIP10FH_7p13	HERVIP10FH-int	chr7	43812642	43823897	+	yellow
HERVIP10FH_7p14.1	HERVIP10FH-int	chr7	40141753	40148302	-	yellow
HERVIP10FH_7q21.13	HERVIP10FH-int	chr7	89624155	89629987	+	yellow
HERVIP10FH_7q21.3	HERVIP10FH-int	chr7	94877725	94883095	+	yellow
HERVIP10FH_7q22.1	HERVIP10FH-int	chr7	103153306	103156543	+	yellow
HERVIP10FH_7q36.1	HERVIP10FH-int	chr7	149568739	149570100	+	yellow
HERVIP10FH_8q13.1	HERVIP10FH-int	chr8	65126667	65133492	-	yellow
HERVIP10FH_8q21.3	HERVIP10FH-int	chr8	89233917	89240391	-	yellow
HERVIP10FH_8q24.13a	HERVIP10FH-int	chr8	124904044	124906459	-	yellow
HERVIP10FH_8q24.13b	HERVIP10FH-int	chr8	124907227	124911915	+	yellow
HERVIP10FH_8q24.3	HERVIP10FH-int	chr8	142730633	142733469	-	yellow
HERVIP10FH_9p13.3	HERVIP10FH-int	chr9	35455417	35462089	-	yellow
HERVIP10FH_Xp11.3	HERVIP10FH-int	chrX	44999167	45004021	-	yellow
HERVIP10FH_Xp21.1	HERVIP10FH-int	chrX	37480049	37484837	+	yellow
HERVIP10FH_Xq12	HERVIP10FH-int	chrX	65927286	65933055	-	yellow
HERVIP10FH_Xq22.3	HERVIP10FH-int	chrX	109235983	109242363	-	yellow
HERVIP10FH_Xq24	HERVIP10FH-int	chrX	120143043	120145407	+	yellow
HERVIP10FH_Xq27.1	HERVIP10FH-int	chrX	139852178	139857785	+	yellow
HERVIP10FH_Xq27.3	HERVIP10FH-int	chrX	145970461	145974662	+	yellow
HERVIP10FH_Xq28	HERVIP10FH-int	chrX	149825009	149831569	+	yellow
HERVIP10FH_Yp11.2a	HERVIP10FH-int	chrY	6782164	6786576	+	yellow
HERVIP10FH_Yp11.2b	HERVIP10FH-int	chrY	7056769	7063743	-	yellow
HERVIP10FH_Yp11.2c	HERVIP10FH-int	chrY	7107675	7110614	+	yellow
HERVIP10FH_Yq11.222b	HERVIP10FH-int	chrY	19039202	19042102	-	yellow
HERVK11_10p11.1	HERVK11-int	chr10	39042475	39051555	+	turquoise
HERVK11_10q21.3	HERVK11-int	chr10	65105943	65112846	-	turquoise
HERVK11_10q24.32	HERVK11-int	chr10	102838109	102845149	-	turquoise
HERVK11_11p11.12a	HERVK11-int	chr11	50438109	50447967	+	turquoise
HERVK11_11p11.12b	HERVK11-int	chr11	50487846	50491301	-	turquoise
HERVK11_11p11.12c	HERVK11-int	chr11	50491354	50495620	-	turquoise
HERVK11_11p11.12d	HERVK11-int	chr11	50629511	50637577	-	turquoise
HERVK11_11p15.2	HERVK11-int	chr11	15062959	15070542	-	turquoise
HERVK11_11p15.4	HERVK11-int	chr11	6076055	6078769	+	turquoise
HERVK11_11q11	HERVK11-int	chr11	54758680	54766192	+	turquoise
HERVK11_11q13.2	HERVK11-int	chr11	67698550	67705411	+	turquoise
HERVK11_11q22.1a	HERVK11-int	chr11	101211205	101216672	-	turquoise
HERVK11_11q22.1b	HERVK11-int	chr11	101216739	101221382	-	turquoise
HERVK11_12p11.1a	HERVK11-int	chr12	34461079	34463027	-	turquoise
HERVK11_12p11.1b	HERVK11-int	chr12	34521109	34530751	+	turquoise
HERVK11_12q21.31	HERVK11-int	chr12	84102186	84109415	-	turquoise
HERVK11_12q23.3a	HERVK11-int	chr12	105299228	105302833	+	turquoise
HERVK11_12q23.3b	HERVK11-int	chr12	105309243	105314445	+	turquoise
HERVK11_13q22.3	HERVK11-int	chr13	78056554	78058996	-	turquoise
HERVK11_14q32.11	HERVK11-int	chr14	90951168	90954214	+	turquoise
HERVK11_15q15.1	HERVK11-int	chr15	40686078	40690090	-	turquoise
HERVK11_16q21	HERVK11-int	chr16	59621926	59625900	-	turquoise
HERVK11_17q11.2	HERVK11-int	chr17	27686099	27696448	-	turquoise
HERVK11_18q21.1	HERVK11-int	chr18	50220146	50223833	-	turquoise
HERVK11_19p11a	HERVK11-int	chr19	24242677	24251824	+	turquoise
HERVK11_19p11b	HERVK11-int	chr19	24270242	24273541	+	turquoise
HERVK11_19p11c	HERVK11-int	chr19	24320890	24324105	+	turquoise
HERVK11_19p11d	HERVK11-int	chr19	24324196	24325976	+	turquoise
HERVK11_19p12a	HERVK11-int	chr19	20500224	20509728	-	turquoise
HERVK11_19p12b	HERVK11-int	chr19	23847319	23857439	-	turquoise
HERVK11_19q11a	HERVK11-int	chr19	27578682	27582277	+	turquoise
HERVK11_19q11b	HERVK11-int	chr19	27703454	27713310	-	turquoise
HERVK11_1p13.3	HERVK11-int	chr1	109702615	109709643	+	turquoise
HERVK11_1p21.1	HERVK11-int	chr1	106159069	106162062	+	turquoise
HERVK11_1p33	HERVK11-int	chr1	46900689	46908072	+	turquoise
HERVK11_1p35.1	HERVK11-int	chr1	33065126	33068370	+	turquoise
HERVK11_1q23.3a	HERVK11-int	chr1	160686556	160690784	-	turquoise
HERVK11_1q23.3b	HERVK11-int	chr1	160700017	160703548	-	turquoise
HERVK11_1q25.3	HERVK11-int	chr1	181245995	181255232	+	turquoise
HERVK11_1q32.3	HERVK11-int	chr1	211398720	211400825	+	turquoise
HERVK11_22q11.21	HERVK11-int	chr22	19934438	19940687	+	turquoise
HERVK11_2p12	HERVK11-int	chr2	77112694	77115602	-	turquoise
HERVK11_2p14	HERVK11-int	chr2	63988445	63997140	+	turquoise
HERVK11_2q11.2	HERVK11-int	chr2	100361988	100365971	-	turquoise
HERVK11_2q14.2	HERVK11-int	chr2	119373755	119376815	-	turquoise
HERVK11_2q34a	HERVK11-int	chr2	210424479	210428103	-	turquoise
HERVK11_2q34b	HERVK11-int	chr2	213446565	213449649	+	turquoise
HERVK11_3p12.3	HERVK11-int	chr3	79051663	79060592	+	turquoise
HERVK11_3q13.13	HERVK11-int	chr3	111524145	111530464	+	turquoise
HERVK11_3q22.1	HERVK11-int	chr3	130443990	130453404	-	turquoise
HERVK11_4p16.3	HERVK11-int	chr4	4042123	4049160	-	turquoise
HERVK11_4q13.1	HERVK11-int	chr4	64142030	64148096	-	turquoise
HERVK11_4q13.2	HERVK11-int	chr4	69191808	69199234	+	turquoise
HERVK11_4q13.3	HERVK11-int	chr4	73949407	73954212	-	turquoise
HERVK11_4q21.21a	HERVK11-int	chr4	78328665	78331122	+	turquoise
HERVK11_4q21.21b	HERVK11-int	chr4	79824403	79827343	-	turquoise
HERVK11_4q22.1	HERVK11-int	chr4	87293570	87295792	-	turquoise
HERVK11_4q31.1	HERVK11-int	chr4	139632366	139639045	+	turquoise
HERVK11_4q32.3	HERVK11-int	chr4	164748862	164753249	+	turquoise
HERVK11_5p13.1	HERVK11-int	chr5	40102909	40112770	+	turquoise
HERVK11_5q35.1	HERVK11-int	chr5	172396989	172402672	+	turquoise
HERVK11_6p11.2	HERVK11-int	chr6	58399982	58403956	+	turquoise
HERVK11_6q11.1	HERVK11-int	chr6	61274536	61278498	+	turquoise
HERVK11_6q14.1a	HERVK11-int	chr6	76487341	76492036	-	turquoise
HERVK11_6q14.1b	HERVK11-int	chr6	76492103	76496698	-	turquoise
HERVK11_6q25.3	HERVK11-int	chr6	158296613	158303618	-	turquoise
HERVK11_7p12.1	HERVK11-int	chr7	50576977	50583954	+	turquoise
HERVK11_8p11.1	HERVK11-int	chr8	43892563	43899365	+	turquoise
HERVK11_8p23.1a	HERVK11-int	chr8	7152780	7159835	-	turquoise
HERVK11_8p23.1b	HERVK11-int	chr8	8127641	8134678	+	turquoise
HERVK11_8p23.1c	HERVK11-int	chr8	12531005	12538042	-	turquoise
HERVK11_8q11.1	HERVK11-int	chr8	46580301	46590041	+	turquoise
HERVK11_8q21.3	HERVK11-int	chr8	88670470	88676597	-	turquoise
HERVK11_9p21.1	HERVK11-int	chr9	31770537	31778849	+	turquoise
HERVK11_9q32	HERVK11-int	chr9	112391953	112400106	-	turquoise
HERVK11_Xp11.21	HERVK11-int	chrX	56942422	56948730	+	turquoise
HERVK11_Xp11.3	HERVK11-int	chrX	46486517	46490287	-	turquoise
HERVK11_Xp11.4a	HERVK11-int	chrX	41644222	41648694	+	turquoise
HERVK11_Xp11.4b	HERVK11-int	chrX	42161343	42164802	-	turquoise
HERVK11_Xp21.1	HERVK11-int	chrX	34796024	34803445	+	turquoise
HERVK11_Yp11.2	HERVK11-int	chrY	7991901	7998823	-	turquoise
HERVK11_Yq11.221	HERVK11-int	chrY	14374888	14381445	-	turquoise
HERVK11_Yq11.222b	HERVK11-int	chrY	18217840	18221497	-	turquoise
HERVK11_Yq11.23a	HERVK11-int	chrY	24463277	24468598	-	turquoise
HERVK11D_11p12	HERVK11D-int	chr11	43161739	43168627	-	turquoise
HERVK11D_11q14.3	HERVK11D-int	chr11	92943569	92950131	-	turquoise
HERVK11D_12q12	HERVK11D-int	chr12	38122839	38130125	+	turquoise
HERVK11D_15q24.3	HERVK11D-int	chr15	76639181	76641589	+	turquoise
HERVK11D_1q43	HERVK11D-int	chr1	242457057	242460442	+	turquoise
HERVK11D_2q11.2	HERVK11D-int	chr2	101237832	101245098	+	turquoise
HERVK11D_2q31.1	HERVK11D-int	chr2	170615660	170619450	-	turquoise
HERVK11D_3q11.2	HERVK11D-int	chr3	94647179	94651193	+	turquoise
HERVK11D_3q26.1	HERVK11D-int	chr3	165546697	165548895	+	turquoise
HERVK11D_4q25	HERVK11D-int	chr4	109855911	109859937	-	turquoise
HERVK11D_5p13.2	HERVK11D-int	chr5	34460958	34468537	-	turquoise
HERVK11D_5q22.3	HERVK11D-int	chr5	114142955	114150230	-	turquoise
HERVK11D_6p12.3	HERVK11D-int	chr6	49501278	49508842	-	turquoise
HERVK11D_6q22.31	HERVK11D-int	chr6	121042085	121049347	+	turquoise
HERVK11D_Xq11.1	HERVK11D-int	chrX	62707617	62717099	-	turquoise
HERVK11D_Xq22.3	HERVK11D-int	chrX	105666189	105669044	-	turquoise
HERVK11D_Yp11.2	HERVK11D-int	chrY	7952561	7961871	-	turquoise
HERVK11D_Yq11.221	HERVK11D-int	chrY	15973346	15982688	-	turquoise
HERVK14C_13q31.1	HERVK14C-int	chr13	84869543	84877320	+	turquoise
HERVK14C_15q21.1	HERVK14C-int	chr15	45234478	45243073	-	turquoise
HERVK14C_16p12.3	HERVK14C-int	chr16	19393582	19402152	-	turquoise
HERVK14C_19q13.2	HERVK14C-int	chr19	40954173	40959190	+	turquoise
HERVK14C_1p36.13	HERVK14C-int	chr1	19927433	19932159	-	turquoise
HERVK14C_1q32.1	HERVK14C-int	chr1	205862751	205864227	+	turquoise
HERVK14C_1q44	HERVK14C-int	chr1	247106028	247111180	+	turquoise
HERVK14C_2p12	HERVK14C-int	chr2	82022661	82031279	+	turquoise
HERVK14C_4q33	HERVK14C-int	chr4	170126352	170133883	-	turquoise
HERVK14C_6p12.3	HERVK14C-int	chr6	48873676	48879725	+	turquoise
HERVK14C_7q36.1	HERVK14C-int	chr7	150561073	150565629	-	turquoise
HERVK14C_8p11.1a	HERVK14C-int	chr8	43694019	43697502	-	turquoise
HERVK14C_8p11.1b	HERVK14C-int	chr8	43697571	43702581	-	turquoise
HERVK14C_8p11.1c	HERVK14C-int	chr8	43882490	43886791	-	turquoise
HERVK14C_8q21.13	HERVK14C-int	chr8	78652076	78654676	+	turquoise
HERVK14C_8q24.3b	HERVK14C-int	chr8	145028836	145032719	+	turquoise
HERVK14C_Yq11.222d	HERVK14C-int	chrY	18666469	18672374	+	turquoise
HERVKC4_10p11.1	HERVKC4-int	chr10	39107015	39112474	+	turquoise
HERVKC4_19p13.2	HERVKC4-int	chr19	7796061	7801046	-	turquoise
HERVKC4_19q13.41	HERVKC4-int	chr19	52460867	52466497	-	turquoise
HERVKC4_1p22.2	HERVKC4-int	chr1	89086283	89088619	-	turquoise
HERVKC4_1q22	HERVKC4-int	chr1	155691833	155699521	-	turquoise
HERVKC4_2q24.3	HERVKC4-int	chr2	166613512	166614455	+	turquoise
HERVKC4_6p22.1	HERVKC4-int	chr6	27187521	27196279	+	turquoise
HERVKC4_6q22.31	HERVKC4-int	chr6	122504845	122512093	-	turquoise
HERVKC4_Yq11.221	HERVKC4-int	chrY	12993872	13001093	-	turquoise
HERVL_10p11.21	HERVL-int	chr10	36473569	36476361	+	turquoise
HERVL_10p11.22a	HERVL-int	chr10	32797694	32803046	-	turquoise
HERVL_10p11.22b	HERVL-int	chr10	32825222	32830177	+	turquoise
HERVL_10p13a	HERVL-int	chr10	16164982	16171514	-	turquoise
HERVL_10p13b	HERVL-int	chr10	16447745	16449831	-	turquoise
HERVL_10p13c	HERVL-int	chr10	16449911	16451399	-	turquoise
HERVL_10p14	HERVL-int	chr10	9409359	9411315	+	turquoise
HERVL_10p15.1	HERVL-int	chr10	5115137	5116836	-	turquoise
HERVL_10p15.3	HERVL-int	chr10	98309	100387	-	turquoise
HERVL_10q11.21a	HERVL-int	chr10	42186770	42190779	+	turquoise
HERVL_10q11.21b	HERVL-int	chr10	43509421	43516879	-	turquoise
HERVL_10q11.21c	HERVL-int	chr10	45336528	45341477	+	turquoise
HERVL_10q11.23	HERVL-int	chr10	48990714	48997769	-	turquoise
HERVL_10q21.1a	HERVL-int	chr10	51406790	51410669	-	turquoise
HERVL_10q21.1b	HERVL-int	chr10	54102316	54105755	-	turquoise
HERVL_10q21.1c	HERVL-int	chr10	57134851	57141583	+	turquoise
HERVL_10q21.2	HERVL-int	chr10	61565588	61571867	-	turquoise
HERVL_10q21.3a	HERVL-int	chr10	64888022	64893215	+	turquoise
HERVL_10q21.3b	HERVL-int	chr10	65503563	65509682	-	turquoise
HERVL_10q22.1	HERVL-int	chr10	71016728	71023071	-	turquoise
HERVL_10q23.1b	HERVL-int	chr10	83971193	83977779	-	turquoise
HERVL_10q23.1c	HERVL-int	chr10	84322907	84325017	+	turquoise
HERVL_10q23.1d	HERVL-int	chr10	84881635	84885694	-	turquoise
HERVL_10q23.1e	HERVL-int	chr10	85029711	85036265	+	turquoise
HERVL_10q23.2	HERVL-int	chr10	87634539	87641235	-	turquoise
HERVL_10q23.31a	HERVL-int	chr10	90545633	90552063	+	turquoise
HERVL_10q23.31b	HERVL-int	chr10	90604944	90611478	-	turquoise
HERVL_10q23.33a	HERVL-int	chr10	93228904	93235749	-	turquoise
HERVL_10q23.33b	HERVL-int	chr10	94650532	94655169	+	turquoise
HERVL_10q25.1a	HERVL-int	chr10	104462191	104468144	+	turquoise
HERVL_10q25.1b	HERVL-int	chr10	105421731	105427856	-	turquoise
HERVL_10q25.1c	HERVL-int	chr10	107660467	107664583	+	turquoise
HERVL_10q25.1d	HERVL-int	chr10	108429636	108433037	-	turquoise
HERVL_10q25.1e	HERVL-int	chr10	108889287	108893944	-	turquoise
HERVL_10q25.1f	HERVL-int	chr10	109311963	109314771	-	turquoise
HERVL_10q25.2a	HERVL-int	chr10	111668162	111670989	-	turquoise
HERVL_10q25.2b	HERVL-int	chr10	111675067	111677213	+	turquoise
HERVL_10q26.13a	HERVL-int	chr10	123814109	123820241	+	turquoise
HERVL_10q26.13b	HERVL-int	chr10	125621520	125623461	-	turquoise
HERVL_10q26.3a	HERVL-int	chr10	132672827	132675060	-	turquoise
HERVL_10q26.3b	HERVL-int	chr10	133495747	133502939	-	turquoise
HERVL_11p11.2a	HERVL-int	chr11	44414860	44416917	+	turquoise
HERVL_11p11.2b	HERVL-int	chr11	44544093	44550636	+	turquoise
HERVL_11p12a	HERVL-int	chr11	37349307	37350849	+	turquoise
HERVL_11p12b	HERVL-int	chr11	38533109	38538599	-	turquoise
HERVL_11p12c	HERVL-int	chr11	38627315	38632102	+	turquoise
HERVL_11p12d	HERVL-int	chr11	39125839	39131643	+	turquoise
HERVL_11p12e	HERVL-int	chr11	42385711	42388705	+	turquoise
HERVL_11p14.1a	HERVL-int	chr11	27767705	27769257	-	turquoise
HERVL_11p14.1b	HERVL-int	chr11	28157061	28160331	+	turquoise
HERVL_11q12.1a	HERVL-int	chr11	56039239	56045298	+	turquoise
HERVL_11q12.1b	HERVL-int	chr11	56605241	56606837	+	turquoise
HERVL_11q12.1c	HERVL-int	chr11	57650629	57651896	+	turquoise
HERVL_11q12.1d	HERVL-int	chr11	59276041	59282777	+	turquoise
HERVL_11q12.2	HERVL-int	chr11	60216680	60223953	+	turquoise
HERVL_11q14.1a	HERVL-int	chr11	78618484	78624985	+	turquoise
HERVL_11q14.1b	HERVL-int	chr11	79124203	79128887	+	turquoise
HERVL_11q14.1c	HERVL-int	chr11	79136202	79138339	+	turquoise
HERVL_11q14.1d	HERVL-int	chr11	81170865	81172965	-	turquoise
HERVL_11q14.1e	HERVL-int	chr11	82178748	82183223	+	turquoise
HERVL_11q14.1f	HERVL-int	chr11	83503292	83508193	-	turquoise
HERVL_11q14.1g	HERVL-int	chr11	85156889	85163278	+	turquoise
HERVL_11q14.3a	HERVL-int	chr11	91596669	91603352	+	turquoise
HERVL_11q14.3b	HERVL-int	chr11	92986258	92987642	-	turquoise
HERVL_11q21	HERVL-int	chr11	97317542	97323414	+	turquoise
HERVL_11q22.1	HERVL-int	chr11	97788606	97790771	-	turquoise
HERVL_11q22.3a	HERVL-int	chr11	106114832	106118062	+	turquoise
HERVL_11q22.3b	HERVL-int	chr11	106829530	106830803	+	turquoise
HERVL_11q22.3c	HERVL-int	chr11	107231914	107238231	-	turquoise
HERVL_11q22.3d	HERVL-int	chr11	107977838	107986311	+	turquoise
HERVL_11q22.3e	HERVL-int	chr11	109287432	109288840	+	turquoise
HERVL_11q22.3f	HERVL-int	chr11	109495801	109503010	-	turquoise
HERVL_11q22.3g	HERVL-int	chr11	109961538	109968249	+	turquoise
HERVL_11q23.2	HERVL-int	chr11	113581951	113586158	+	turquoise
HERVL_11q24.1	HERVL-int	chr11	122009866	122016384	+	turquoise
HERVL_11q24.2b	HERVL-int	chr11	124824461	124826386	-	turquoise
HERVL_11q24.2c	HERVL-int	chr11	124905083	124914030	-	turquoise
HERVL_11q24.2d	HERVL-int	chr11	125028850	125035326	-	turquoise
HERVL_11q25	HERVL-int	chr11	132375040	132381526	+	turquoise
HERVL_12p11.22	HERVL-int	chr12	29933443	29936169	-	turquoise
HERVL_12p11.23	HERVL-int	chr12	26775547	26782199	+	turquoise
HERVL_12p12.1a	HERVL-int	chr12	21582173	21586504	+	turquoise
HERVL_12p12.1b	HERVL-int	chr12	25307152	25313857	+	turquoise
HERVL_12p12.1c	HERVL-int	chr12	25477837	25480140	-	turquoise
HERVL_12p13.1a	HERVL-int	chr12	14292854	14300222	-	turquoise
HERVL_12p13.1b	HERVL-int	chr12	14331176	14338695	+	turquoise
HERVL_12p13.1c	HERVL-int	chr12	14482264	14494650	-	turquoise
HERVL_12p13.2a	HERVL-int	chr12	11016701	11018258	+	turquoise
HERVL_12p13.2b	HERVL-int	chr12	11070735	11073773	+	turquoise
HERVL_12p13.31a	HERVL-int	chr12	5818088	5826421	+	turquoise
HERVL_12p13.31b	HERVL-int	chr12	7996848	8005194	+	turquoise
HERVL_12q12a	HERVL-int	chr12	38423264	38426005	-	turquoise
HERVL_12q12b	HERVL-int	chr12	44042385	44047187	+	turquoise
HERVL_12q13.11a	HERVL-int	chr12	46727181	46734247	-	turquoise
HERVL_12q13.11b	HERVL-int	chr12	46860882	46867418	-	turquoise
HERVL_12q13.12	HERVL-int	chr12	50322493	50326044	+	turquoise
HERVL_12q13.13	HERVL-int	chr12	51796550	51803499	-	turquoise
HERVL_12q13.3	HERVL-int	chr12	56398527	56405145	+	turquoise
HERVL_12q14.1a	HERVL-int	chr12	59518222	59519989	-	turquoise
HERVL_12q14.1b	HERVL-int	chr12	59569475	59573542	-	turquoise
HERVL_12q14.1c	HERVL-int	chr12	60636517	60638792	+	turquoise
HERVL_12q14.1d	HERVL-int	chr12	61121194	61124512	+	turquoise
HERVL_12q14.1e	HERVL-int	chr12	61249675	61253789	-	turquoise
HERVL_12q14.2a	HERVL-int	chr12	64129134	64136221	-	turquoise
HERVL_12q14.2b	HERVL-int	chr12	64339856	64346520	-	turquoise
HERVL_12q21.1a	HERVL-int	chr12	73250847	73257054	+	turquoise
HERVL_12q21.1b	HERVL-int	chr12	73825650	73832268	+	turquoise
HERVL_12q21.1c	HERVL-int	chr12	74034877	74040505	+	turquoise
HERVL_12q21.1d	HERVL-int	chr12	74063872	74066600	+	turquoise
HERVL_12q21.1f	HERVL-int	chr12	74275777	74282432	+	turquoise
HERVL_12q21.1g	HERVL-int	chr12	75012443	75015835	+	turquoise
HERVL_12q21.2a	HERVL-int	chr12	75371001	75377839	-	turquoise
HERVL_12q21.2b	HERVL-int	chr12	79490175	79493547	-	turquoise
HERVL_12q21.2c	HERVL-int	chr12	79497318	79500000	-	turquoise
HERVL_12q21.31a	HERVL-int	chr12	81564474	81565559	+	turquoise
HERVL_12q21.31b	HERVL-int	chr12	81890277	81895093	+	turquoise
HERVL_12q21.31c	HERVL-int	chr12	81933732	81942476	-	turquoise
HERVL_12q21.31d	HERVL-int	chr12	82192080	82195317	+	turquoise
HERVL_12q21.31e	HERVL-int	chr12	82202875	82208540	-	turquoise
HERVL_12q21.31f	HERVL-int	chr12	83281467	83283866	-	turquoise
HERVL_12q21.31g	HERVL-int	chr12	83503122	83510258	+	turquoise
HERVL_12q21.31h	HERVL-int	chr12	83719369	83726439	+	turquoise
HERVL_12q21.31i	HERVL-int	chr12	84401804	84408177	+	turquoise
HERVL_12q21.31j	HERVL-int	chr12	85167243	85170415	-	turquoise
HERVL_12q21.31k	HERVL-int	chr12	85937013	85940309	+	turquoise
HERVL_12q21.31l	HERVL-int	chr12	86076851	86078894	-	turquoise
HERVL_12q21.32a	HERVL-int	chr12	86561263	86568603	+	turquoise
HERVL_12q21.32b	HERVL-int	chr12	88209905	88212394	-	turquoise
HERVL_12q21.33a	HERVL-int	chr12	90434294	90436409	+	turquoise
HERVL_12q21.33b	HERVL-int	chr12	90874461	90881175	+	turquoise
HERVL_12q23.2	HERVL-int	chr12	103062927	103069033	+	turquoise
HERVL_12q23.3a	HERVL-int	chr12	105602926	105610142	-	turquoise
HERVL_12q23.3b	HERVL-int	chr12	105678701	105685387	+	turquoise
HERVL_12q24.22	HERVL-int	chr12	117650023	117657055	+	turquoise
HERVL_12q24.31	HERVL-int	chr12	120606997	120614359	+	turquoise
HERVL_12q24.32a	HERVL-int	chr12	126052829	126054992	+	turquoise
HERVL_12q24.32b	HERVL-int	chr12	126422498	126423602	-	turquoise
HERVL_13q12.12	HERVL-int	chr13	23313727	23318271	+	turquoise
HERVL_13q14.11a	HERVL-int	chr13	40281279	40282974	-	turquoise
HERVL_13q14.11b	HERVL-int	chr13	40872614	40874122	+	turquoise
HERVL_13q14.13	HERVL-int	chr13	45753186	45759670	-	turquoise
HERVL_13q14.2	HERVL-int	chr13	49091428	49092606	-	turquoise
HERVL_13q21.1a	HERVL-int	chr13	55445849	55452844	+	turquoise
HERVL_13q21.1b	HERVL-int	chr13	55586538	55592378	-	turquoise
HERVL_13q21.2	HERVL-int	chr13	60495912	60501139	+	turquoise
HERVL_13q21.31a	HERVL-int	chr13	63441583	63445165	+	turquoise
HERVL_13q21.31b	HERVL-int	chr13	63484124	63487603	+	turquoise
HERVL_13q21.31c	HERVL-int	chr13	64362415	64369318	+	turquoise
HERVL_13q21.32	HERVL-int	chr13	66177985	66184810	-	turquoise
HERVL_13q21.33a	HERVL-int	chr13	69225314	69227095	+	turquoise
HERVL_13q21.33b	HERVL-int	chr13	69499137	69505954	-	turquoise
HERVL_13q22.1	HERVL-int	chr13	74804240	74809282	+	turquoise
HERVL_13q31.1a	HERVL-int	chr13	79856372	79860034	+	turquoise
HERVL_13q31.1b	HERVL-int	chr13	80061803	80065418	-	turquoise
HERVL_13q31.1c	HERVL-int	chr13	82386829	82388794	-	turquoise
HERVL_13q31.1d	HERVL-int	chr13	82970272	82974475	-	turquoise
HERVL_13q31.1e	HERVL-int	chr13	84905049	84907775	+	turquoise
HERVL_13q31.1f	HERVL-int	chr13	85050041	85050800	-	turquoise
HERVL_13q31.1g	HERVL-int	chr13	86580431	86584696	+	turquoise
HERVL_13q31.2a	HERVL-int	chr13	87206235	87207449	-	turquoise
HERVL_13q31.2b	HERVL-int	chr13	88279107	88284464	+	turquoise
HERVL_13q31.3a	HERVL-int	chr13	89594453	89598376	+	turquoise
HERVL_13q31.3b	HERVL-int	chr13	89603726	89605701	-	turquoise
HERVL_13q31.3c	HERVL-int	chr13	90153311	90156487	-	turquoise
HERVL_13q32.2	HERVL-int	chr13	97587408	97592979	-	turquoise
HERVL_13q33.1a	HERVL-int	chr13	103470762	103472308	-	turquoise
HERVL_13q33.1b	HERVL-int	chr13	104036420	104037745	-	turquoise
HERVL_13q33.3	HERVL-int	chr13	109218916	109225445	-	turquoise
HERVL_13q34	HERVL-int	chr13	109948268	109952554	+	turquoise
HERVL_14q11.2	HERVL-int	chr14	20567316	20573538	+	turquoise
HERVL_14q12a	HERVL-int	chr14	25281051	25287433	-	turquoise
HERVL_14q12b	HERVL-int	chr14	27117713	27122925	-	turquoise
HERVL_14q12c	HERVL-int	chr14	29170825	29176730	+	turquoise
HERVL_14q12d	HERVL-int	chr14	30047978	30052175	+	turquoise
HERVL_14q21.1a	HERVL-int	chr14	39893202	39899723	+	turquoise
HERVL_14q21.1b	HERVL-int	chr14	40006859	40012031	+	turquoise
HERVL_14q21.1c	HERVL-int	chr14	40866149	40866854	-	turquoise
HERVL_14q21.1d	HERVL-int	chr14	41233921	41240418	-	turquoise
HERVL_14q21.1e	HERVL-int	chr14	42051764	42055307	+	turquoise
HERVL_14q21.1f	HERVL-int	chr14	42454403	42459819	+	turquoise
HERVL_14q21.1g	HERVL-int	chr14	42760083	42761265	-	turquoise
HERVL_14q21.2a	HERVL-int	chr14	43281378	43284208	-	turquoise
HERVL_14q21.2c	HERVL-int	chr14	44664847	44671724	+	turquoise
HERVL_14q21.2d	HERVL-int	chr14	45975351	45982027	-	turquoise
HERVL_14q21.3	HERVL-int	chr14	48306809	48309001	-	turquoise
HERVL_14q22.1	HERVL-int	chr14	51373849	51377284	+	turquoise
HERVL_14q22.3b	HERVL-int	chr14	57327104	57335555	-	turquoise
HERVL_14q23.1	HERVL-int	chr14	57720598	57727191	+	turquoise
HERVL_14q23.2	HERVL-int	chr14	62857404	62860339	-	turquoise
HERVL_14q24.2a	HERVL-int	chr14	69821881	69827821	-	turquoise
HERVL_14q24.2b	HERVL-int	chr14	70431965	70436463	-	turquoise
HERVL_14q24.2c	HERVL-int	chr14	71459383	71466120	-	turquoise
HERVL_14q24.2d	HERVL-int	chr14	71935985	71941877	-	turquoise
HERVL_14q31.1a	HERVL-int	chr14	80224810	80231256	-	turquoise
HERVL_14q31.1b	HERVL-int	chr14	81844100	81849084	-	turquoise
HERVL_14q31.2	HERVL-int	chr14	83351968	83353324	+	turquoise
HERVL_14q31.3a	HERVL-int	chr14	85260794	85263704	-	turquoise
HERVL_14q31.3b	HERVL-int	chr14	85927831	85934155	-	turquoise
HERVL_14q31.3c	HERVL-int	chr14	86415606	86417546	-	turquoise
HERVL_14q32.11	HERVL-int	chr14	90227625	90233938	+	turquoise
HERVL_14q32.12	HERVL-int	chr14	93357289	93361341	+	turquoise
HERVL_14q32.33a	HERVL-int	chr14	105965186	105966980	+	turquoise
HERVL_14q32.33c	HERVL-int	chr14	106832814	106834073	-	turquoise
HERVL_15q11.1	HERVL-int	chr15	20041343	20043131	+	turquoise
HERVL_15q21.1	HERVL-int	chr15	46986008	46989099	+	turquoise
HERVL_15q21.3	HERVL-int	chr15	58207347	58210949	+	turquoise
HERVL_15q25.1b	HERVL-int	chr15	79692069	79693776	-	turquoise
HERVL_15q26.2a	HERVL-int	chr15	94492346	94493815	+	turquoise
HERVL_15q26.2b	HERVL-int	chr15	95202489	95205704	+	turquoise
HERVL_15q26.3	HERVL-int	chr15	100079598	100081376	+	turquoise
HERVL_16p11.2	HERVL-int	chr16	29002652	29008043	+	turquoise
HERVL_16p12.3a	HERVL-int	chr16	20452113	20454551	+	turquoise
HERVL_16p12.3b	HERVL-int	chr16	20573337	20575775	-	turquoise
HERVL_16q21	HERVL-int	chr16	60846981	60853639	+	turquoise
HERVL_16q23.1	HERVL-int	chr16	76433980	76437377	-	turquoise
HERVL_16q24.1	HERVL-int	chr16	84855240	84861709	-	turquoise
HERVL_17p13.1	HERVL-int	chr17	9732553	9735186	-	turquoise
HERVL_17p13.2a	HERVL-int	chr17	3425603	3427174	-	turquoise
HERVL_17p13.2b	HERVL-int	chr17	4118054	4120551	-	turquoise
HERVL_17q11.2	HERVL-int	chr17	31183587	31189019	+	turquoise
HERVL_17q12a	HERVL-int	chr17	35453456	35456843	+	turquoise
HERVL_17q12b	HERVL-int	chr17	36111494	36116344	+	turquoise
HERVL_17q12c	HERVL-int	chr17	36217318	36222486	+	turquoise
HERVL_17q21.32	HERVL-int	chr17	49144730	49146306	-	turquoise
HERVL_17q22a	HERVL-int	chr17	54593233	54596389	-	turquoise
HERVL_17q22b	HERVL-int	chr17	54815524	54818434	+	turquoise
HERVL_17q24.3	HERVL-int	chr17	70818885	70823990	-	turquoise
HERVL_18p11.21a	HERVL-int	chr18	11127309	11133941	+	turquoise
HERVL_18p11.21b	HERVL-int	chr18	12753988	12759577	-	turquoise
HERVL_18p11.21c	HERVL-int	chr18	15039150	15045695	+	turquoise
HERVL_18p11.23	HERVL-int	chr18	7535650	7537310	-	turquoise
HERVL_18p11.32a	HERVL-int	chr18	1329269	1333326	+	turquoise
HERVL_18p11.32b	HERVL-int	chr18	1854634	1861467	-	turquoise
HERVL_18p11.32c	HERVL-int	chr18	2832568	2839315	-	turquoise
HERVL_18q11.2	HERVL-int	chr18	27219443	27221403	+	turquoise
HERVL_18q12.1a	HERVL-int	chr18	29296705	29300107	-	turquoise
HERVL_18q12.1b	HERVL-int	chr18	31799037	31800835	+	turquoise
HERVL_18q12.1c	HERVL-int	chr18	34732838	34735414	-	turquoise
HERVL_18q12.2a	HERVL-int	chr18	35855034	35861544	+	turquoise
HERVL_18q12.2b	HERVL-int	chr18	37875262	37882073	+	turquoise
HERVL_18q12.2c	HERVL-int	chr18	38394176	38396050	+	turquoise
HERVL_18q12.2d	HERVL-int	chr18	38671289	38673923	+	turquoise
HERVL_18q12.3a	HERVL-int	chr18	43397707	43404584	-	turquoise
HERVL_18q12.3b	HERVL-int	chr18	43494230	43500569	+	turquoise
HERVL_18q21.1	HERVL-int	chr18	46777528	46782756	+	turquoise
HERVL_18q21.2a	HERVL-int	chr18	50999947	51008358	+	turquoise
HERVL_18q21.2b	HERVL-int	chr18	51226695	51233755	-	turquoise
HERVL_18q22.1a	HERVL-int	chr18	64529802	64536937	-	turquoise
HERVL_18q22.1b	HERVL-int	chr18	66371739	66377704	+	turquoise
HERVL_18q22.2a	HERVL-int	chr18	69972817	69978822	-	turquoise
HERVL_18q22.2b	HERVL-int	chr18	70891022	70891600	-	turquoise
HERVL_18q22.3a	HERVL-int	chr18	71691677	71692947	-	turquoise
HERVL_18q22.3b	HERVL-int	chr18	71763849	71767353	+	turquoise
HERVL_18q22.3c	HERVL-int	chr18	73515234	73516948	+	turquoise
HERVL_18q22.3d	HERVL-int	chr18	73613758	73616756	-	turquoise
HERVL_18q23	HERVL-int	chr18	75838188	75842897	+	turquoise
HERVL_19p12a	HERVL-int	chr19	22020514	22025692	-	turquoise
HERVL_19p12b	HERVL-int	chr19	22233735	22239053	-	turquoise
HERVL_19p12c	HERVL-int	chr19	23010769	23014691	-	turquoise
HERVL_19q13.41a	HERVL-int	chr19	52468552	52470830	+	turquoise
HERVL_19q13.41b	HERVL-int	chr19	53029310	53033328	+	turquoise
HERVL_19q13.43	HERVL-int	chr19	57194409	57199946	-	turquoise
HERVL_1p11.2	HERVL-int	chr1	120787088	120789061	-	turquoise
HERVL_1p12	HERVL-int	chr1	120001503	120003474	+	turquoise
HERVL_1p13.2a	HERVL-int	chr1	112126003	112132607	-	turquoise
HERVL_1p13.2b	HERVL-int	chr1	114065118	114071980	-	turquoise
HERVL_1p13.2c	HERVL-int	chr1	115005286	115011033	-	turquoise
HERVL_1p13.3b	HERVL-int	chr1	108018546	108023153	-	turquoise
HERVL_1p21.1a	HERVL-int	chr1	102556946	102557990	-	turquoise
HERVL_1p21.1b	HERVL-int	chr1	103266759	103273207	+	turquoise
HERVL_1p21.1c	HERVL-int	chr1	104555600	104562197	+	turquoise
HERVL_1p21.1d	HERVL-int	chr1	104578064	104582892	-	turquoise
HERVL_1p21.1e	HERVL-int	chr1	105522046	105528669	-	turquoise
HERVL_1p21.1f	HERVL-int	chr1	105752830	105759721	+	turquoise
HERVL_1p21.1g	HERVL-int	chr1	105809774	105811221	-	turquoise
HERVL_1p21.1h	HERVL-int	chr1	106585294	106591567	-	turquoise
HERVL_1p21.2	HERVL-int	chr1	101359129	101362553	-	turquoise
HERVL_1p21.3a	HERVL-int	chr1	95644581	95648411	-	turquoise
HERVL_1p21.3b	HERVL-int	chr1	97407534	97409154	+	turquoise
HERVL_1p22.1a	HERVL-int	chr1	92614392	92619505	+	turquoise
HERVL_1p22.1b	HERVL-int	chr1	94161627	94167221	-	turquoise
HERVL_1p22.2a	HERVL-int	chr1	88595833	88602999	+	turquoise
HERVL_1p22.2b	HERVL-int	chr1	88897656	88904723	+	turquoise
HERVL_1p22.2c	HERVL-int	chr1	89345044	89349193	+	turquoise
HERVL_1p22.2d	HERVL-int	chr1	89437349	89443684	-	turquoise
HERVL_1p22.2e	HERVL-int	chr1	91039877	91041730	+	turquoise
HERVL_1p22.2f	HERVL-int	chr1	91041963	91046245	+	turquoise
HERVL_1p22.2g	HERVL-int	chr1	91055335	91056968	-	turquoise
HERVL_1p22.2h	HERVL-int	chr1	91460655	91469313	-	turquoise
HERVL_1p22.3	HERVL-int	chr1	86511893	86514952	+	turquoise
HERVL_1p31.1a	HERVL-int	chr1	70559186	70562044	-	turquoise
HERVL_1p31.1b	HERVL-int	chr1	72312365	72319126	-	turquoise
HERVL_1p31.1c	HERVL-int	chr1	72877408	72878678	+	turquoise
HERVL_1p31.1d	HERVL-int	chr1	76874387	76880817	-	turquoise
HERVL_1p31.1e	HERVL-int	chr1	77182232	77189846	+	turquoise
HERVL_1p31.1f	HERVL-int	chr1	79927925	79934188	+	turquoise
HERVL_1p31.1g	HERVL-int	chr1	80574449	80576362	-	turquoise
HERVL_1p31.3a	HERVL-int	chr1	61532357	61533664	-	turquoise
HERVL_1p31.3b	HERVL-int	chr1	65927540	65930375	-	turquoise
HERVL_1p31.3c	HERVL-int	chr1	67288388	67292750	+	turquoise
HERVL_1p32.1	HERVL-int	chr1	60246749	60249620	+	turquoise
HERVL_1p32.2a	HERVL-int	chr1	55729046	55734929	+	turquoise
HERVL_1p32.2b	HERVL-int	chr1	57557024	57563307	+	turquoise
HERVL_1p33a	HERVL-int	chr1	49439505	49442076	+	turquoise
HERVL_1p33b	HERVL-int	chr1	49572733	49579287	+	turquoise
HERVL_1p33c	HERVL-int	chr1	50165834	50169387	-	turquoise
HERVL_1p34.2	HERVL-int	chr1	42866266	42870243	+	turquoise
HERVL_1p34.3a	HERVL-int	chr1	37365035	37371640	+	turquoise
HERVL_1p34.3b	HERVL-int	chr1	38144395	38150922	+	turquoise
HERVL_1p35.3a	HERVL-int	chr1	28654009	28659822	-	turquoise
HERVL_1p35.3b	HERVL-int	chr1	29794201	29800046	+	turquoise
HERVL_1p36.22	HERVL-int	chr1	12388951	12395953	-	turquoise
HERVL_1q21.1a	HERVL-int	chr1	146160946	146162896	+	turquoise
HERVL_1q21.1b	HERVL-int	chr1	147147589	147148685	+	turquoise
HERVL_1q21.2a	HERVL-int	chr1	148611864	148613835	+	turquoise
HERVL_1q21.2b	HERVL-int	chr1	149457432	149459404	-	turquoise
HERVL_1q23.1a	HERVL-int	chr1	157456874	157463360	-	turquoise
HERVL_1q23.1c	HERVL-int	chr1	157883692	157886471	+	turquoise
HERVL_1q23.3a	HERVL-int	chr1	161431187	161439039	-	turquoise
HERVL_1q23.3b	HERVL-int	chr1	163097896	163102344	+	turquoise
HERVL_1q24.3	HERVL-int	chr1	172688069	172694055	-	turquoise
HERVL_1q25.1	HERVL-int	chr1	175242255	175248747	+	turquoise
HERVL_1q25.2	HERVL-int	chr1	178199724	178204344	+	turquoise
HERVL_1q31.1a	HERVL-int	chr1	188335018	188342121	-	turquoise
HERVL_1q31.1b	HERVL-int	chr1	188523084	188524793	+	turquoise
HERVL_1q31.1c	HERVL-int	chr1	188606879	188613573	+	turquoise
HERVL_1q31.1d	HERVL-int	chr1	188729728	188732432	-	turquoise
HERVL_1q31.1e	HERVL-int	chr1	189167443	189174237	+	turquoise
HERVL_1q31.1f	HERVL-int	chr1	190669150	190675533	-	turquoise
HERVL_1q31.2a	HERVL-int	chr1	191234151	191240770	+	turquoise
HERVL_1q31.2b	HERVL-int	chr1	191825119	191828989	-	turquoise
HERVL_1q31.2c	HERVL-int	chr1	193375087	193382172	-	turquoise
HERVL_1q31.2d	HERVL-int	chr1	193382237	193383945	-	turquoise
HERVL_1q31.3a	HERVL-int	chr1	194762056	194766280	-	turquoise
HERVL_1q31.3b	HERVL-int	chr1	194920808	194926747	+	turquoise
HERVL_1q31.3c	HERVL-int	chr1	195998347	196002028	+	turquoise
HERVL_1q31.3d	HERVL-int	chr1	196162667	196164703	+	turquoise
HERVL_1q32.1	HERVL-int	chr1	204234573	204241173	+	turquoise
HERVL_1q42.13	HERVL-int	chr1	228250669	228253090	-	turquoise
HERVL_1q42.2	HERVL-int	chr1	232196552	232201638	-	turquoise
HERVL_1q43a	HERVL-int	chr1	239038978	239040583	+	turquoise
HERVL_1q43b	HERVL-int	chr1	242861903	242865121	+	turquoise
HERVL_1q44	HERVL-int	chr1	247705022	247710327	-	turquoise
HERVL_20p11.21	HERVL-int	chr20	24019390	24021424	+	turquoise
HERVL_20p13	HERVL-int	chr20	1156900	1158193	-	turquoise
HERVL_20q13.12	HERVL-int	chr20	45139878	45142975	-	turquoise
HERVL_21p11.2	HERVL-int	chr21	8703256	8706715	-	turquoise
HERVL_21q11.2	HERVL-int	chr21	13323434	13329898	-	turquoise
HERVL_21q21.1a	HERVL-int	chr21	15576516	15583085	+	turquoise
HERVL_21q21.1b	HERVL-int	chr21	15633992	15637297	-	turquoise
HERVL_21q21.1c	HERVL-int	chr21	17339489	17342978	-	turquoise
HERVL_21q21.1d	HERVL-int	chr21	18808434	18809750	+	turquoise
HERVL_21q21.1e	HERVL-int	chr21	20102058	20104865	+	turquoise
HERVL_21q21.1f	HERVL-int	chr21	22011484	22018238	-	turquoise
HERVL_21q21.3a	HERVL-int	chr21	27051910	27059110	+	turquoise
HERVL_21q21.3b	HERVL-int	chr21	27316674	27320573	-	turquoise
HERVL_21q21.3c	HERVL-int	chr21	27409512	27411536	-	turquoise
HERVL_21q21.3d	HERVL-int	chr21	28027247	28029958	+	turquoise
HERVL_21q21.3e	HERVL-int	chr21	28037098	28040885	-	turquoise
HERVL_21q21.3f	HERVL-int	chr21	28217652	28220519	-	turquoise
HERVL_21q21.3g	HERVL-int	chr21	28300934	28307279	+	turquoise
HERVL_21q21.3h	HERVL-int	chr21	28850730	28854926	-	turquoise
HERVL_21q21.3i	HERVL-int	chr21	28860058	28863503	+	turquoise
HERVL_21q22.12a	HERVL-int	chr21	35432115	35434686	-	turquoise
HERVL_21q22.12b	HERVL-int	chr21	35962624	35966236	-	turquoise
HERVL_21q22.2	HERVL-int	chr21	41189736	41194314	-	turquoise
HERVL_22p11.2	HERVL-int	chr22	10680698	10684708	-	turquoise
HERVL_22q11.1a	HERVL-int	chr22	16899227	16903241	-	turquoise
HERVL_22q11.1b	HERVL-int	chr22	16935684	16941229	-	turquoise
HERVL_22q11.22a	HERVL-int	chr22	22384866	22389982	-	turquoise
HERVL_22q11.22b	HERVL-int	chr22	22436423	22438613	-	turquoise
HERVL_22q12.3a	HERVL-int	chr22	32757105	32758743	+	turquoise
HERVL_22q12.3b	HERVL-int	chr22	34518823	34521872	+	turquoise
HERVL_22q13.31	HERVL-int	chr22	45555207	45562120	-	turquoise
HERVL_2p11.1a	HERVL-int	chr2	91819227	91823296	+	turquoise
HERVL_2p11.1b	HERVL-int	chr2	92029468	92033543	-	turquoise
HERVL_2p11.2a	HERVL-int	chr2	83159688	83162723	-	turquoise
HERVL_2p11.2b	HERVL-int	chr2	88581793	88582614	+	turquoise
HERVL_2p12a	HERVL-int	chr2	75392317	75397169	-	turquoise
HERVL_2p12d	HERVL-int	chr2	80175594	80182524	-	turquoise
HERVL_2p12e	HERVL-int	chr2	81710634	81713680	-	turquoise
HERVL_2p16.1	HERVL-int	chr2	56616914	56624016	+	turquoise
HERVL_2p16.2	HERVL-int	chr2	52649482	52656060	-	turquoise
HERVL_2p16.3a	HERVL-int	chr2	49542610	49549244	-	turquoise
HERVL_2p16.3b	HERVL-int	chr2	51120766	51122489	+	turquoise
HERVL_2p16.3c	HERVL-int	chr2	51611796	51614555	-	turquoise
HERVL_2p16.3d	HERVL-int	chr2	51946369	51948478	-	turquoise
HERVL_2p22.1a	HERVL-int	chr2	39958235	39965503	-	turquoise
HERVL_2p22.1b	HERVL-int	chr2	41268984	41270406	+	turquoise
HERVL_2p23.3	HERVL-int	chr2	24988054	24990691	+	turquoise
HERVL_2p24.2a	HERVL-int	chr2	16747949	16754409	-	turquoise
HERVL_2p24.2b	HERVL-int	chr2	16902202	16906295	-	turquoise
HERVL_2p24.2c	HERVL-int	chr2	16912216	16916290	+	turquoise
HERVL_2p24.2d	HERVL-int	chr2	18878252	18882590	+	turquoise
HERVL_2p25.1	HERVL-int	chr2	7296146	7298780	-	turquoise
HERVL_2p25.2	HERVL-int	chr2	4484113	4490647	-	turquoise
HERVL_2p25.3a	HERVL-int	chr2	1284963	1286863	-	turquoise
HERVL_2p25.3b	HERVL-int	chr2	2676664	2679681	+	turquoise
HERVL_2p25.3c	HERVL-int	chr2	4056768	4063326	+	turquoise
HERVL_2q11.1	HERVL-int	chr2	94260048	94264073	-	turquoise
HERVL_2q11.2	HERVL-int	chr2	100712063	100717660	+	turquoise
HERVL_2q12.1a	HERVL-int	chr2	102908553	102915165	-	turquoise
HERVL_2q12.1b	HERVL-int	chr2	104587419	104593985	-	turquoise
HERVL_2q12.3	HERVL-int	chr2	106913396	106918092	+	turquoise
HERVL_2q14.1	HERVL-int	chr2	114311239	114317016	+	turquoise
HERVL_2q14.3a	HERVL-int	chr2	123496310	123500363	-	turquoise
HERVL_2q14.3b	HERVL-int	chr2	125658411	125661002	+	turquoise
HERVL_2q14.3c	HERVL-int	chr2	125884984	125891050	-	turquoise
HERVL_2q14.3d	HERVL-int	chr2	126070820	126080209	+	turquoise
HERVL_2q14.3e	HERVL-int	chr2	126095650	126098350	+	turquoise
HERVL_2q14.3f	HERVL-int	chr2	126645902	126652426	-	turquoise
HERVL_2q22.1a	HERVL-int	chr2	137514142	137518957	+	turquoise
HERVL_2q22.1b	HERVL-int	chr2	137719909	137721744	+	turquoise
HERVL_2q22.1c	HERVL-int	chr2	139208198	139215001	+	turquoise
HERVL_2q22.3a	HERVL-int	chr2	145093040	145094341	-	turquoise
HERVL_2q22.3b	HERVL-int	chr2	146542872	146549807	-	turquoise
HERVL_2q22.3c	HERVL-int	chr2	146774662	146781362	+	turquoise
HERVL_2q23.3	HERVL-int	chr2	150829936	150836450	-	turquoise
HERVL_2q24.1	HERVL-int	chr2	154110239	154117302	-	turquoise
HERVL_2q24.3a	HERVL-int	chr2	164171803	164177223	-	turquoise
HERVL_2q24.3b	HERVL-int	chr2	164866069	164867487	+	turquoise
HERVL_2q32.1a	HERVL-int	chr2	182389638	182396841	+	turquoise
HERVL_2q32.1b	HERVL-int	chr2	182573805	182575634	-	turquoise
HERVL_2q32.1c	HERVL-int	chr2	184558907	184562855	+	turquoise
HERVL_2q32.1d	HERVL-int	chr2	185360423	185366274	-	turquoise
HERVL_2q32.1e	HERVL-int	chr2	186409559	186415438	-	turquoise
HERVL_2q32.1f	HERVL-int	chr2	187178291	187184613	-	turquoise
HERVL_2q32.1g	HERVL-int	chr2	187200359	187205857	-	turquoise
HERVL_2q32.1h	HERVL-int	chr2	187225684	187227274	+	turquoise
HERVL_2q32.1i	HERVL-int	chr2	187283756	187285839	-	turquoise
HERVL_2q32.1j	HERVL-int	chr2	188410656	188412104	-	turquoise
HERVL_2q32.2a	HERVL-int	chr2	188801605	188804800	+	turquoise
HERVL_2q32.2b	HERVL-int	chr2	188904384	188910883	-	turquoise
HERVL_2q32.3	HERVL-int	chr2	192488401	192490663	-	turquoise
HERVL_2q33.3	HERVL-int	chr2	206741315	206743177	+	turquoise
HERVL_2q34a	HERVL-int	chr2	211135601	211141020	+	turquoise
HERVL_2q34b	HERVL-int	chr2	212440123	212446678	+	turquoise
HERVL_2q34c	HERVL-int	chr2	213377837	213381302	-	turquoise
HERVL_2q34d	HERVL-int	chr2	213468740	213474965	-	turquoise
HERVL_2q35a	HERVL-int	chr2	220536825	220543740	-	turquoise
HERVL_2q35b	HERVL-int	chr2	220605039	220606860	-	turquoise
HERVL_2q36.1a	HERVL-int	chr2	222434926	222439361	-	turquoise
HERVL_2q36.1b	HERVL-int	chr2	223295924	223302936	+	turquoise
HERVL_2q37.1	HERVL-int	chr2	230119588	230123285	+	turquoise
HERVL_2q37.3	HERVL-int	chr2	237243439	237247012	-	turquoise
HERVL_3p12.1a	HERVL-int	chr3	83552394	83553856	-	turquoise
HERVL_3p12.1b	HERVL-int	chr3	84465713	84472282	+	turquoise
HERVL_3p12.1c	HERVL-int	chr3	86444973	86447201	+	turquoise
HERVL_3p12.2b	HERVL-int	chr3	82758294	82763332	+	turquoise
HERVL_3p12.3	HERVL-int	chr3	77731061	77737070	-	turquoise
HERVL_3p13a	HERVL-int	chr3	69976601	69983100	+	turquoise
HERVL_3p13b	HERVL-int	chr3	71979900	71983185	-	turquoise
HERVL_3p14.1a	HERVL-int	chr3	67833950	67838437	+	turquoise
HERVL_3p14.1b	HERVL-int	chr3	68439359	68442002	+	turquoise
HERVL_3p14.3	HERVL-int	chr3	55260344	55264254	+	turquoise
HERVL_3p21.2	HERVL-int	chr3	51126962	51133823	-	turquoise
HERVL_3p21.31a	HERVL-int	chr3	46813334	46816554	-	turquoise
HERVL_3p21.31b	HERVL-int	chr3	48003689	48011040	+	turquoise
HERVL_3p22.3b	HERVL-int	chr3	35043080	35044731	-	turquoise
HERVL_3p22.3c	HERVL-int	chr3	35141404	35143062	-	turquoise
HERVL_3p24.1	HERVL-int	chr3	28438982	28445253	-	turquoise
HERVL_3p24.3a	HERVL-int	chr3	17590046	17595278	+	turquoise
HERVL_3p24.3b	HERVL-int	chr3	18520245	18522067	+	turquoise
HERVL_3p24.3c	HERVL-int	chr3	18941802	18946177	+	turquoise
HERVL_3p24.3d	HERVL-int	chr3	22023929	22030341	+	turquoise
HERVL_3p24.3e	HERVL-int	chr3	22516230	22518002	+	turquoise
HERVL_3p24.3f	HERVL-int	chr3	20871639	20877490	-	turquoise
HERVL_3p26.1a	HERVL-int	chr3	4127291	4133860	+	turquoise
HERVL_3p26.1b	HERVL-int	chr3	6008607	6016090	+	turquoise
HERVL_3p26.2	HERVL-int	chr3	3828106	3835001	-	turquoise
HERVL_3p26.3a	HERVL-int	chr3	440359	446863	-	turquoise
HERVL_3p26.3b	HERVL-int	chr3	983746	988656	-	turquoise
HERVL_3p26.3c	HERVL-int	chr3	1921268	1926923	+	turquoise
HERVL_3q11.1	HERVL-int	chr3	91353731	91356452	-	turquoise
HERVL_3q11.2a	HERVL-int	chr3	94886367	94889689	+	turquoise
HERVL_3q11.2b	HERVL-int	chr3	97773026	97775656	-	turquoise
HERVL_3q11.2c	HERVL-int	chr3	94729719	94732825	-	turquoise
HERVL_3q12.1a	HERVL-int	chr3	98629266	98632313	-	turquoise
HERVL_3q12.1b	HERVL-int	chr3	99260466	99264067	-	turquoise
HERVL_3q12.1c	HERVL-int	chr3	100237370	100243393	+	turquoise
HERVL_3q13.11a	HERVL-int	chr3	103278519	103284484	-	turquoise
HERVL_3q13.11b	HERVL-int	chr3	103594502	103601017	-	turquoise
HERVL_3q13.11c	HERVL-int	chr3	104449680	104451039	-	turquoise
HERVL_3q13.11d	HERVL-int	chr3	105601061	105607582	-	turquoise
HERVL_3q13.11e	HERVL-int	chr3	106358497	106360221	+	turquoise
HERVL_3q13.13a	HERVL-int	chr3	109774515	109780949	-	turquoise
HERVL_3q13.2	HERVL-int	chr3	112694118	112700907	+	turquoise
HERVL_3q13.31	HERVL-int	chr3	116572122	116578479	+	turquoise
HERVL_3q13.32	HERVL-int	chr3	118358463	118364569	-	turquoise
HERVL_3q21.2	HERVL-int	chr3	125615135	125619322	+	turquoise
HERVL_3q21.3	HERVL-int	chr3	128825110	128828475	-	turquoise
HERVL_3q24a	HERVL-int	chr3	143920588	143924620	-	turquoise
HERVL_3q24b	HERVL-int	chr3	144204007	144210621	-	turquoise
HERVL_3q24c	HERVL-int	chr3	144504509	144506623	-	turquoise
HERVL_3q24e	HERVL-int	chr3	146936983	146940451	+	turquoise
HERVL_3q24f	HERVL-int	chr3	147719506	147725815	+	turquoise
HERVL_3q24g	HERVL-int	chr3	148128358	148135351	+	turquoise
HERVL_3q24h	HERVL-int	chr3	145514661	145518320	+	turquoise
HERVL_3q25.1	HERVL-int	chr3	151419191	151421384	-	turquoise
HERVL_3q25.2	HERVL-int	chr3	153472878	153474140	+	turquoise
HERVL_3q25.32	HERVL-int	chr3	157394741	157398992	-	turquoise
HERVL_3q25.33	HERVL-int	chr3	159316147	159319240	-	turquoise
HERVL_3q26.1a	HERVL-int	chr3	162635173	162638640	-	turquoise
HERVL_3q26.1b	HERVL-int	chr3	163423163	163426281	-	turquoise
HERVL_3q26.1c	HERVL-int	chr3	163637962	163639404	-	turquoise
HERVL_3q26.1d	HERVL-int	chr3	163916202	163918587	+	turquoise
HERVL_3q26.1e	HERVL-int	chr3	165530215	165532275	-	turquoise
HERVL_3q26.1f	HERVL-int	chr3	165997809	166003219	-	turquoise
HERVL_3q26.1g	HERVL-int	chr3	166347356	166353485	-	turquoise
HERVL_3q26.1h	HERVL-int	chr3	166886803	166889941	-	turquoise
HERVL_3q26.1i	HERVL-int	chr3	166987952	166990625	-	turquoise
HERVL_3q26.31a	HERVL-int	chr3	174395588	174397705	+	turquoise
HERVL_3q26.31b	HERVL-int	chr3	174882919	174886520	-	turquoise
HERVL_3q26.31c	HERVL-int	chr3	175528123	175534485	-	turquoise
HERVL_3q26.33	HERVL-int	chr3	179994615	180001424	+	turquoise
HERVL_3q27.1	HERVL-int	chr3	183243288	183244200	-	turquoise
HERVL_3q28a	HERVL-int	chr3	190249382	190251109	-	turquoise
HERVL_3q28b	HERVL-int	chr3	191308281	191311395	-	turquoise
HERVL_3q29	HERVL-int	chr3	193922960	193928783	+	turquoise
HERVL_4p12a	HERVL-int	chr4	46156611	46159875	+	turquoise
HERVL_4p12b	HERVL-int	chr4	46291379	46297476	+	turquoise
HERVL_4p12c	HERVL-int	chr4	46485515	46490651	+	turquoise
HERVL_4p12d	HERVL-int	chr4	46518016	46523035	-	turquoise
HERVL_4p12e	HERVL-int	chr4	46523144	46525077	-	turquoise
HERVL_4p12f	HERVL-int	chr4	46636947	46641369	-	turquoise
HERVL_4p13a	HERVL-int	chr4	42526339	42531440	+	turquoise
HERVL_4p13b	HERVL-int	chr4	43445338	43450696	-	turquoise
HERVL_4p14a	HERVL-int	chr4	36611545	36614500	+	turquoise
HERVL_4p14b	HERVL-int	chr4	36714492	36720966	-	turquoise
HERVL_4p15.1b	HERVL-int	chr4	29784304	29786709	-	turquoise
HERVL_4p15.1c	HERVL-int	chr4	31501329	31507892	+	turquoise
HERVL_4p15.1d	HERVL-int	chr4	32059951	32063699	-	turquoise
HERVL_4p15.1e	HERVL-int	chr4	33730233	33736923	-	turquoise
HERVL_4p15.1f	HERVL-int	chr4	35338847	35345600	+	turquoise
HERVL_4p15.2a	HERVL-int	chr4	22340526	22342142	+	turquoise
HERVL_4p15.2b	HERVL-int	chr4	23463593	23470134	-	turquoise
HERVL_4p15.2c	HERVL-int	chr4	23760759	23763262	+	turquoise
HERVL_4p15.31a	HERVL-int	chr4	17921652	17926749	+	turquoise
HERVL_4p15.31b	HERVL-int	chr4	18107107	18109100	-	turquoise
HERVL_4p15.31c	HERVL-int	chr4	18782820	18784419	+	turquoise
HERVL_4p15.31d	HERVL-int	chr4	19088180	19089954	+	turquoise
HERVL_4p15.33	HERVL-int	chr4	12386687	12389960	-	turquoise
HERVL_4p16.3a	HERVL-int	chr4	2737628	2741531	+	turquoise
HERVL_4p16.3b	HERVL-int	chr4	3453754	3460384	+	turquoise
HERVL_4q13.1a	HERVL-int	chr4	59541765	59546394	-	turquoise
HERVL_4q13.1b	HERVL-int	chr4	59909021	59915791	+	turquoise
HERVL_4q13.1c	HERVL-int	chr4	62161515	62167059	+	turquoise
HERVL_4q13.1d	HERVL-int	chr4	62417950	62424697	-	turquoise
HERVL_4q13.1e	HERVL-int	chr4	63564437	63573316	+	turquoise
HERVL_4q13.1f	HERVL-int	chr4	64672072	64678541	-	turquoise
HERVL_4q13.2a	HERVL-int	chr4	65807728	65815681	+	turquoise
HERVL_4q13.2b	HERVL-int	chr4	66086661	66092487	-	turquoise
HERVL_4q13.3a	HERVL-int	chr4	69527809	69535088	+	turquoise
HERVL_4q13.3b	HERVL-int	chr4	73764648	73768896	-	turquoise
HERVL_4q21.1	HERVL-int	chr4	77362928	77365788	-	turquoise
HERVL_4q21.21	HERVL-int	chr4	80174515	80180735	-	turquoise
HERVL_4q22.1a	HERVL-int	chr4	91888713	91894977	+	turquoise
HERVL_4q22.1b	HERVL-int	chr4	92519615	92520954	-	turquoise
HERVL_4q22.2	HERVL-int	chr4	94152117	94159527	+	turquoise
HERVL_4q22.3a	HERVL-int	chr4	96925105	96930978	+	turquoise
HERVL_4q22.3b	HERVL-int	chr4	97379684	97385020	+	turquoise
HERVL_4q22.3c	HERVL-int	chr4	97698128	97704229	-	turquoise
HERVL_4q23b	HERVL-int	chr4	99196812	99199104	-	turquoise
HERVL_4q23c	HERVL-int	chr4	100027062	100033620	-	turquoise
HERVL_4q24a	HERVL-int	chr4	101615062	101620297	-	turquoise
HERVL_4q24c	HERVL-int	chr4	102394255	102397381	+	turquoise
HERVL_4q24d	HERVL-int	chr4	102741898	102747566	-	turquoise
HERVL_4q25a	HERVL-int	chr4	107722789	107731396	-	turquoise
HERVL_4q25b	HERVL-int	chr4	112464890	112469114	-	turquoise
HERVL_4q26a	HERVL-int	chr4	113924122	113930536	-	turquoise
HERVL_4q26b	HERVL-int	chr4	114747480	114751775	+	turquoise
HERVL_4q26c	HERVL-int	chr4	115458253	115460478	-	turquoise
HERVL_4q26d	HERVL-int	chr4	116262653	116266856	+	turquoise
HERVL_4q26e	HERVL-int	chr4	117146073	117147715	+	turquoise
HERVL_4q27	HERVL-int	chr4	121512501	121514294	-	turquoise
HERVL_4q28.1a	HERVL-int	chr4	124471075	124477064	+	turquoise
HERVL_4q28.1b	HERVL-int	chr4	126059255	126066569	-	turquoise
HERVL_4q28.1c	HERVL-int	chr4	126186191	126193866	-	turquoise
HERVL_4q28.2	HERVL-int	chr4	128442399	128444049	+	turquoise
HERVL_4q28.3a	HERVL-int	chr4	132084194	132094327	-	turquoise
HERVL_4q28.3b	HERVL-int	chr4	132110529	132114957	-	turquoise
HERVL_4q28.3c	HERVL-int	chr4	132351062	132357402	-	turquoise
HERVL_4q28.3d	HERVL-int	chr4	133603940	133609118	-	turquoise
HERVL_4q28.3e	HERVL-int	chr4	133825042	133826770	+	turquoise
HERVL_4q28.3f	HERVL-int	chr4	135035959	135042814	+	turquoise
HERVL_4q28.3g	HERVL-int	chr4	135205875	135208999	+	turquoise
HERVL_4q28.3h	HERVL-int	chr4	135403948	135405859	+	turquoise
HERVL_4q28.3i	HERVL-int	chr4	135412501	135417188	+	turquoise
HERVL_4q28.3j	HERVL-int	chr4	136138010	136139777	+	turquoise
HERVL_4q31.1	HERVL-int	chr4	139442392	139449816	+	turquoise
HERVL_4q31.21a	HERVL-int	chr4	144915445	144916512	-	turquoise
HERVL_4q31.21b	HERVL-int	chr4	145028090	145034711	+	turquoise
HERVL_4q31.22	HERVL-int	chr4	146536314	146538445	-	turquoise
HERVL_4q31.23a	HERVL-int	chr4	149038742	149046697	+	turquoise
HERVL_4q31.23b	HERVL-int	chr4	149514675	149518006	+	turquoise
HERVL_4q32.1a	HERVL-int	chr4	155921533	155922738	-	turquoise
HERVL_4q32.1b	HERVL-int	chr4	156488654	156492314	+	turquoise
HERVL_4q32.1c	HERVL-int	chr4	157404175	157408193	-	turquoise
HERVL_4q32.1d	HERVL-int	chr4	157730287	157734156	-	turquoise
HERVL_4q32.1e	HERVL-int	chr4	160112602	160119438	+	turquoise
HERVL_4q32.1f	HERVL-int	chr4	160270612	160276262	+	turquoise
HERVL_4q32.2	HERVL-int	chr4	162754368	162758079	+	turquoise
HERVL_4q32.3a	HERVL-int	chr4	164688412	164692541	+	turquoise
HERVL_4q32.3b	HERVL-int	chr4	165124589	165127909	+	turquoise
HERVL_4q32.3c	HERVL-int	chr4	166705636	166706841	+	turquoise
HERVL_4q33a	HERVL-int	chr4	169316551	169318145	+	turquoise
HERVL_4q33b	HERVL-int	chr4	169323856	169327642	+	turquoise
HERVL_4q34.1a	HERVL-int	chr4	171721074	171722694	-	turquoise
HERVL_4q34.1b	HERVL-int	chr4	174874958	174876690	-	turquoise
HERVL_4q34.1c	HERVL-int	chr4	174979197	174982832	-	turquoise
HERVL_4q34.1d	HERVL-int	chr4	174990601	174993529	-	turquoise
HERVL_4q34.3a	HERVL-int	chr4	179260385	179262165	+	turquoise
HERVL_4q34.3b	HERVL-int	chr4	179299455	179300557	-	turquoise
HERVL_4q35.2	HERVL-int	chr4	186218743	186220390	-	turquoise
HERVL_5p13.1a	HERVL-int	chr5	39971679	39976803	-	turquoise
HERVL_5p13.1b	HERVL-int	chr5	41659381	41665513	-	turquoise
HERVL_5p13.1c	HERVL-int	chr5	41993581	41999956	-	turquoise
HERVL_5p13.2a	HERVL-int	chr5	34378549	34383052	+	turquoise
HERVL_5p13.2b	HERVL-int	chr5	34560551	34562165	-	turquoise
HERVL_5p13.2c	HERVL-int	chr5	37264509	37271987	-	turquoise
HERVL_5p13.2d	HERVL-int	chr5	37793305	37798236	+	turquoise
HERVL_5p13.3a	HERVL-int	chr5	28971115	28975134	-	turquoise
HERVL_5p13.3b	HERVL-int	chr5	32287158	32293609	+	turquoise
HERVL_5p14.1a	HERVL-int	chr5	25401994	25403720	+	turquoise
HERVL_5p14.1b	HERVL-int	chr5	26103881	26107744	-	turquoise
HERVL_5p14.1c	HERVL-int	chr5	26398325	26405152	-	turquoise
HERVL_5p14.1d	HERVL-int	chr5	26560812	26564097	+	turquoise
HERVL_5p14.1e	HERVL-int	chr5	26768814	26775626	+	turquoise
HERVL_5p14.1f	HERVL-int	chr5	27514122	27520676	-	turquoise
HERVL_5p14.1g	HERVL-int	chr5	27630581	27636850	-	turquoise
HERVL_5p14.1h	HERVL-int	chr5	27897474	27904021	+	turquoise
HERVL_5p14.1i	HERVL-int	chr5	28122396	28124716	-	turquoise
HERVL_5p14.1j	HERVL-int	chr5	28445761	28450926	+	turquoise
HERVL_5p14.1k	HERVL-int	chr5	28504955	28510804	-	turquoise
HERVL_5p14.2	HERVL-int	chr5	23804138	23807835	+	turquoise
HERVL_5p14.3a	HERVL-int	chr5	18746584	18751737	+	turquoise
HERVL_5p14.3b	HERVL-int	chr5	19755387	19761567	-	turquoise
HERVL_5p14.3c	HERVL-int	chr5	20341120	20343479	+	turquoise
HERVL_5p14.3d	HERVL-int	chr5	20820918	20825424	-	turquoise
HERVL_5p14.3e	HERVL-int	chr5	21859468	21860986	+	turquoise
HERVL_5p15.1a	HERVL-int	chr5	15058114	15064463	+	turquoise
HERVL_5p15.1b	HERVL-int	chr5	18294466	18297248	-	turquoise
HERVL_5p15.1c	HERVL-int	chr5	18274724	18277386	+	turquoise
HERVL_5p15.2a	HERVL-int	chr5	10716384	10720094	+	turquoise
HERVL_5p15.2b	HERVL-int	chr5	10720111	10722498	+	turquoise
HERVL_5p15.2d	HERVL-int	chr5	12915818	12921395	-	turquoise
HERVL_5p15.2e	HERVL-int	chr5	13147650	13149920	-	turquoise
HERVL_5p15.2f	HERVL-int	chr5	13195693	13201914	+	turquoise
HERVL_5p15.31	HERVL-int	chr5	8738343	8740271	-	turquoise
HERVL_5p15.32a	HERVL-int	chr5	4458896	4465816	+	turquoise
HERVL_5p15.32b	HERVL-int	chr5	5090379	5091825	-	turquoise
HERVL_5p15.32c	HERVL-int	chr5	6150507	6153488	-	turquoise
HERVL_5p15.33a	HERVL-int	chr5	2243576	2246102	+	turquoise
HERVL_5p15.33c	HERVL-int	chr5	3947660	3954207	-	turquoise
HERVL_5q12.1a	HERVL-int	chr5	61908053	61913030	-	turquoise
HERVL_5q12.1b	HERVL-int	chr5	62102349	62108693	+	turquoise
HERVL_5q12.3	HERVL-int	chr5	65486807	65491213	-	turquoise
HERVL_5q13.2	HERVL-int	chr5	71896433	71902695	+	turquoise
HERVL_5q13.3	HERVL-int	chr5	74785888	74792672	+	turquoise
HERVL_5q14.3a	HERVL-int	chr5	84846253	84850359	+	turquoise
HERVL_5q14.3b	HERVL-int	chr5	85244688	85251252	-	turquoise
HERVL_5q14.3c	HERVL-int	chr5	86454741	86460142	+	turquoise
HERVL_5q14.3d	HERVL-int	chr5	86465708	86468278	+	turquoise
HERVL_5q14.3e	HERVL-int	chr5	87047284	87051798	-	turquoise
HERVL_5q14.3f	HERVL-int	chr5	87589074	87595553	-	turquoise
HERVL_5q14.3g	HERVL-int	chr5	92060113	92065277	+	turquoise
HERVL_5q14.3h	HERVL-int	chr5	92215209	92221650	+	turquoise
HERVL_5q15	HERVL-int	chr5	98029190	98035725	-	turquoise
HERVL_5q21.1	HERVL-int	chr5	101954496	101955931	-	turquoise
HERVL_5q21.2a	HERVL-int	chr5	104864533	104867738	+	turquoise
HERVL_5q21.2b	HERVL-int	chr5	104870810	104872029	+	turquoise
HERVL_5q21.3a	HERVL-int	chr5	105112297	105115549	-	turquoise
HERVL_5q21.3b	HERVL-int	chr5	105993649	105996243	+	turquoise
HERVL_5q21.3c	HERVL-int	chr5	106561148	106564105	+	turquoise
HERVL_5q21.3d	HERVL-int	chr5	106912744	106919416	-	turquoise
HERVL_5q21.3e	HERVL-int	chr5	108231501	108232851	+	turquoise
HERVL_5q22.1a	HERVL-int	chr5	110204112	110209648	-	turquoise
HERVL_5q22.1b	HERVL-int	chr5	110315112	110317640	-	turquoise
HERVL_5q22.1c	HERVL-int	chr5	112041296	112047517	-	turquoise
HERVL_5q22.3	HERVL-int	chr5	115724655	115731535	-	turquoise
HERVL_5q23.1a	HERVL-int	chr5	118566981	118570739	+	turquoise
HERVL_5q23.1b	HERVL-int	chr5	120209518	120216569	-	turquoise
HERVL_5q23.1c	HERVL-int	chr5	121542884	121544611	+	turquoise
HERVL_5q23.2a	HERVL-int	chr5	122970923	122975074	-	turquoise
HERVL_5q23.2b	HERVL-int	chr5	127673990	127680496	+	turquoise
HERVL_5q23.3	HERVL-int	chr5	128630773	128635906	-	turquoise
HERVL_5q31.3a	HERVL-int	chr5	140905775	140910008	-	turquoise
HERVL_5q31.3b	HERVL-int	chr5	140910078	140912336	-	turquoise
HERVL_5q33.1a	HERVL-int	chr5	150872210	150877598	+	turquoise
HERVL_5q33.1b	HERVL-int	chr5	152624006	152625743	+	turquoise
HERVL_5q33.3	HERVL-int	chr5	159233488	159238427	-	turquoise
HERVL_5q34a	HERVL-int	chr5	160990223	160999275	+	turquoise
HERVL_5q34b	HERVL-int	chr5	162029523	162030822	+	turquoise
HERVL_5q34c	HERVL-int	chr5	164827238	164831132	+	turquoise
HERVL_5q35.1	HERVL-int	chr5	169444070	169446842	+	turquoise
HERVL_6p11.2	HERVL-int	chr6	57664143	57666573	+	turquoise
HERVL_6p12.1	HERVL-int	chr6	55624104	55627881	+	turquoise
HERVL_6p12.3a	HERVL-int	chr6	47175690	47182207	-	turquoise
HERVL_6p12.3b	HERVL-int	chr6	49439021	49440123	-	turquoise
HERVL_6p12.3c	HERVL-int	chr6	50356594	50359102	+	turquoise
HERVL_6p12.3d	HERVL-int	chr6	51051785	51058810	+	turquoise
HERVL_6p21.33a	HERVL-int	chr6	30966374	30971833	+	turquoise
HERVL_6p21.33b	HERVL-int	chr6	31429886	31436004	+	turquoise
HERVL_6p22.1	HERVL-int	chr6	27634032	27636313	-	turquoise
HERVL_6p22.3a	HERVL-int	chr6	19401579	19406907	-	turquoise
HERVL_6p22.3b	HERVL-int	chr6	23155783	23160438	+	turquoise
HERVL_6p24.3a	HERVL-int	chr6	8403268	8409888	-	turquoise
HERVL_6p24.3b	HERVL-int	chr6	9146719	9153053	+	turquoise
HERVL_6p24.3c	HERVL-int	chr6	9549336	9551824	+	turquoise
HERVL_6p25.2	HERVL-int	chr6	2303028	2307570	+	turquoise
HERVL_6q11.1a	HERVL-int	chr6	60562941	60565366	+	turquoise
HERVL_6q11.1b	HERVL-int	chr6	62118534	62122755	+	turquoise
HERVL_6q11.2	HERVL-int	chr6	62649160	62650315	+	turquoise
HERVL_6q12a	HERVL-int	chr6	63132340	63138823	-	turquoise
HERVL_6q12b	HERVL-int	chr6	66605123	66607729	-	turquoise
HERVL_6q12c	HERVL-int	chr6	68133929	68141347	-	turquoise
HERVL_6q12d	HERVL-int	chr6	68353208	68355649	-	turquoise
HERVL_6q12e	HERVL-int	chr6	68603038	68609733	+	turquoise
HERVL_6q13a	HERVL-int	chr6	69205969	69210558	-	turquoise
HERVL_6q13b	HERVL-int	chr6	72187820	72193007	-	turquoise
HERVL_6q13c	HERVL-int	chr6	74146270	74147744	-	turquoise
HERVL_6q13d	HERVL-int	chr6	74536730	74543402	+	turquoise
HERVL_6q13e	HERVL-int	chr6	74555533	74560563	-	turquoise
HERVL_6q13f	HERVL-int	chr6	74560564	74562305	+	turquoise
HERVL_6q14.1a	HERVL-int	chr6	77234985	77239787	+	turquoise
HERVL_6q14.1b	HERVL-int	chr6	77591531	77597490	-	turquoise
HERVL_6q14.1c	HERVL-int	chr6	78098970	78100473	-	turquoise
HERVL_6q14.1d	HERVL-int	chr6	80384055	80391236	+	turquoise
HERVL_6q14.1e	HERVL-int	chr6	81883049	81889558	-	turquoise
HERVL_6q14.1f	HERVL-int	chr6	83010538	83017105	-	turquoise
HERVL_6q14.2	HERVL-int	chr6	83357517	83364446	+	turquoise
HERVL_6q15	HERVL-int	chr6	91362321	91364772	+	turquoise
HERVL_6q16.1a	HERVL-int	chr6	93660605	93667860	+	turquoise
HERVL_6q16.1c	HERVL-int	chr6	98166615	98173383	+	turquoise
HERVL_6q16.3a	HERVL-int	chr6	102870322	102877478	+	turquoise
HERVL_6q16.3b	HERVL-int	chr6	104079207	104085494	+	turquoise
HERVL_6q21a	HERVL-int	chr6	105216165	105223201	-	turquoise
HERVL_6q21b	HERVL-int	chr6	109849277	109852558	+	turquoise
HERVL_6q21c	HERVL-int	chr6	111916163	111917846	-	turquoise
HERVL_6q22.31a	HERVL-int	chr6	120505957	120509018	-	turquoise
HERVL_6q22.31b	HERVL-int	chr6	121172279	121173445	+	turquoise
HERVL_6q22.31c	HERVL-int	chr6	121191685	121198343	+	turquoise
HERVL_6q22.31d	HERVL-int	chr6	121216004	121217376	+	turquoise
HERVL_6q22.31e	HERVL-int	chr6	121634444	121636191	+	turquoise
HERVL_6q22.31f	HERVL-int	chr6	121636307	121638441	-	turquoise
HERVL_6q22.31g	HERVL-int	chr6	122454582	122455654	+	turquoise
HERVL_6q22.31h	HERVL-int	chr6	122593819	122600432	-	turquoise
HERVL_6q22.31i	HERVL-int	chr6	123793483	123799685	+	turquoise
HERVL_6q22.33a	HERVL-int	chr6	127800528	127802861	+	turquoise
HERVL_6q22.33b	HERVL-int	chr6	129406726	129409946	-	turquoise
HERVL_6q23.2a	HERVL-int	chr6	133269757	133273501	-	turquoise
HERVL_6q23.2b	HERVL-int	chr6	133556992	133562147	-	turquoise
HERVL_6q23.2c	HERVL-int	chr6	133654072	133659489	+	turquoise
HERVL_6q24.1a	HERVL-int	chr6	140329784	140331656	-	turquoise
HERVL_6q24.1b	HERVL-int	chr6	140331735	140336490	-	turquoise
HERVL_6q24.1c	HERVL-int	chr6	140645838	140650333	+	turquoise
HERVL_6q24.1d	HERVL-int	chr6	140689914	140692716	-	turquoise
HERVL_6q24.1e	HERVL-int	chr6	140692782	140696387	-	turquoise
HERVL_6q24.1f	HERVL-int	chr6	141068751	141070459	-	turquoise
HERVL_6q24.1g	HERVL-int	chr6	141654494	141656654	+	turquoise
HERVL_6q24.2a	HERVL-int	chr6	143868226	143872553	-	turquoise
HERVL_6q24.2b	HERVL-int	chr6	143875136	143877035	-	turquoise
HERVL_6q24.3a	HERVL-int	chr6	145569809	145573736	-	turquoise
HERVL_6q24.3b	HERVL-int	chr6	145573799	145575892	-	turquoise
HERVL_6q25.1	HERVL-int	chr6	152037895	152044933	-	turquoise
HERVL_6q25.2	HERVL-int	chr6	153910445	153912970	-	turquoise
HERVL_6q25.3a	HERVL-int	chr6	155603706	155605077	-	turquoise
HERVL_6q25.3b	HERVL-int	chr6	159365714	159371785	-	turquoise
HERVL_6q25.3c	HERVL-int	chr6	160501907	160505582	-	turquoise
HERVL_6q26a	HERVL-int	chr6	160653888	160659200	-	turquoise
HERVL_6q26b	HERVL-int	chr6	163676346	163677775	+	turquoise
HERVL_6q27a	HERVL-int	chr6	164807537	164814293	-	turquoise
HERVL_6q27b	HERVL-int	chr6	165194331	165196960	+	turquoise
HERVL_6q27c	HERVL-int	chr6	165523822	165530340	+	turquoise
HERVL_6q27d	HERVL-int	chr6	167062923	167065286	-	turquoise
HERVL_6q27f	HERVL-int	chr6	168768529	168772680	+	turquoise
HERVL_6q27g	HERVL-int	chr6	169098602	169102174	+	turquoise
HERVL_7p11.2a	HERVL-int	chr7	53905106	53909288	+	turquoise
HERVL_7p11.2b	HERVL-int	chr7	54121735	54128405	-	turquoise
HERVL_7p11.2c	HERVL-int	chr7	54949120	54952858	-	turquoise
HERVL_7p12.1	HERVL-int	chr7	52387645	52391645	+	turquoise
HERVL_7p12.3a	HERVL-int	chr7	45545744	45548737	-	turquoise
HERVL_7p12.3b	HERVL-int	chr7	45549395	45552820	+	turquoise
HERVL_7p13	HERVL-int	chr7	44177920	44182852	+	turquoise
HERVL_7p15.2a	HERVL-int	chr7	26122901	26125681	+	turquoise
HERVL_7p15.2b	HERVL-int	chr7	26996592	27002445	+	turquoise
HERVL_7p21.3a	HERVL-int	chr7	7721759	7728024	+	turquoise
HERVL_7p21.3b	HERVL-int	chr7	9816004	9819013	-	turquoise
HERVL_7p21.3c	HERVL-int	chr7	11593897	11600164	+	turquoise
HERVL_7p22.2	HERVL-int	chr7	4192955	4194878	-	turquoise
HERVL_7q11.21a	HERVL-int	chr7	64401724	64404254	+	turquoise
HERVL_7q11.21b	HERVL-int	chr7	66906390	66912591	-	turquoise
HERVL_7q11.23	HERVL-int	chr7	77870269	77874796	-	turquoise
HERVL_7q21.11a	HERVL-int	chr7	78608844	78610281	-	turquoise
HERVL_7q21.11b	HERVL-int	chr7	80351961	80352857	-	turquoise
HERVL_7q21.11c	HERVL-int	chr7	81276094	81280891	+	turquoise
HERVL_7q21.11d	HERVL-int	chr7	86087739	86094294	+	turquoise
HERVL_7q21.12a	HERVL-int	chr7	87278267	87284832	+	turquoise
HERVL_7q21.12b	HERVL-int	chr7	88380615	88386108	+	turquoise
HERVL_7q21.3	HERVL-int	chr7	96454544	96457944	+	turquoise
HERVL_7q22.2	HERVL-int	chr7	104687991	104691770	+	turquoise
HERVL_7q22.3	HERVL-int	chr7	107732303	107739462	+	turquoise
HERVL_7q31.1a	HERVL-int	chr7	108538301	108540367	+	turquoise
HERVL_7q31.1b	HERVL-int	chr7	108669274	108676787	+	turquoise
HERVL_7q31.1c	HERVL-int	chr7	109790145	109794981	-	turquoise
HERVL_7q31.1d	HERVL-int	chr7	109801141	109802951	-	turquoise
HERVL_7q31.1e	HERVL-int	chr7	110435845	110437557	+	turquoise
HERVL_7q31.1f	HERVL-int	chr7	111064350	111065899	+	turquoise
HERVL_7q31.1g	HERVL-int	chr7	111332877	111333960	+	turquoise
HERVL_7q31.1h	HERVL-int	chr7	114903490	114905954	-	turquoise
HERVL_7q31.2a	HERVL-int	chr7	115522750	115525751	-	turquoise
HERVL_7q31.2b	HERVL-int	chr7	117101232	117101828	-	turquoise
HERVL_7q31.31	HERVL-int	chr7	119184157	119191167	+	turquoise
HERVL_7q31.32	HERVL-int	chr7	122202306	122209105	-	turquoise
HERVL_7q31.33a	HERVL-int	chr7	124614638	124620015	+	turquoise
HERVL_7q31.33b	HERVL-int	chr7	124687445	124690163	+	turquoise
HERVL_7q31.33c	HERVL-int	chr7	125940888	125943076	-	turquoise
HERVL_7q31.33d	HERVL-int	chr7	126649147	126652841	+	turquoise
HERVL_7q31.33e	HERVL-int	chr7	126981922	126983271	-	turquoise
HERVL_7q31.33f	HERVL-int	chr7	126983281	126984721	+	turquoise
HERVL_7q32.1	HERVL-int	chr7	129444201	129450234	-	turquoise
HERVL_7q33a	HERVL-int	chr7	133643147	133644430	-	turquoise
HERVL_7q33b	HERVL-int	chr7	136573297	136579506	-	turquoise
HERVL_7q33c	HERVL-int	chr7	138249437	138255835	+	turquoise
HERVL_7q36.1a	HERVL-int	chr7	148575970	148579927	-	turquoise
HERVL_7q36.1b	HERVL-int	chr7	149051314	149058264	+	turquoise
HERVL_8p12a	HERVL-int	chr8	36463738	36467516	-	turquoise
HERVL_8p12b	HERVL-int	chr8	36529591	36533355	+	turquoise
HERVL_8p21.3	HERVL-int	chr8	21046318	21048372	-	turquoise
HERVL_8p22a	HERVL-int	chr8	13899603	13903736	+	turquoise
HERVL_8p22b	HERVL-int	chr8	18106643	18109297	-	turquoise
HERVL_8p22c	HERVL-int	chr8	18311252	18312611	+	turquoise
HERVL_8q11.21	HERVL-int	chr8	51267511	51269038	-	turquoise
HERVL_8q11.23a	HERVL-int	chr8	52527895	52531297	+	turquoise
HERVL_8q11.23b	HERVL-int	chr8	52568065	52571470	-	turquoise
HERVL_8q12.3a	HERVL-int	chr8	63318751	63322088	+	turquoise
HERVL_8q12.3b	HERVL-int	chr8	63326757	63328797	+	turquoise
HERVL_8q12.3c	HERVL-int	chr8	63920510	63926344	+	turquoise
HERVL_8q12.3d	HERVL-int	chr8	64121221	64127799	-	turquoise
HERVL_8q21.11	HERVL-int	chr8	72177226	72179808	+	turquoise
HERVL_8q21.13b	HERVL-int	chr8	76103643	76104972	-	turquoise
HERVL_8q21.13c	HERVL-int	chr8	78155679	78162987	+	turquoise
HERVL_8q21.13d	HERVL-int	chr8	78183721	78187892	-	turquoise
HERVL_8q21.13f	HERVL-int	chr8	83086915	83090915	+	turquoise
HERVL_8q21.2	HERVL-int	chr8	83716901	83718200	+	turquoise
HERVL_8q21.3a	HERVL-int	chr8	88769443	88775883	+	turquoise
HERVL_8q21.3b	HERVL-int	chr8	89448797	89455259	+	turquoise
HERVL_8q21.3c	HERVL-int	chr8	90409675	90416888	-	turquoise
HERVL_8q22.1a	HERVL-int	chr8	92765117	92770386	-	turquoise
HERVL_8q22.1b	HERVL-int	chr8	94296141	94303550	-	turquoise
HERVL_8q22.1c	HERVL-int	chr8	95870616	95872334	-	turquoise
HERVL_8q22.1d	HERVL-int	chr8	96889472	96891692	-	turquoise
HERVL_8q22.2	HERVL-int	chr8	100202983	100209403	+	turquoise
HERVL_8q23.2a	HERVL-int	chr8	109938671	109944934	-	turquoise
HERVL_8q23.2b	HERVL-int	chr8	110880851	110886992	+	turquoise
HERVL_8q23.3a	HERVL-int	chr8	113934319	113941548	-	turquoise
HERVL_8q23.3b	HERVL-int	chr8	116144991	116151531	-	turquoise
HERVL_8q24.22	HERVL-int	chr8	131156923	131161048	-	turquoise
HERVL_8q24.23	HERVL-int	chr8	136522024	136524241	-	turquoise
HERVL_8q24.3a	HERVL-int	chr8	143195432	143196865	+	turquoise
HERVL_8q24.3b	HERVL-int	chr8	144868593	144871050	+	turquoise
HERVL_9p11.1	HERVL-int	chr9	42464635	42472317	+	turquoise
HERVL_9p21.1a	HERVL-int	chr9	28510729	28513083	-	turquoise
HERVL_9p21.1b	HERVL-int	chr9	30087121	30090036	-	turquoise
HERVL_9p21.1d	HERVL-int	chr9	32352869	32355206	-	turquoise
HERVL_9p21.1e	HERVL-int	chr9	32859846	32860940	-	turquoise
HERVL_9p21.2a	HERVL-int	chr9	25626486	25627729	+	turquoise
HERVL_9p21.2b	HERVL-int	chr9	26105098	26111016	+	turquoise
HERVL_9p21.2c	HERVL-int	chr9	27637123	27643901	+	turquoise
HERVL_9p21.3a	HERVL-int	chr9	21846888	21852044	+	turquoise
HERVL_9p21.3b	HERVL-int	chr9	22830491	22834729	+	turquoise
HERVL_9p21.3c	HERVL-int	chr9	25125775	25127237	-	turquoise
HERVL_9p23a	HERVL-int	chr9	10793845	10798390	-	turquoise
HERVL_9p23b	HERVL-int	chr9	10959659	10962281	+	turquoise
HERVL_9p24.1a	HERVL-int	chr9	5738653	5740868	-	turquoise
HERVL_9p24.1b	HERVL-int	chr9	6099162	6105557	+	turquoise
HERVL_9p24.3	HERVL-int	chr9	1623443	1624821	+	turquoise
HERVL_9q11	HERVL-int	chr9	43267871	43270940	-	turquoise
HERVL_9q13a	HERVL-int	chr9	63436050	63440056	-	turquoise
HERVL_9q13b	HERVL-int	chr9	64760038	64764067	-	turquoise
HERVL_9q21.11a	HERVL-int	chr9	65245525	65249540	-	turquoise
HERVL_9q21.13a	HERVL-int	chr9	72486938	72488574	+	turquoise
HERVL_9q21.13b	HERVL-int	chr9	73721450	73723831	+	turquoise
HERVL_9q21.31	HERVL-int	chr9	81268417	81271910	-	turquoise
HERVL_9q21.32	HERVL-int	chr9	83843916	83847951	+	turquoise
HERVL_9q21.33a	HERVL-int	chr9	85370157	85376998	-	turquoise
HERVL_9q21.33b	HERVL-int	chr9	85775592	85779684	-	turquoise
HERVL_9q22.31	HERVL-int	chr9	92352507	92354517	-	turquoise
HERVL_9q22.32	HERVL-int	chr9	93969545	93974319	+	turquoise
HERVL_9q31.1a	HERVL-int	chr9	100074354	100079497	+	turquoise
HERVL_9q31.1b	HERVL-int	chr9	101178021	101180285	+	turquoise
HERVL_9q31.1c	HERVL-int	chr9	102806903	102813464	-	turquoise
HERVL_9q31.2	HERVL-int	chr9	106039982	106044643	-	turquoise
HERVL_9q31.3	HERVL-int	chr9	111090727	111092086	+	turquoise
HERVL_9q32	HERVL-int	chr9	112373201	112376925	-	turquoise
HERVL_9q34.3	HERVL-int	chr9	134924024	134928569	+	turquoise
HERVL_Xp11.21a	HERVL-int	chrX	55614743	55619665	-	turquoise
HERVL_Xp11.21b	HERVL-int	chrX	56668325	56673692	-	turquoise
HERVL_Xp11.21d	HERVL-int	chrX	57041670	57046193	-	turquoise
HERVL_Xp11.21e	HERVL-int	chrX	58046903	58052540	+	turquoise
HERVL_Xp11.23	HERVL-int	chrX	47985710	47987130	+	turquoise
HERVL_Xp11.3a	HERVL-int	chrX	42573054	42574584	+	turquoise
HERVL_Xp11.4	HERVL-int	chrX	38745381	38747020	-	turquoise
HERVL_Xp22.12a	HERVL-int	chrX	20037207	20040353	+	turquoise
HERVL_Xp22.12b	HERVL-int	chrX	20868232	20872282	+	turquoise
HERVL_Xp22.2	HERVL-int	chrX	9809093	9815987	-	turquoise
HERVL_Xp22.31a	HERVL-int	chrX	7974863	7979983	+	turquoise
HERVL_Xq11.1a	HERVL-int	chrX	63309763	63317045	-	turquoise
HERVL_Xq11.1b	HERVL-int	chrX	63626989	63633740	-	turquoise
HERVL_Xq11.2a	HERVL-int	chrX	64450660	64454951	-	turquoise
HERVL_Xq11.2b	HERVL-int	chrX	64626166	64632545	+	turquoise
HERVL_Xq11.2c	HERVL-int	chrX	64737241	64743851	-	turquoise
HERVL_Xq12a	HERVL-int	chrX	66392934	66396953	+	turquoise
HERVL_Xq12b	HERVL-int	chrX	66479824	66487544	-	turquoise
HERVL_Xq12c	HERVL-int	chrX	66534193	66542102	+	turquoise
HERVL_Xq12d	HERVL-int	chrX	67002990	67006544	-	turquoise
HERVL_Xq13.1	HERVL-int	chrX	69865233	69871727	-	turquoise
HERVL_Xq13.2a	HERVL-int	chrX	73044920	73047422	-	turquoise
HERVL_Xq13.2c	HERVL-int	chrX	73165454	73172117	-	turquoise
HERVL_Xq13.3a	HERVL-int	chrX	75392070	75394166	-	turquoise
HERVL_Xq13.3b	HERVL-int	chrX	75470018	75474643	+	turquoise
HERVL_Xq13.3d	HERVL-int	chrX	76511855	76518412	+	turquoise
HERVL_Xq21.1a	HERVL-int	chrX	77121724	77128577	+	turquoise
HERVL_Xq21.1b	HERVL-int	chrX	78173622	78175909	-	turquoise
HERVL_Xq21.1c	HERVL-int	chrX	79736447	79739095	+	turquoise
HERVL_Xq21.1d	HERVL-int	chrX	79848732	79855441	+	turquoise
HERVL_Xq21.1e	HERVL-int	chrX	80522811	80528183	+	turquoise
HERVL_Xq21.1f	HERVL-int	chrX	81437017	81439171	-	turquoise
HERVL_Xq21.1g	HERVL-int	chrX	81615517	81621691	+	turquoise
HERVL_Xq21.1h	HERVL-int	chrX	83172449	83178944	-	turquoise
HERVL_Xq21.2a	HERVL-int	chrX	86306403	86312863	+	turquoise
HERVL_Xq21.2b	HERVL-int	chrX	86410979	86415039	-	turquoise
HERVL_Xq21.2d	HERVL-int	chrX	86871969	86875020	+	turquoise
HERVL_Xq21.2e	HERVL-int	chrX	86900131	86901815	-	turquoise
HERVL_Xq21.31a	HERVL-int	chrX	87222813	87228706	+	turquoise
HERVL_Xq21.31b	HERVL-int	chrX	87237348	87238573	-	turquoise
HERVL_Xq21.31c	HERVL-int	chrX	87349078	87356062	-	turquoise
HERVL_Xq21.31d	HERVL-int	chrX	87876330	87879293	+	turquoise
HERVL_Xq21.31e	HERVL-int	chrX	88156061	88160307	+	turquoise
HERVL_Xq21.31f	HERVL-int	chrX	88830991	88833589	-	turquoise
HERVL_Xq21.31h	HERVL-int	chrX	90630590	90633551	+	turquoise
HERVL_Xq21.31i	HERVL-int	chrX	90694058	90699707	-	turquoise
HERVL_Xq21.31j	HERVL-int	chrX	91058847	91065210	+	turquoise
HERVL_Xq21.31k	HERVL-int	chrX	91346322	91349257	+	turquoise
HERVL_Xq21.31l	HERVL-int	chrX	91899027	91900600	-	turquoise
HERVL_Xq21.32a	HERVL-int	chrX	92727373	92733887	+	turquoise
HERVL_Xq21.32b	HERVL-int	chrX	93957315	93963891	+	turquoise
HERVL_Xq21.33b	HERVL-int	chrX	94553917	94556191	+	turquoise
HERVL_Xq21.33c	HERVL-int	chrX	94819231	94825365	-	turquoise
HERVL_Xq21.33d	HERVL-int	chrX	94915570	94923052	+	turquoise
HERVL_Xq21.33e	HERVL-int	chrX	95713089	95715949	+	turquoise
HERVL_Xq21.33f	HERVL-int	chrX	95959032	95965914	-	turquoise
HERVL_Xq21.33g	HERVL-int	chrX	98655061	98661588	+	turquoise
HERVL_Xq21.33h	HERVL-int	chrX	98849425	98855201	-	turquoise
HERVL_Xq22.3a	HERVL-int	chrX	104864519	104866006	+	turquoise
HERVL_Xq22.3b	HERVL-int	chrX	108142407	108148448	-	turquoise
HERVL_Xq22.3c	HERVL-int	chrX	108476940	108483623	-	turquoise
HERVL_Xq22.3d	HERVL-int	chrX	108814062	108818872	-	turquoise
HERVL_Xq23b	HERVL-int	chrX	113760400	113765460	+	turquoise
HERVL_Xq23c	HERVL-int	chrX	114993708	114997893	-	turquoise
HERVL_Xq24a	HERVL-int	chrX	117422838	117424085	+	turquoise
HERVL_Xq24b	HERVL-int	chrX	117651058	117652359	+	turquoise
HERVL_Xq24c	HERVL-int	chrX	121449325	121455728	+	turquoise
HERVL_Xq25a	HERVL-int	chrX	121974546	121981190	+	turquoise
HERVL_Xq25b	HERVL-int	chrX	122198470	122200000	-	turquoise
HERVL_Xq25c	HERVL-int	chrX	122335079	122338642	-	turquoise
HERVL_Xq25d	HERVL-int	chrX	122451735	122457359	-	turquoise
HERVL_Xq25e	HERVL-int	chrX	122609061	122613562	+	turquoise
HERVL_Xq25f	HERVL-int	chrX	123547924	123550520	+	turquoise
HERVL_Xq25g	HERVL-int	chrX	124156239	124163053	-	turquoise
HERVL_Xq25h	HERVL-int	chrX	125636104	125641707	-	turquoise
HERVL_Xq25j	HERVL-int	chrX	125727957	125731271	-	turquoise
HERVL_Xq25k	HERVL-int	chrX	125809420	125811209	-	turquoise
HERVL_Xq25l	HERVL-int	chrX	125811261	125815674	-	turquoise
HERVL_Xq25m	HERVL-int	chrX	126034943	126042975	+	turquoise
HERVL_Xq25n	HERVL-int	chrX	126093604	126099583	-	turquoise
HERVL_Xq25o	HERVL-int	chrX	126226684	126229175	+	turquoise
HERVL_Xq25p	HERVL-int	chrX	126295798	126299710	-	turquoise
HERVL_Xq25q	HERVL-int	chrX	126938842	126945509	-	turquoise
HERVL_Xq25s	HERVL-int	chrX	127604795	127606102	+	turquoise
HERVL_Xq25t	HERVL-int	chrX	127705912	127708083	+	turquoise
HERVL_Xq25u	HERVL-int	chrX	127935719	127939710	-	turquoise
HERVL_Xq25v	HERVL-int	chrX	128415582	128422216	+	turquoise
HERVL_Xq26.2	HERVL-int	chrX	131949841	131951578	+	turquoise
HERVL_Xq26.3a	HERVL-int	chrX	135393377	135395574	+	turquoise
HERVL_Xq26.3b	HERVL-int	chrX	136381626	136383069	-	turquoise
HERVL_Xq27.1a	HERVL-int	chrX	139396228	139402644	+	turquoise
HERVL_Xq27.1b	HERVL-int	chrX	140255030	140261622	-	turquoise
HERVL_Xq27.2a	HERVL-int	chrX	141884079	141890195	+	turquoise
HERVL_Xq27.2b	HERVL-int	chrX	142915963	142922772	+	turquoise
HERVL_Xq27.3b	HERVL-int	chrX	143996479	143998807	-	turquoise
HERVL_Xq27.3c	HERVL-int	chrX	144346168	144351079	-	turquoise
HERVL_Xq27.3e	HERVL-int	chrX	146312957	146316323	-	turquoise
HERVL_Xq28a	HERVL-int	chrX	149750662	149753976	-	turquoise
HERVL_Xq28b	HERVL-int	chrX	155389041	155392819	-	turquoise
HERVL_Yp11.2b	HERVL-int	chrY	4208290	4214955	+	turquoise
HERVL_Yp11.2c	HERVL-int	chrY	4276231	4281875	-	turquoise
HERVL_Yp11.2d	HERVL-int	chrY	5121128	5122698	-	turquoise
HERVL_Yp11.2e	HERVL-int	chrY	5844038	5850550	+	turquoise
HERVL_Yp11.2g	HERVL-int	chrY	9174656	9181286	-	turquoise
HERVL_Yq11.21	HERVL-int	chrY	11468744	11472783	-	turquoise
HERVL_Yq11.221c	HERVL-int	chrY	14975188	14981941	-	turquoise
HERVL_Yq11.223a	HERVL-int	chrY	21297606	21300945	+	turquoise
HERVL_Yq11.223b	HERVL-int	chrY	21645119	21650036	-	turquoise
HERVL_Yq11.223c	HERVL-int	chrY	21683255	21689552	+	turquoise
HERVL18_10q21.1a	HERVL18-int	chr10	57014854	57018042	+	turquoise
HERVL18_10q21.1c	HERVL18-int	chr10	58615322	58618645	+	turquoise
HERVL18_10q22.1	HERVL18-int	chr10	70648593	70652094	+	turquoise
HERVL18_11p12a	HERVL18-int	chr11	37905725	37908785	-	turquoise
HERVL18_11p12b	HERVL18-int	chr11	39339779	39344111	-	turquoise
HERVL18_11p14.1	HERVL18-int	chr11	30044711	30047428	+	turquoise
HERVL18_11p15.1a	HERVL18-int	chr11	20856922	20859241	+	turquoise
HERVL18_11p15.1b	HERVL18-int	chr11	21810797	21814752	+	turquoise
HERVL18_11q12.2	HERVL18-int	chr11	60167847	60169566	-	turquoise
HERVL18_11q13.4	HERVL18-int	chr11	74540370	74544495	+	turquoise
HERVL18_11q14.2a	HERVL18-int	chr11	85940994	85945741	+	turquoise
HERVL18_11q14.2b	HERVL18-int	chr11	87359416	87362995	+	turquoise
HERVL18_11q14.2c	HERVL18-int	chr11	88431622	88434850	-	turquoise
HERVL18_11q22.3	HERVL18-int	chr11	103541164	103545211	-	turquoise
HERVL18_12p11.22	HERVL18-int	chr12	28813823	28819402	+	turquoise
HERVL18_12q14.2	HERVL18-int	chr12	63397783	63401356	+	turquoise
HERVL18_12q21.31	HERVL18-int	chr12	84355652	84359232	+	turquoise
HERVL18_12q23.1	HERVL18-int	chr12	98419580	98423971	+	turquoise
HERVL18_13q13.1	HERVL18-int	chr13	32468596	32471903	+	turquoise
HERVL18_13q21.33	HERVL18-int	chr13	72018779	72024309	+	turquoise
HERVL18_13q31.3	HERVL18-int	chr13	90613417	90618427	-	turquoise
HERVL18_14q11.2	HERVL18-int	chr14	20600302	20607318	+	turquoise
HERVL18_14q12	HERVL18-int	chr14	30527153	30530363	-	turquoise
HERVL18_14q13.2	HERVL18-int	chr14	36012639	36015740	-	turquoise
HERVL18_14q22.1	HERVL18-int	chr14	53273554	53279365	-	turquoise
HERVL18_15q21.3	HERVL18-int	chr15	53910296	53914772	+	turquoise
HERVL18_17q24.3	HERVL18-int	chr17	70668378	70671538	+	turquoise
HERVL18_18q21.2	HERVL18-int	chr18	53941993	53945012	-	turquoise
HERVL18_18q21.32	HERVL18-int	chr18	59558413	59562030	+	turquoise
HERVL18_18q22.1	HERVL18-int	chr18	67298121	67301059	+	turquoise
HERVL18_1p12	HERVL18-int	chr1	117815334	117822010	-	turquoise
HERVL18_1p22.3	HERVL18-int	chr1	86409350	86416680	-	turquoise
HERVL18_1p31.1a	HERVL18-int	chr1	70627958	70631285	+	turquoise
HERVL18_1p31.1b	HERVL18-int	chr1	80050218	80054588	+	turquoise
HERVL18_1p31.3a	HERVL18-int	chr1	64186607	64192762	+	turquoise
HERVL18_1p31.3b	HERVL18-int	chr1	66381794	66383692	+	turquoise
HERVL18_1q21.2	HERVL18-int	chr1	147717143	147719676	+	turquoise
HERVL18_1q24.2	HERVL18-int	chr1	168264241	168270932	-	turquoise
HERVL18_1q31.3	HERVL18-int	chr1	196535611	196538758	-	turquoise
HERVL18_1q32.2	HERVL18-int	chr1	207420882	207425638	-	turquoise
HERVL18_21q21.2	HERVL18-int	chr21	23963392	23969659	-	turquoise
HERVL18_21q21.3	HERVL18-int	chr21	28393337	28396827	+	turquoise
HERVL18_22q12.3b	HERVL18-int	chr22	34332469	34335191	-	turquoise
HERVL18_2p12	HERVL18-int	chr2	78105751	78112413	-	turquoise
HERVL18_2p13.3	HERVL18-int	chr2	70201614	70204962	+	turquoise
HERVL18_2p16.1	HERVL18-int	chr2	60743759	60746878	-	turquoise
HERVL18_2p22.3	HERVL18-int	chr2	35787746	35790802	+	turquoise
HERVL18_2q22.1	HERVL18-int	chr2	137380712	137383860	+	turquoise
HERVL18_2q23.1	HERVL18-int	chr2	148253645	148259882	-	turquoise
HERVL18_2q31.1	HERVL18-int	chr2	169711625	169717593	-	turquoise
HERVL18_2q32.1	HERVL18-int	chr2	186431386	186438154	+	turquoise
HERVL18_2q33.1	HERVL18-int	chr2	199223786	199230424	-	turquoise
HERVL18_3p12.1	HERVL18-int	chr3	83500375	83504820	-	turquoise
HERVL18_3p21.31b	HERVL18-int	chr3	46419310	46423900	-	turquoise
HERVL18_3q12.3	HERVL18-int	chr3	102735696	102742206	+	turquoise
HERVL18_3q25.31	HERVL18-int	chr3	156620366	156626577	+	turquoise
HERVL18_4p13	HERVL18-int	chr4	44485460	44487778	+	turquoise
HERVL18_4p15.1	HERVL18-int	chr4	28010845	28014985	-	turquoise
HERVL18_4p15.2a	HERVL18-int	chr4	24965778	24971675	+	turquoise
HERVL18_4p15.2b	HERVL18-int	chr4	25358630	25361736	+	turquoise
HERVL18_4q13.1	HERVL18-int	chr4	61424015	61428429	-	turquoise
HERVL18_4q21.1	HERVL18-int	chr4	77630548	77637162	-	turquoise
HERVL18_4q21.23	HERVL18-int	chr4	83962401	83965415	-	turquoise
HERVL18_4q22.1	HERVL18-int	chr4	89104504	89108711	+	turquoise
HERVL18_4q23	HERVL18-int	chr4	98664913	98667375	-	turquoise
HERVL18_4q24b	HERVL18-int	chr4	103751779	103755259	+	turquoise
HERVL18_4q26	HERVL18-int	chr4	116357840	116362242	+	turquoise
HERVL18_4q34.3	HERVL18-int	chr4	178136542	178143132	+	turquoise
HERVL18_5p14.2	HERVL18-int	chr5	23422658	23425618	+	turquoise
HERVL18_5p15.2	HERVL18-int	chr5	12934817	12938306	+	turquoise
HERVL18_5q12.1	HERVL18-int	chr5	59713242	59716428	+	turquoise
HERVL18_5q21.1	HERVL18-int	chr5	101758012	101763009	-	turquoise
HERVL18_5q21.2	HERVL18-int	chr5	104186177	104189485	+	turquoise
HERVL18_5q21.3	HERVL18-int	chr5	106873494	106876978	-	turquoise
HERVL18_5q34	HERVL18-int	chr5	160932110	160938828	-	turquoise
HERVL18_6p22.1a	HERVL18-int	chr6	27405363	27407723	-	turquoise
HERVL18_6p22.1b	HERVL18-int	chr6	28000512	28003589	+	turquoise
HERVL18_6p22.1c	HERVL18-int	chr6	28353865	28357249	-	turquoise
HERVL18_6q12b	HERVL18-int	chr6	67346018	67349044	+	turquoise
HERVL18_6q13	HERVL18-int	chr6	69902518	69905731	-	turquoise
HERVL18_6q14.1	HERVL18-int	chr6	79307594	79313548	-	turquoise
HERVL18_6q16.2	HERVL18-int	chr6	99019305	99026450	-	turquoise
HERVL18_6q22.31a	HERVL18-int	chr6	122360886	122366684	+	turquoise
HERVL18_6q22.31b	HERVL18-int	chr6	125267901	125274451	+	turquoise
HERVL18_6q25.2	HERVL18-int	chr6	153149994	153152963	+	turquoise
HERVL18_7q21.11a	HERVL18-int	chr7	81264073	81267799	-	turquoise
HERVL18_7q21.11b	HERVL18-int	chr7	82201985	82205211	+	turquoise
HERVL18_7q31.32	HERVL18-int	chr7	122688404	122693122	-	turquoise
HERVL18_7q35	HERVL18-int	chr7	146503833	146510377	-	turquoise
HERVL18_8q11.23	HERVL18-int	chr8	53482820	53488834	+	turquoise
HERVL18_8q23.2	HERVL18-int	chr8	110890282	110894968	-	turquoise
HERVL18_9p21.1	HERVL18-int	chr9	30197986	30201455	+	turquoise
HERVL18_9p23	HERVL18-int	chr9	9557783	9561261	-	turquoise
HERVL18_9p24.1	HERVL18-int	chr9	7785466	7791928	-	turquoise
HERVL18_9q21.13	HERVL18-int	chr9	75235558	75239484	-	turquoise
HERVL18_Xq13.3	HERVL18-int	chrX	76796466	76803137	+	turquoise
HERVL18_Xq21.1b	HERVL18-int	chrX	82371109	82373927	-	turquoise
HERVL18_Xq24	HERVL18-int	chrX	120205918	120208971	+	turquoise
HERVL18_Xq28	HERVL18-int	chrX	149073592	149080252	+	turquoise
HERVL32_11p12a	HERVL32-int	chr11	36880518	36883340	+	turquoise
HERVL32_11p12b	HERVL32-int	chr11	36883393	36886216	+	turquoise
HERVL32_14q32.33a	HERVL32-int	chr14	105981942	105985336	-	turquoise
HERVL32_15q11.2d	HERVL32-int	chr15	22157633	22159180	-	turquoise
HERVL32_1p31.1a	HERVL32-int	chr1	72536817	72540097	-	turquoise
HERVL32_1p31.1b	HERVL32-int	chr1	72540629	72543692	-	turquoise
HERVL32_21p11.2	HERVL32-int	chr21	9749613	9752534	-	turquoise
HERVL32_2p15a	HERVL32-int	chr2	63297035	63299755	-	turquoise
HERVL32_2p15b	HERVL32-int	chr2	63303116	63303770	-	turquoise
HERVL32_2q31.3	HERVL32-int	chr2	179706005	179712066	+	turquoise
HERVL32_2q36.1	HERVL32-int	chr2	224073686	224079557	-	turquoise
HERVL32_3p12.1	HERVL32-int	chr3	87036345	87038886	-	turquoise
HERVL32_3p14.1	HERVL32-int	chr3	67228015	67232424	-	turquoise
HERVL32_4q28.1a	HERVL32-int	chr4	122948559	122950340	-	turquoise
HERVL32_4q28.1b	HERVL32-int	chr4	122951877	122955311	-	turquoise
HERVL32_4q31.3a	HERVL32-int	chr4	151895741	151898318	-	turquoise
HERVL32_5q14.3	HERVL32-int	chr5	84172727	84175214	+	turquoise
HERVL32_5q22.2a	HERVL32-int	chr5	112579908	112582855	+	turquoise
HERVL32_5q22.2b	HERVL32-int	chr5	112583255	112585456	+	turquoise
HERVL32_6p21.2	HERVL32-int	chr6	40129734	40135877	+	turquoise
HERVL32_6p22.3	HERVL32-int	chr6	21355378	21361143	-	turquoise
HERVL32_6q13	HERVL32-int	chr6	69615594	69617910	-	turquoise
HERVL32_6q16.1	HERVL32-int	chr6	92936553	92938404	-	turquoise
HERVL32_7q22.1	HERVL32-int	chr7	99896194	99899513	+	turquoise
HERVL32_7q31.2	HERVL32-int	chr7	117401485	117406116	-	turquoise
HERVL32_8q12.1	HERVL32-int	chr8	58533573	58535735	-	turquoise
HERVL32_8q21.13	HERVL32-int	chr8	81419908	81421776	+	turquoise
HERVL32_9q31.1	HERVL32-int	chr9	100913693	100916653	+	turquoise
HERVL32_Xp11.21	HERVL32-int	chrX	56862633	56868798	+	turquoise
HERVL40_10p11.22	HERVL40-int	chr10	32440286	32441789	+	turquoise
HERVL40_10p12.1	HERVL40-int	chr10	26778654	26786076	+	turquoise
HERVL40_10p12.31a	HERVL40-int	chr10	21636985	21639125	-	turquoise
HERVL40_10p12.31b	HERVL40-int	chr10	21813720	21815543	+	turquoise
HERVL40_10p12.31c	HERVL40-int	chr10	22096580	22098877	-	turquoise
HERVL40_11p12	HERVL40-int	chr11	38330482	38333787	+	turquoise
HERVL40_11q13.4a	HERVL40-int	chr11	71182774	71188088	+	turquoise
HERVL40_11q14.1	HERVL40-int	chr11	85155046	85156791	+	turquoise
HERVL40_11q22.1	HERVL40-int	chr11	97774433	97775759	+	turquoise
HERVL40_11q22.3b	HERVL40-int	chr11	105824822	105827156	-	turquoise
HERVL40_11q25	HERVL40-int	chr11	131958908	131963549	-	turquoise
HERVL40_12p11.1	HERVL40-int	chr12	33572812	33575304	-	turquoise
HERVL40_12p11.21	HERVL40-int	chr12	31721046	31722796	+	turquoise
HERVL40_12p12.1a	HERVL40-int	chr12	23300499	23303665	+	turquoise
HERVL40_12p12.1c	HERVL40-int	chr12	24733093	24734968	+	turquoise
HERVL40_12p13.2a	HERVL40-int	chr12	10277960	10278528	+	turquoise
HERVL40_12p13.2b	HERVL40-int	chr12	11370765	11372249	-	turquoise
HERVL40_12q21.31	HERVL40-int	chr12	85145470	85148025	-	turquoise
HERVL40_13q14.2	HERVL40-int	chr13	46964352	46965551	-	turquoise
HERVL40_13q21.31a	HERVL40-int	chr13	62009453	62012832	-	turquoise
HERVL40_13q21.31b	HERVL40-int	chr13	62487746	62489147	-	turquoise
HERVL40_13q21.31d	HERVL40-int	chr13	64676485	64678648	+	turquoise
HERVL40_13q21.31e	HERVL40-int	chr13	64687084	64689749	+	turquoise
HERVL40_13q21.32	HERVL40-int	chr13	65636053	65640768	+	turquoise
HERVL40_13q21.33a	HERVL40-int	chr13	68120118	68121238	+	turquoise
HERVL40_13q21.33b	HERVL40-int	chr13	70274877	70277498	+	turquoise
HERVL40_13q21.33c	HERVL40-int	chr13	70363965	70368042	+	turquoise
HERVL40_13q31.1a	HERVL40-int	chr13	81779989	81783754	-	turquoise
HERVL40_13q31.1b	HERVL40-int	chr13	81937664	81940708	+	turquoise
HERVL40_13q31.1c	HERVL40-int	chr13	83228351	83233141	+	turquoise
HERVL40_13q31.1d	HERVL40-int	chr13	86087782	86093087	+	turquoise
HERVL40_13q31.1e	HERVL40-int	chr13	86642931	86645480	-	turquoise
HERVL40_13q31.3	HERVL40-int	chr13	91223345	91225948	-	turquoise
HERVL40_13q32.1	HERVL40-int	chr13	96019147	96021285	-	turquoise
HERVL40_14q11.2a	HERVL40-int	chr14	21833755	21837351	-	turquoise
HERVL40_14q11.2b	HERVL40-int	chr14	21882195	21883912	-	turquoise
HERVL40_14q12	HERVL40-int	chr14	26526996	26528062	+	turquoise
HERVL40_14q13.1a	HERVL40-int	chr14	34423073	34426443	-	turquoise
HERVL40_14q13.1b	HERVL40-int	chr14	34426528	34430079	-	turquoise
HERVL40_14q21.2b	HERVL40-int	chr14	44591977	44596311	-	turquoise
HERVL40_14q23.3	HERVL40-int	chr14	66623740	66625040	+	turquoise
HERVL40_14q24.3	HERVL40-int	chr14	77314097	77319837	+	turquoise
HERVL40_15q21.3	HERVL40-int	chr15	57013977	57017165	+	turquoise
HERVL40_15q22.31	HERVL40-int	chr15	66790919	66795741	+	turquoise
HERVL40_15q23	HERVL40-int	chr15	69698413	69700596	+	turquoise
HERVL40_15q25.1	HERVL40-int	chr15	79627044	79631630	+	turquoise
HERVL40_16p11.1a	HERVL40-int	chr16	35328625	35331071	+	turquoise
HERVL40_16p11.1b	HERVL40-int	chr16	35377642	35379842	+	turquoise
HERVL40_16p11.1d	HERVL40-int	chr16	35465169	35467390	+	turquoise
HERVL40_16p11.2	HERVL40-int	chr16	35239413	35241130	+	turquoise
HERVL40_17q23.2	HERVL40-int	chr17	60971017	60972258	-	turquoise
HERVL40_18p11.21	HERVL40-int	chr18	13952664	13954207	-	turquoise
HERVL40_18q11.2a	HERVL40-int	chr18	22751181	22754506	+	turquoise
HERVL40_18q11.2b	HERVL40-int	chr18	24747651	24752630	-	turquoise
HERVL40_18q11.2c	HERVL40-int	chr18	27262790	27266446	+	turquoise
HERVL40_18q12.2	HERVL40-int	chr18	35302340	35304455	+	turquoise
HERVL40_18q22.1a	HERVL40-int	chr18	64617970	64622678	-	turquoise
HERVL40_18q22.1c	HERVL40-int	chr18	66991379	66995081	+	turquoise
HERVL40_18q22.1d	HERVL40-int	chr18	67425730	67427733	+	turquoise
HERVL40_18q22.3	HERVL40-int	chr18	73402364	73407061	-	turquoise
HERVL40_19q13.2	HERVL40-int	chr19	38294344	38298856	+	turquoise
HERVL40_19q13.33	HERVL40-int	chr19	49222180	49229968	+	turquoise
HERVL40_19q13.42	HERVL40-int	chr19	53506708	53508447	+	turquoise
HERVL40_1p11.2	HERVL40-int	chr1	121054903	121055781	-	turquoise
HERVL40_1p21.3	HERVL40-int	chr1	94349807	94353439	+	turquoise
HERVL40_1p31.1a	HERVL40-int	chr1	72767328	72771894	+	turquoise
HERVL40_1p31.1b	HERVL40-int	chr1	73698733	73700492	-	turquoise
HERVL40_1p31.1c	HERVL40-int	chr1	83086361	83089383	+	turquoise
HERVL40_1p32.3	HERVL40-int	chr1	50942586	50947014	-	turquoise
HERVL40_1q31.3	HERVL40-int	chr1	197371543	197375581	-	turquoise
HERVL40_1q41	HERVL40-int	chr1	219218772	219223420	-	turquoise
HERVL40_1q44	HERVL40-int	chr1	247144115	247148678	-	turquoise
HERVL40_20p13	HERVL40-int	chr20	2672035	2679386	+	turquoise
HERVL40_20q11.22	HERVL40-int	chr20	34231890	34234436	-	turquoise
HERVL40_21p12d	HERVL40-int	chr21	6225558	6226219	+	turquoise
HERVL40_21q21.1a	HERVL40-int	chr21	15780821	15781416	-	turquoise
HERVL40_21q21.1b	HERVL40-int	chr21	19185392	19189426	-	turquoise
HERVL40_21q21.1c	HERVL40-int	chr21	20729449	20732394	-	turquoise
HERVL40_21q21.2	HERVL40-int	chr21	24851265	24853161	+	turquoise
HERVL40_21q22.11	HERVL40-int	chr21	30326714	30328404	+	turquoise
HERVL40_22q11.23	HERVL40-int	chr22	24531131	24538320	-	turquoise
HERVL40_22q13.2	HERVL40-int	chr22	41814715	41818857	-	turquoise
HERVL40_2p21	HERVL40-int	chr2	43435842	43437785	+	turquoise
HERVL40_2p23.1	HERVL40-int	chr2	31660855	31661594	-	turquoise
HERVL40_2p23.3a	HERVL40-int	chr2	24114227	24115332	-	turquoise
HERVL40_2p23.3b	HERVL40-int	chr2	24316835	24321156	+	turquoise
HERVL40_2p24.2	HERVL40-int	chr2	16847498	16850434	+	turquoise
HERVL40_2q22.1	HERVL40-int	chr2	137748325	137751425	+	turquoise
HERVL40_2q22.3b	HERVL40-int	chr2	146707425	146709473	+	turquoise
HERVL40_2q23.3	HERVL40-int	chr2	153934404	153936604	-	turquoise
HERVL40_2q24.1	HERVL40-int	chr2	154806119	154809098	-	turquoise
HERVL40_2q24.2	HERVL40-int	chr2	161831880	161836115	+	turquoise
HERVL40_2q32.2	HERVL40-int	chr2	190587122	190590915	+	turquoise
HERVL40_2q33.1	HERVL40-int	chr2	201515030	201519159	-	turquoise
HERVL40_2q37.3	HERVL40-int	chr2	241017184	241020543	-	turquoise
HERVL40_3p11.1	HERVL40-int	chr3	90060168	90065857	+	turquoise
HERVL40_3p24.3	HERVL40-int	chr3	19888926	19893646	+	turquoise
HERVL40_3q12.2	HERVL40-int	chr3	100486011	100490844	-	turquoise
HERVL40_3q12.3	HERVL40-int	chr3	103039407	103040253	-	turquoise
HERVL40_3q13.13a	HERVL40-int	chr3	110366959	110369801	-	turquoise
HERVL40_3q13.13b	HERVL40-int	chr3	110868380	110870700	+	turquoise
HERVL40_3q22.2a	HERVL40-int	chr3	135277253	135279417	-	turquoise
HERVL40_3q22.2b	HERVL40-int	chr3	135831363	135835812	-	turquoise
HERVL40_3q26.1	HERVL40-int	chr3	167101461	167103323	+	turquoise
HERVL40_3q26.32a	HERVL40-int	chr3	177948638	177951612	-	turquoise
HERVL40_4p15.2	HERVL40-int	chr4	22990637	22994078	-	turquoise
HERVL40_4q12	HERVL40-int	chr4	56037895	56041727	-	turquoise
HERVL40_4q22.1	HERVL40-int	chr4	90373685	90377232	+	turquoise
HERVL40_4q22.2	HERVL40-int	chr4	93091489	93094001	-	turquoise
HERVL40_4q26a	HERVL40-int	chr4	114064520	114067417	+	turquoise
HERVL40_4q26b	HERVL40-int	chr4	115432460	115434009	+	turquoise
HERVL40_4q26d	HERVL40-int	chr4	116738027	116741782	-	turquoise
HERVL40_4q28.1	HERVL40-int	chr4	126016536	126018955	+	turquoise
HERVL40_4q28.3a	HERVL40-int	chr4	130704203	130705620	-	turquoise
HERVL40_4q28.3b	HERVL40-int	chr4	130735560	130738711	+	turquoise
HERVL40_4q28.3c	HERVL40-int	chr4	130758518	130761044	-	turquoise
HERVL40_4q28.3d	HERVL40-int	chr4	131568109	131570536	+	turquoise
HERVL40_4q28.3f	HERVL40-int	chr4	134550229	134551739	-	turquoise
HERVL40_4q31.3a	HERVL40-int	chr4	151111795	151114965	+	turquoise
HERVL40_4q31.3b	HERVL40-int	chr4	153629956	153631694	-	turquoise
HERVL40_4q32.1a	HERVL40-int	chr4	155737558	155741019	+	turquoise
HERVL40_4q32.1b	HERVL40-int	chr4	159984343	159987027	+	turquoise
HERVL40_4q32.3a	HERVL40-int	chr4	166898452	166902117	+	turquoise
HERVL40_4q32.3b	HERVL40-int	chr4	168144146	168148595	-	turquoise
HERVL40_4q33	HERVL40-int	chr4	169336002	169344307	-	turquoise
HERVL40_4q34.1b	HERVL40-int	chr4	174188414	174191719	-	turquoise
HERVL40_4q34.1c	HERVL40-int	chr4	174863637	174866852	+	turquoise
HERVL40_4q34.2	HERVL40-int	chr4	176283103	176287051	-	turquoise
HERVL40_4q34.3	HERVL40-int	chr4	176969913	176972743	+	turquoise
HERVL40_5p12	HERVL40-int	chr5	43149894	43159343	-	turquoise
HERVL40_5p14.3	HERVL40-int	chr5	23216957	23220893	+	turquoise
HERVL40_5p15.1a	HERVL40-int	chr5	15337517	15340872	+	turquoise
HERVL40_5p15.1b	HERVL40-int	chr5	18391469	18395845	-	turquoise
HERVL40_5q11.2	HERVL40-int	chr5	57223500	57226547	+	turquoise
HERVL40_5q12.3	HERVL40-int	chr5	66091510	66092988	+	turquoise
HERVL40_5q14.1	HERVL40-int	chr5	80973111	80974789	-	turquoise
HERVL40_5q14.3a	HERVL40-int	chr5	85787161	85790185	-	turquoise
HERVL40_5q14.3b	HERVL40-int	chr5	86148137	86149506	+	turquoise
HERVL40_5q14.3c	HERVL40-int	chr5	86879051	86882634	-	turquoise
HERVL40_5q14.3d	HERVL40-int	chr5	88706408	88709520	-	turquoise
HERVL40_5q21.1	HERVL40-int	chr5	102434122	102436939	+	turquoise
HERVL40_5q21.3a	HERVL40-int	chr5	105669579	105672089	+	turquoise
HERVL40_5q21.3b	HERVL40-int	chr5	106451835	106453977	+	turquoise
HERVL40_5q22.1	HERVL40-int	chr5	111829865	111834291	+	turquoise
HERVL40_5q23.1	HERVL40-int	chr5	121413941	121416582	-	turquoise
HERVL40_5q23.3	HERVL40-int	chr5	129396105	129397080	-	turquoise
HERVL40_6p22.3	HERVL40-int	chr6	22774773	22781446	-	turquoise
HERVL40_6p25.1a	HERVL40-int	chr6	4881840	4884887	+	turquoise
HERVL40_6p25.1b	HERVL40-int	chr6	6510562	6513116	-	turquoise
HERVL40_6q14.1	HERVL40-int	chr6	82589524	82592655	+	turquoise
HERVL40_6q15	HERVL40-int	chr6	88012261	88017679	+	turquoise
HERVL40_6q16.1a	HERVL40-int	chr6	92800175	92802383	-	turquoise
HERVL40_6q16.1b	HERVL40-int	chr6	93690585	93696772	-	turquoise
HERVL40_6q16.1c	HERVL40-int	chr6	95417841	95419170	+	turquoise
HERVL40_6q16.1d	HERVL40-int	chr6	95839859	95842098	+	turquoise
HERVL40_6q16.1e	HERVL40-int	chr6	96022613	96026191	-	turquoise
HERVL40_6q22.32	HERVL40-int	chr6	126044515	126049104	+	turquoise
HERVL40_6q23.2b	HERVL40-int	chr6	133360991	133365319	+	turquoise
HERVL40_6q24.1	HERVL40-int	chr6	141720589	141724181	-	turquoise
HERVL40_6q25.2a	HERVL40-int	chr6	154112245	154115125	-	turquoise
HERVL40_6q25.2b	HERVL40-int	chr6	154603362	154605433	+	turquoise
HERVL40_6q26a	HERVL40-int	chr6	162709338	162712650	+	turquoise
HERVL40_6q26b	HERVL40-int	chr6	162890624	162892873	+	turquoise
HERVL40_7p15.3	HERVL40-int	chr7	25249899	25252738	+	turquoise
HERVL40_7q21.11	HERVL40-int	chr7	81467958	81472638	+	turquoise
HERVL40_7q21.12a	HERVL40-int	chr7	86845190	86847283	-	turquoise
HERVL40_7q21.12b	HERVL40-int	chr7	86884223	86888948	+	turquoise
HERVL40_7q21.2	HERVL40-int	chr7	92403115	92404941	+	turquoise
HERVL40_7q21.3	HERVL40-int	chr7	95211179	95213283	+	turquoise
HERVL40_7q22.3	HERVL40-int	chr7	107462730	107465091	-	turquoise
HERVL40_7q31.1b	HERVL40-int	chr7	113801998	113805371	+	turquoise
HERVL40_7q31.1c	HERVL40-int	chr7	114306150	114312960	-	turquoise
HERVL40_7q31.2	HERVL40-int	chr7	115131091	115133284	-	turquoise
HERVL40_7q31.31	HERVL40-int	chr7	119387930	119390657	-	turquoise
HERVL40_7q35	HERVL40-int	chr7	144791302	144793570	+	turquoise
HERVL40_8p12	HERVL40-int	chr8	35921129	35927999	+	turquoise
HERVL40_8p22a	HERVL40-int	chr8	15634662	15636483	-	turquoise
HERVL40_8p22b	HERVL40-int	chr8	15794456	15800197	-	turquoise
HERVL40_8p23.2a	HERVL40-int	chr8	2914894	2916807	-	turquoise
HERVL40_8p23.2b	HERVL40-int	chr8	5223947	5230944	+	turquoise
HERVL40_8q11.21	HERVL40-int	chr8	50632841	50634365	+	turquoise
HERVL40_8q11.23a	HERVL40-int	chr8	53099857	53101822	-	turquoise
HERVL40_8q11.23b	HERVL40-int	chr8	54183988	54189099	+	turquoise
HERVL40_8q12.3	HERVL40-int	chr8	63229650	63232129	+	turquoise
HERVL40_8q21.3a	HERVL40-int	chr8	87662225	87665372	-	turquoise
HERVL40_8q21.3b	HERVL40-int	chr8	88354380	88356854	+	turquoise
HERVL40_8q21.3c	HERVL40-int	chr8	88409802	88411716	-	turquoise
HERVL40_8q22.2	HERVL40-int	chr8	99217953	99219926	-	turquoise
HERVL40_8q23.3a	HERVL40-int	chr8	112900214	112905845	+	turquoise
HERVL40_8q23.3b	HERVL40-int	chr8	113233804	113238852	-	turquoise
HERVL40_8q24.21	HERVL40-int	chr8	129932201	129934402	+	turquoise
HERVL40_9p21.1	HERVL40-int	chr9	32371344	32377156	-	turquoise
HERVL40_9p24.1a	HERVL40-int	chr9	5427701	5430265	+	turquoise
HERVL40_9p24.1b	HERVL40-int	chr9	7828379	7833016	-	turquoise
HERVL40_9q21.13	HERVL40-int	chr9	74979007	74979609	+	turquoise
HERVL40_9q21.32	HERVL40-int	chr9	83717647	83724536	-	turquoise
HERVL40_9q31.1a	HERVL40-int	chr9	100213558	100216444	-	turquoise
HERVL40_9q31.1b	HERVL40-int	chr9	102390362	102398887	-	turquoise
HERVL40_9q31.1c	HERVL40-int	chr9	102710082	102713759	+	turquoise
HERVL40_9q32	HERVL40-int	chr9	112937083	112938815	+	turquoise
HERVL40_9q34.3	HERVL40-int	chr9	136703426	136709202	+	turquoise
HERVL40_Xp11.21b	HERVL40-int	chrX	57113263	57116750	-	turquoise
HERVL40_Xp11.21c	HERVL40-int	chrX	57929860	57931899	+	turquoise
HERVL40_Xp11.21d	HERVL40-int	chrX	57934839	57936027	+	turquoise
HERVL40_Xp11.23a	HERVL40-int	chrX	47861370	47866265	-	turquoise
HERVL40_Xp11.23b	HERVL40-int	chrX	47876353	47879821	-	turquoise
HERVL40_Xp11.3	HERVL40-int	chrX	47125036	47128367	-	turquoise
HERVL40_Xp11.4	HERVL40-int	chrX	40825612	40831021	-	turquoise
HERVL40_Xq21.31	HERVL40-int	chrX	91272857	91274915	-	turquoise
HERVL40_Xq21.33	HERVL40-int	chrX	99096841	99103259	-	turquoise
HERVL40_Xq22.2	HERVL40-int	chrX	103857699	103863417	+	turquoise
HERVL40_Xq22.3	HERVL40-int	chrX	106479692	106482512	-	turquoise
HERVL40_Xq26.3	HERVL40-int	chrX	134972020	134977980	+	turquoise
HERVL66_11q22.1	HERVL66-int	chr11	99180055	99182182	-	turquoise
HERVL66_17q21.31	HERVL66-int	chr17	44019062	44023425	-	turquoise
HERVL66_18q12.1	HERVL66-int	chr18	31492660	31497030	+	turquoise
HERVL66_19p12a	HERVL66-int	chr19	19959694	19964935	+	turquoise
HERVL66_19p12b	HERVL66-int	chr19	19990990	19995758	-	turquoise
HERVL66_19p12c	HERVL66-int	chr19	20066218	20069544	+	turquoise
HERVL66_19p12d	HERVL66-int	chr19	20072866	20076629	-	turquoise
HERVL66_19p12e	HERVL66-int	chr19	20161342	20163593	+	turquoise
HERVL66_19p12g	HERVL66-int	chr19	20432599	20437807	+	turquoise
HERVL66_19p12h	HERVL66-int	chr19	20440060	20442537	-	turquoise
HERVL66_19p12j	HERVL66-int	chr19	20566675	20571306	+	turquoise
HERVL66_19p12k	HERVL66-int	chr19	20770618	20775431	-	turquoise
HERVL66_19p13.11b	HERVL66-int	chr19	19823430	19825878	+	turquoise
HERVL66_19q11	HERVL66-int	chr19	27847313	27850169	-	turquoise
HERVL66_1p36.32	HERVL66-int	chr1	4587568	4591911	-	turquoise
HERVL66_1q23.1	HERVL66-int	chr1	157429092	157433731	+	turquoise
HERVL66_1q42.12	HERVL66-int	chr1	226535600	226543018	-	turquoise
HERVL66_2q14.1	HERVL66-int	chr2	116717117	116721589	+	turquoise
HERVL66_4p15.2	HERVL66-int	chr4	22334844	22339971	-	turquoise
HERVL66_4p16.3	HERVL66-int	chr4	451175	455252	+	turquoise
HERVL66_5q15	HERVL66-int	chr5	95258771	95260799	+	turquoise
HERVL66_9p22.2	HERVL66-int	chr9	17205490	17207343	+	turquoise
HERVL66_Xp22.32	HERVL66-int	chrX	4771021	4775596	-	turquoise
HERVL74_10p11.22	HERVL74-int	chr10	32890892	32892954	-	turquoise
HERVL74_10q21.1	HERVL74-int	chr10	55818625	55826019	+	turquoise
HERVL74_10q23.33	HERVL74-int	chr10	94673087	94675530	+	turquoise
HERVL74_10q25.1b	HERVL74-int	chr10	109325732	109326543	+	turquoise
HERVL74_10q26.3	HERVL74-int	chr10	133544234	133545757	-	turquoise
HERVL74_11q12.3	HERVL74-int	chr11	63248261	63251783	+	turquoise
HERVL74_11q13.5a	HERVL74-int	chr11	75711156	75713343	+	turquoise
HERVL74_11q13.5b	HERVL74-int	chr11	76262192	76263588	+	turquoise
HERVL74_12q13.2	HERVL74-int	chr12	54774623	54776746	-	turquoise
HERVL74_12q21.32	HERVL74-int	chr12	87692809	87695370	-	turquoise
HERVL74_13q21.1	HERVL74-int	chr13	56693248	56695910	+	turquoise
HERVL74_13q21.33	HERVL74-int	chr13	68428652	68430394	-	turquoise
HERVL74_14q12	HERVL74-int	chr14	27514656	27516120	-	turquoise
HERVL74_15q11.2c	HERVL74-int	chr15	23496691	23499273	-	turquoise
HERVL74_15q11.2d	HERVL74-int	chr15	23538428	23540642	+	turquoise
HERVL74_15q11.2e	HERVL74-int	chr15	24730447	24731921	+	turquoise
HERVL74_15q13.2b	HERVL74-int	chr15	30855947	30860654	+	turquoise
HERVL74_15q26.1	HERVL74-int	chr15	93093507	93097816	-	turquoise
HERVL74_15q26.2	HERVL74-int	chr15	95508532	95511113	+	turquoise
HERVL74_16q24.3	HERVL74-int	chr16	89231483	89232777	+	turquoise
HERVL74_17q12	HERVL74-int	chr17	35464720	35470123	+	turquoise
HERVL74_19p13.2a	HERVL74-int	chr19	9426684	9430559	+	turquoise
HERVL74_19p13.2b	HERVL74-int	chr19	9737195	9740103	-	turquoise
HERVL74_19p13.2c	HERVL74-int	chr19	12592915	12594954	-	turquoise
HERVL74_19q13.11a	HERVL74-int	chr19	34750581	34752268	+	turquoise
HERVL74_19q13.11b	HERVL74-int	chr19	34945839	34946826	-	turquoise
HERVL74_19q13.41b	HERVL74-int	chr19	51811941	51812767	+	turquoise
HERVL74_19q13.43	HERVL74-int	chr19	57646371	57648245	+	turquoise
HERVL74_1q32.1	HERVL74-int	chr1	199114304	199116964	+	turquoise
HERVL74_1q42.2	HERVL74-int	chr1	233588967	233591729	+	turquoise
HERVL74_2q11.2	HERVL74-int	chr2	100276117	100280003	+	turquoise
HERVL74_2q32.3	HERVL74-int	chr2	192762598	192765000	-	turquoise
HERVL74_2q33.3a	HERVL74-int	chr2	206346090	206348323	-	turquoise
HERVL74_3q13.2a	HERVL74-int	chr3	112846935	112848685	-	turquoise
HERVL74_3q13.2b	HERVL74-int	chr3	112855652	112856844	-	turquoise
HERVL74_4q28.3b	HERVL74-int	chr4	138124267	138130352	-	turquoise
HERVL74_4q32.1	HERVL74-int	chr4	157557134	157560521	+	turquoise
HERVL74_4q32.3	HERVL74-int	chr4	164949906	164952642	+	turquoise
HERVL74_4q35.1	HERVL74-int	chr4	186056030	186059149	+	turquoise
HERVL74_5p14.1	HERVL74-int	chr5	26430056	26431437	+	turquoise
HERVL74_6p25.1	HERVL74-int	chr6	5040795	5044083	+	turquoise
HERVL74_6p25.2	HERVL74-int	chr6	3928387	3931934	-	turquoise
HERVL74_6q16.1	HERVL74-int	chr6	95769028	95770798	+	turquoise
HERVL74_6q23.2	HERVL74-int	chr6	131440431	131442963	+	turquoise
HERVL74_7p14.1	HERVL74-int	chr7	42889719	42892557	+	turquoise
HERVL74_7p21.2a	HERVL74-int	chr7	14979662	14986900	-	turquoise
HERVL74_7p21.2b	HERVL74-int	chr7	14987141	14989640	-	turquoise
HERVL74_7p21.3	HERVL74-int	chr7	13447501	13453388	-	turquoise
HERVL74_7q21.11a	HERVL74-int	chr7	84584415	84588988	-	turquoise
HERVL74_7q21.11b	HERVL74-int	chr7	84598260	84601013	-	turquoise
HERVL74_7q21.11c	HERVL74-int	chr7	84859853	84866058	-	turquoise
HERVL74_7q21.3b	HERVL74-int	chr7	97273012	97275172	-	turquoise
HERVL74_8p22	HERVL74-int	chr8	15319779	15321214	+	turquoise
HERVL74_8q21.13	HERVL74-int	chr8	83418603	83424421	+	turquoise
HERVL74_8q21.2	HERVL74-int	chr8	85377957	85383520	-	turquoise
HERVL74_8q24.13	HERVL74-int	chr8	121510181	121514719	+	turquoise
HERVL74_8q24.3	HERVL74-int	chr8	142905294	142908509	+	turquoise
HERVL74_9p21.3	HERVL74-int	chr9	20513947	20515367	-	turquoise
HERVL74_Xq13.2a	HERVL74-int	chrX	73869769	73872057	-	turquoise
HERVL74_Xq13.2b	HERVL74-int	chrX	74056900	74058912	+	turquoise
HERVL74_Xq13.2c	HERVL74-int	chrX	74059753	74062237	+	turquoise
HERVL74_Xq21.2	HERVL74-int	chrX	85678371	85679091	+	turquoise
HERVL74_Xq22.1a	HERVL74-int	chrX	103281544	103282494	-	turquoise
HERVL74_Xq22.1b	HERVL74-int	chrX	103291320	103294936	-	turquoise
HERVL74_Xq22.3	HERVL74-int	chrX	106331458	106335977	-	turquoise
HERVL74_Xq25	HERVL74-int	chrX	127885634	127888607	-	turquoise
HERVP71A_10p11.23	HERVP71A-int	chr10	30562477	30565904	+	turquoise
HERVP71A_10q11.22	HERVP71A-int	chr10	48330535	48335179	-	turquoise
HERVP71A_10q24.32	HERVP71A-int	chr10	102193133	102204851	-	turquoise
HERVP71A_10q25.1	HERVP71A-int	chr10	104065881	104070395	+	turquoise
HERVP71A_11p14.1	HERVP71A-int	chr11	30933692	30939820	-	turquoise
HERVP71A_11q12.1	HERVP71A-int	chr11	56949868	56952298	+	turquoise
HERVP71A_11q13.2	HERVP71A-int	chr11	66441882	66443982	-	turquoise
HERVP71A_11q14.1	HERVP71A-int	chr11	81196760	81202566	+	turquoise
HERVP71A_12p13.31a	HERVP71A-int	chr12	7588093	7593696	+	turquoise
HERVP71A_12p13.31b	HERVP71A-int	chr12	7600342	7606495	+	turquoise
HERVP71A_12p13.32	HERVP71A-int	chr12	3516657	3524911	+	turquoise
HERVP71A_12p13.33a	HERVP71A-int	chr12	107124	110749	-	turquoise
HERVP71A_12q21.2	HERVP71A-int	chr12	76803322	76804899	+	turquoise
HERVP71A_13q21.1	HERVP71A-int	chr13	55871314	55880218	-	turquoise
HERVP71A_13q21.32	HERVP71A-int	chr13	67340030	67348603	-	turquoise
HERVP71A_13q22.3	HERVP71A-int	chr13	78425495	78431070	-	turquoise
HERVP71A_13q31.3	HERVP71A-int	chr13	90287066	90294326	+	turquoise
HERVP71A_13q34a	HERVP71A-int	chr13	110933146	110936620	+	turquoise
HERVP71A_15q24.2	HERVP71A-int	chr15	75063487	75067944	+	turquoise
HERVP71A_17q11.2a	HERVP71A-int	chr17	32964050	32965535	+	turquoise
HERVP71A_17q11.2b	HERVP71A-int	chr17	32969771	32974333	+	turquoise
HERVP71A_1p31.1a	HERVP71A-int	chr1	71502068	71510867	+	turquoise
HERVP71A_1p31.1b	HERVP71A-int	chr1	74394411	74400944	+	turquoise
HERVP71A_1q21.3	HERVP71A-int	chr1	152481514	152486442	-	turquoise
HERVP71A_1q41	HERVP71A-int	chr1	223207049	223210084	+	turquoise
HERVP71A_1q44a	HERVP71A-int	chr1	247218171	247221832	+	turquoise
HERVP71A_1q44b	HERVP71A-int	chr1	247354022	247360572	+	turquoise
HERVP71A_2p12	HERVP71A-int	chr2	82778297	82780489	+	turquoise
HERVP71A_2p24.2	HERVP71A-int	chr2	18082802	18089476	-	turquoise
HERVP71A_2q14.3	HERVP71A-int	chr2	125257165	125262376	-	turquoise
HERVP71A_2q32.2	HERVP71A-int	chr2	190213418	190219869	+	turquoise
HERVP71A_2q32.3	HERVP71A-int	chr2	194154758	194163177	-	turquoise
HERVP71A_2q33.1	HERVP71A-int	chr2	196830363	196832033	-	turquoise
HERVP71A_3p21.31	HERVP71A-int	chr3	46111061	46118672	-	turquoise
HERVP71A_3p26.1	HERVP71A-int	chr3	5140823	5149820	-	turquoise
HERVP71A_3q24	HERVP71A-int	chr3	146333468	146339816	+	turquoise
HERVP71A_3q28	HERVP71A-int	chr3	191738212	191744172	-	turquoise
HERVP71A_4q28.3	HERVP71A-int	chr4	133947016	133954688	-	turquoise
HERVP71A_4q31.21	HERVP71A-int	chr4	143177566	143180491	-	turquoise
HERVP71A_5q14.3	HERVP71A-int	chr5	85647002	85648160	-	turquoise
HERVP71A_5q23.2a	HERVP71A-int	chr5	125914556	125918390	+	turquoise
HERVP71A_5q23.2b	HERVP71A-int	chr5	125924565	125929175	+	turquoise
HERVP71A_5q23.3	HERVP71A-int	chr5	130542959	130550117	-	turquoise
HERVP71A_6p21.1a	HERVP71A-int	chr6	43390787	43393150	+	turquoise
HERVP71A_6p21.1b	HERVP71A-int	chr6	43396148	43400430	+	turquoise
HERVP71A_6p22.1	HERVP71A-int	chr6	29962489	29970366	+	turquoise
HERVP71A_6q14.1	HERVP71A-int	chr6	79525295	79529614	+	turquoise
HERVP71A_6q27	HERVP71A-int	chr6	165057200	165066263	-	turquoise
HERVP71A_7p15.3a	HERVP71A-int	chr7	21500880	21508396	-	turquoise
HERVP71A_7p15.3b	HERVP71A-int	chr7	21547317	21556347	-	turquoise
HERVP71A_7q22.1	HERVP71A-int	chr7	99807352	99809199	-	turquoise
HERVP71A_7q31.31	HERVP71A-int	chr7	118869214	118871689	+	turquoise
HERVP71A_7q35	HERVP71A-int	chr7	146050928	146058901	-	turquoise
HERVP71A_8q21.13	HERVP71A-int	chr8	75360991	75362488	+	turquoise
HERVP71A_8q24.13	HERVP71A-int	chr8	125986715	125994823	+	turquoise
HERVP71A_9q34.3	HERVP71A-int	chr9	135290605	135296267	+	turquoise
HERVP71A_Xq21.1a	HERVP71A-int	chrX	77067946	77070233	+	turquoise
HERVP71A_Xq21.1b	HERVP71A-int	chrX	77082594	77086675	+	turquoise
HERVP71A_Xq22.1a	HERVP71A-int	chrX	100567828	100570508	-	turquoise
HERVP71A_Xq22.1b	HERVP71A-int	chrX	100570590	100575762	-	turquoise
HERVP71A_Xq24	HERVP71A-int	chrX	118884537	118891744	+	turquoise
HERVS71_10p11.1	HERVS71-int	chr10	39202525	39209158	-	turquoise
HERVS71_10p11.21	HERVS71-int	chr10	37934819	37943976	+	turquoise
HERVS71_10q21.1	HERVS71-int	chr10	52946389	52956110	-	turquoise
HERVS71_11p15.4	HERVS71-int	chr11	3509348	3516789	-	turquoise
HERVS71_11q13.2	HERVS71-int	chr11	67882066	67889515	-	turquoise
HERVS71_11q13.4	HERVS71-int	chr11	71705986	71713426	+	turquoise
HERVS71_12p13.31a	HERVS71-int	chr12	8317488	8324925	-	turquoise
HERVS71_12p13.31b	HERVS71-int	chr12	9322989	9327851	-	turquoise
HERVS71_14q32.33	HERVS71-int	chr14	106196991	106207472	-	turquoise
HERVS71_15q26.1	HERVS71-int	chr15	88538134	88546230	+	turquoise
HERVS71_16p11.1	HERVS71-int	chr16	35897003	35902579	-	turquoise
HERVS71_16p11.2	HERVS71-int	chr16	35267618	35277076	-	turquoise
HERVS71_18q21.1	HERVS71-int	chr18	50400451	50408730	+	turquoise
HERVS71_19p12a	HERVS71-int	chr19	20362028	20371994	+	turquoise
HERVS71_19p12b	HERVS71-int	chr19	21688200	21697956	-	turquoise
HERVS71_19p12c	HERVS71-int	chr19	23179744	23186831	-	turquoise
HERVS71_19p13.3	HERVS71-int	chr19	6656135	6661723	-	turquoise
HERVS71_19q13.11a	HERVS71-int	chr19	34552716	34561339	-	turquoise
HERVS71_19q13.11b	HERVS71-int	chr19	34721933	34727787	+	turquoise
HERVS71_19q13.12a	HERVS71-int	chr19	36324873	36331043	-	turquoise
HERVS71_19q13.12b	HERVS71-int	chr19	37554746	37558628	-	turquoise
HERVS71_1p31.1	HERVS71-int	chr1	78198910	78200628	+	turquoise
HERVS71_1p35.1	HERVS71-int	chr1	32923851	32926914	-	turquoise
HERVS71_2q14.3b	HERVS71-int	chr2	123686372	123691521	+	turquoise
HERVS71_2q24.1	HERVS71-int	chr2	154576160	154578301	-	turquoise
HERVS71_3p12.3	HERVS71-int	chr3	75500237	75507467	-	turquoise
HERVS71_3q12.3	HERVS71-int	chr3	101632045	101642056	+	turquoise
HERVS71_3q21.2	HERVS71-int	chr3	125831940	125839359	+	turquoise
HERVS71_3q22.1	HERVS71-int	chr3	130176684	130184114	-	turquoise
HERVS71_3q24	HERVS71-int	chr3	146405006	146412157	-	turquoise
HERVS71_3q26.1	HERVS71-int	chr3	164334009	164341897	-	turquoise
HERVS71_4p16.1a	HERVS71-int	chr4	9068498	9075838	+	turquoise
HERVS71_4p16.1b	HERVS71-int	chr4	9599829	9607243	+	turquoise
HERVS71_4p16.3	HERVS71-int	chr4	4030241	4037574	-	turquoise
HERVS71_5q15	HERVS71-int	chr5	95707337	95712075	-	turquoise
HERVS71_6p22.1	HERVS71-int	chr6	28766179	28776502	-	turquoise
HERVS71_6q14.3	HERVS71-int	chr6	86473027	86481664	+	turquoise
HERVS71_7p14.3	HERVS71-int	chr7	29636372	29646401	-	turquoise
HERVS71_7p22.1	HERVS71-int	chr7	6988359	6995705	-	turquoise
HERVS71_7q33	HERVS71-int	chr7	134548479	134557896	+	turquoise
HERVS71_8p11.1	HERVS71-int	chr8	43551325	43561237	-	turquoise
HERVS71_8p23.1a	HERVS71-int	chr8	8138446	8145756	+	turquoise
HERVS71_8p23.1b	HERVS71-int	chr8	12519908	12527223	-	turquoise
HERVS71_Yp11.2a	HERVS71-int	chrY	6890827	6895586	+	turquoise
HERVS71_Yp11.2b	HERVS71-int	chrY	7830919	7841079	+	turquoise
HERVS71_Yq11.21	HERVS71-int	chrY	12354337	12361993	-	turquoise
HERVS71_Yq11.23b	HERVS71-int	chrY	25836516	25845674	-	turquoise
HERVW_10p12.2	HERV17-int	chr10	23296192	23302161	-	turquoise
HERVW_10q11.23	HERV17-int	chr10	48665296	48667004	-	turquoise
HERVW_10q21.2a	HERV17-int	chr10	61033703	61035784	-	turquoise
HERVW_10q21.2b	HERV17-int	chr10	61035862	61039913	-	turquoise
HERVW_10q23.1	HERV17-int	chr10	84525371	84531069	-	turquoise
HERVW_10q23.33	HERV17-int	chr10	94834569	94841534	-	turquoise
HERVW_10q24.1	HERV17-int	chr10	95717359	95724870	-	turquoise
HERVW_11p12	HERV17-int	chr11	38601589	38607240	+	turquoise
HERVW_11p14.2	HERV17-int	chr11	26590431	26597675	-	turquoise
HERVW_11p14.3a	HERV17-int	chr11	22312819	22318319	-	turquoise
HERVW_11p14.3b	HERV17-int	chr11	26001116	26005726	+	turquoise
HERVW_11p15.1	HERV17-int	chr11	18818957	18820915	-	turquoise
HERVW_11p15.4	HERV17-int	chr11	9347806	9349617	-	turquoise
HERVW_11q14.1	HERV17-int	chr11	77858328	77863478	-	turquoise
HERVW_11q14.2	HERV17-int	chr11	86833496	86836818	-	turquoise
HERVW_11q23.2	HERV17-int	chr11	114347204	114349692	-	turquoise
HERVW_12p11.1	HERV17-int	chr12	34100121	34102956	+	turquoise
HERVW_12p12.3	HERV17-int	chr12	18068008	18070640	+	turquoise
HERVW_12p13.1	HERV17-int	chr12	14216760	14221108	+	turquoise
HERVW_12p13.31a	HERV17-int	chr12	7181147	7186533	+	turquoise
HERVW_12p13.31b	HERV17-int	chr12	8761414	8768468	-	turquoise
HERVW_12q12a	HERV17-int	chr12	38028269	38031180	-	turquoise
HERVW_12q12b	HERV17-int	chr12	38471581	38474423	+	turquoise
HERVW_12q12c	HERV17-int	chr12	38636501	38641551	+	turquoise
HERVW_12q12d	HERV17-int	chr12	40383636	40389538	+	turquoise
HERVW_12q13.12	HERV17-int	chr12	50902476	50912387	-	turquoise
HERVW_12q13.3	HERV17-int	chr12	56967072	56968594	-	turquoise
HERVW_12q14.1	HERV17-int	chr12	58851865	58859752	-	turquoise
HERVW_12q21.31	HERV17-int	chr12	84793972	84798674	+	turquoise
HERVW_12q24.31	HERV17-int	chr12	123548418	123557734	+	turquoise
HERVW_12q24.33b	HERV17-int	chr12	131875335	131880952	-	turquoise
HERVW_13q13.3	HERV17-int	chr13	36956650	36958981	+	turquoise
HERVW_13q21.1	HERV17-int	chr13	55053631	55061742	+	turquoise
HERVW_13q21.31	HERV17-int	chr13	64705642	64708293	-	turquoise
HERVW_13q21.33	HERV17-int	chr13	69221626	69225336	+	turquoise
HERVW_13q31.1	HERV17-int	chr13	82457554	82460573	+	turquoise
HERVW_13q31.3	HERV17-int	chr13	93040813	93043481	+	turquoise
HERVW_14q11.2	HERV17-int	chr14	22236551	22244186	+	turquoise
HERVW_14q21.1	HERV17-int	chr14	38104231	38107296	+	turquoise
HERVW_14q21.2	HERV17-int	chr14	45019485	45023694	-	turquoise
HERVW_14q22.1	HERV17-int	chr14	53361643	53363005	+	turquoise
HERVW_14q23.1	HERV17-int	chr14	58122281	58126144	+	turquoise
HERVW_14q32.11	HERV17-int	chr14	91225665	91226868	-	turquoise
HERVW_15q21.2	HERV17-int	chr15	51357366	51360808	+	turquoise
HERVW_15q21.3	HERV17-int	chr15	55304882	55312376	-	turquoise
HERVW_15q22.32	HERV17-int	chr15	66969224	66976624	-	turquoise
HERVW_15q26.1	HERV17-int	chr15	92298147	92302200	+	turquoise
HERVW_16p12.3	HERV17-int	chr16	20644952	20646904	+	turquoise
HERVW_17q12b	HERV17-int	chr17	37332949	37336681	+	turquoise
HERVW_17q21.33	HERV17-int	chr17	50399022	50405700	-	turquoise
HERVW_17q22	HERV17-int	chr17	55011525	55018498	-	turquoise
HERVW_18p11.31a	HERV17-int	chr18	4681680	4683913	+	turquoise
HERVW_18p11.31b	HERV17-int	chr18	4686671	4692409	+	turquoise
HERVW_18q21.32	HERV17-int	chr18	60710607	60713716	+	turquoise
HERVW_19p12b	HERV17-int	chr19	21629385	21634782	+	turquoise
HERVW_19p12c	HERV17-int	chr19	22745377	22752074	+	turquoise
HERVW_19p12d	HERV17-int	chr19	24167650	24170276	-	turquoise
HERVW_1p12a	HERV17-int	chr1	119168299	119171363	-	turquoise
HERVW_1p12b	HERV17-int	chr1	119180393	119183271	-	turquoise
HERVW_1p13.3	HERV17-int	chr1	109852233	109858142	-	turquoise
HERVW_1p22.2a	HERV17-int	chr1	88924529	88931881	+	turquoise
HERVW_1p22.2b	HERV17-int	chr1	91179132	91181141	+	turquoise
HERVW_1p32.2	HERV17-int	chr1	55783184	55788968	-	turquoise
HERVW_1p32.3a	HERV17-int	chr1	51226975	51230497	+	turquoise
HERVW_1p32.3b	HERV17-int	chr1	54911009	54919525	-	turquoise
HERVW_1p33a	HERV17-int	chr1	46385782	46391326	-	turquoise
HERVW_1p33b	HERV17-int	chr1	46946602	46948076	+	turquoise
HERVW_1p33c	HERV17-int	chr1	46951891	46958907	+	turquoise
HERVW_1p34.2	HERV17-int	chr1	41944456	41950309	+	turquoise
HERVW_1q22	HERV17-int	chr1	155622390	155626664	-	turquoise
HERVW_1q25.2	HERV17-int	chr1	178141219	178143059	-	turquoise
HERVW_1q32.1	HERV17-int	chr1	205866332	205871494	-	turquoise
HERVW_1q32.3a	HERV17-int	chr1	211855798	211857873	-	turquoise
HERVW_1q42.13	HERV17-int	chr1	227624514	227633559	-	turquoise
HERVW_20p13	HERV17-int	chr20	190692	194167	-	turquoise
HERVW_20q13.2	HERV17-int	chr20	55348967	55353051	+	turquoise
HERVW_21q21.1	HERV17-int	chr21	18752744	18760548	-	turquoise
HERVW_21q21.3	HERV17-int	chr21	26854437	26862006	+	turquoise
HERVW_21q22.2	HERV17-int	chr21	39739264	39746425	-	turquoise
HERVW_2p12a	HERV17-int	chr2	75871690	75879498	+	turquoise
HERVW_2p12b	HERV17-int	chr2	79163171	79170353	-	turquoise
HERVW_2p16.2	HERV17-int	chr2	53756643	53761425	+	turquoise
HERVW_2p22.3	HERV17-int	chr2	33657422	33664455	+	turquoise
HERVW_2p23.1a	HERV17-int	chr2	30518533	30520264	+	turquoise
HERVW_2p23.1b	HERV17-int	chr2	31629154	31634158	+	turquoise
HERVW_2p24.2	HERV17-int	chr2	17338941	17346714	+	turquoise
HERVW_2p25.3	HERV17-int	chr2	153396	160782	-	turquoise
HERVW_2q11.2	HERV17-int	chr2	96217144	96223328	-	turquoise
HERVW_2q12.2	HERV17-int	chr2	106209214	106215676	+	turquoise
HERVW_2q13	HERV17-int	chr2	112039346	112044989	-	turquoise
HERVW_2q22.1	HERV17-int	chr2	136201887	136203359	-	turquoise
HERVW_2q22.2	HERV17-int	chr2	142899925	142907899	-	turquoise
HERVW_2q22.3	HERV17-int	chr2	146998541	147001123	+	turquoise
HERVW_2q24.3	HERV17-int	chr2	164657911	164659611	-	turquoise
HERVW_2q31.1a	HERV17-int	chr2	171560037	171562107	-	turquoise
HERVW_2q31.2	HERV17-int	chr2	177409245	177413158	-	turquoise
HERVW_2q31.3a	HERV17-int	chr2	180057712	180060299	+	turquoise
HERVW_2q31.3b	HERV17-int	chr2	180231677	180239319	+	turquoise
HERVW_2q32.3	HERV17-int	chr2	195334677	195340075	-	turquoise
HERVW_2q35	HERV17-int	chr2	217590846	217592765	-	turquoise
HERVW_2q37.3	HERV17-int	chr2	238980515	238982406	-	turquoise
HERVW_3p11.1	HERV17-int	chr3	87940794	87946379	-	turquoise
HERVW_3p12.3a	HERV17-int	chr3	74872833	74874453	-	turquoise
HERVW_3p12.3b	HERV17-int	chr3	74874536	74878086	-	turquoise
HERVW_3p21.31	HERV17-int	chr3	48330526	48333802	-	turquoise
HERVW_3p22.1	HERV17-int	chr3	39658378	39660074	+	turquoise
HERVW_3p22.2	HERV17-int	chr3	38289418	38297325	-	turquoise
HERVW_3p24.1	HERV17-int	chr3	27001024	27006410	+	turquoise
HERVW_3p24.3	HERV17-int	chr3	19871765	19876641	-	turquoise
HERVW_3q11.2	HERV17-int	chr3	96666475	96675444	-	turquoise
HERVW_3q13.31	HERV17-int	chr3	115744575	115746918	+	turquoise
HERVW_3q13.32	HERV17-int	chr3	118842668	118851684	+	turquoise
HERVW_3q22.2	HERV17-int	chr3	135935349	135938908	+	turquoise
HERVW_3q23a	HERV17-int	chr3	141819790	141821513	+	turquoise
HERVW_3q23b	HERV17-int	chr3	142438179	142443654	+	turquoise
HERVW_3q25.1a	HERV17-int	chr3	149756462	149758825	-	turquoise
HERVW_3q25.1b	HERV17-int	chr3	150854256	150861337	+	turquoise
HERVW_3q26.1a	HERV17-int	chr3	162322679	162328369	+	turquoise
HERVW_3q26.1b	HERV17-int	chr3	163694477	163701027	-	turquoise
HERVW_3q26.31	HERV17-int	chr3	172720804	172723487	+	turquoise
HERVW_3q26.32	HERV17-int	chr3	179054591	179060155	+	turquoise
HERVW_3q28	HERV17-int	chr3	191658784	191665592	+	turquoise
HERVW_4p13	HERV17-int	chr4	42285438	42292896	-	turquoise
HERVW_4p14	HERV17-int	chr4	36440530	36443994	-	turquoise
HERVW_4p16.1	HERV17-int	chr4	8420365	8427765	+	turquoise
HERVW_4p16.3	HERV17-int	chr4	191763	197016	-	turquoise
HERVW_4q13.1a	HERV17-int	chr4	62971017	62973703	+	turquoise
HERVW_4q13.1b	HERV17-int	chr4	62974410	62977760	+	turquoise
HERVW_4q13.3a	HERV17-int	chr4	72925576	72930782	-	turquoise
HERVW_4q13.3b	HERV17-int	chr4	72930857	72933186	-	turquoise
HERVW_4q21.22	HERV17-int	chr4	82473317	82480053	+	turquoise
HERVW_4q21.23	HERV17-int	chr4	85352126	85355394	-	turquoise
HERVW_4q23	HERV17-int	chr4	99104739	99109954	-	turquoise
HERVW_4q25	HERV17-int	chr4	110278874	110284444	-	turquoise
HERVW_4q26	HERV17-int	chr4	114044380	114051816	+	turquoise
HERVW_4q28.3	HERV17-int	chr4	132882300	132889138	+	turquoise
HERVW_4q31.1	HERV17-int	chr4	138621787	138627199	-	turquoise
HERVW_4q32.3	HERV17-int	chr4	164655632	164658152	+	turquoise
HERVW_4q33b	HERV17-int	chr4	170191574	170195620	-	turquoise
HERVW_4q35.1	HERV17-int	chr4	182999393	183004400	+	turquoise
HERVW_5p12	HERV17-int	chr5	44111088	44115077	+	turquoise
HERVW_5p13.2a	HERV17-int	chr5	34062180	34063274	-	turquoise
HERVW_5p13.2b	HERV17-int	chr5	36328700	36333122	-	turquoise
HERVW_5p13.3	HERV17-int	chr5	31395132	31397814	-	turquoise
HERVW_5p14.3	HERV17-int	chr5	18742472	18746014	-	turquoise
HERVW_5q11.2	HERV17-int	chr5	57520023	57522889	-	turquoise
HERVW_5q12.1	HERV17-int	chr5	60658495	60666453	+	turquoise
HERVW_5q21.3	HERV17-int	chr5	108574106	108578582	-	turquoise
HERVW_5q22.2	HERV17-int	chr5	112443692	112451498	+	turquoise
HERVW_6p12.2	HERV17-int	chr6	52914876	52921914	-	turquoise
HERVW_6p22.3	HERV17-int	chr6	24676688	24683100	-	turquoise
HERVW_6p23	HERV17-int	chr6	13878336	13883724	+	turquoise
HERVW_6p25.3	HERV17-int	chr6	1330047	1331614	-	turquoise
HERVW_6q12	HERV17-int	chr6	65004992	65011967	+	turquoise
HERVW_6q14.1	HERV17-int	chr6	81336946	81343927	+	turquoise
HERVW_6q14.2	HERV17-int	chr6	83443760	83450390	+	turquoise
HERVW_6q14.3a	HERV17-int	chr6	84711702	84718373	-	turquoise
HERVW_6q14.3b	HERV17-int	chr6	85973857	85975559	-	turquoise
HERVW_6q15	HERV17-int	chr6	88414193	88421507	-	turquoise
HERVW_6q21a	HERV17-int	chr6	106228137	106235814	+	turquoise
HERVW_6q21b	HERV17-int	chr6	107299413	107300743	+	turquoise
HERVW_6q21c	HERV17-int	chr6	111131018	111138073	+	turquoise
HERVW_6q22.1	HERV17-int	chr6	114998386	115001839	+	turquoise
HERVW_6q23.3a	HERV17-int	chr6	137718928	137720499	-	turquoise
HERVW_6q23.3b	HERV17-int	chr6	137720646	137722702	-	turquoise
HERVW_6q24.2a	HERV17-int	chr6	143079801	143087712	-	turquoise
HERVW_6q24.2b	HERV17-int	chr6	144116325	144121561	-	turquoise
HERVW_6q27a	HERV17-int	chr6	166313897	166316431	+	turquoise
HERVW_6q27b	HERV17-int	chr6	166891080	166898253	+	turquoise
HERVW_7p14.1	HERV17-int	chr7	40167438	40173763	-	turquoise
HERVW_7q21.2	HERV17-int	chr7	92467999	92478192	-	turquoise
HERVW_7q31.1a	HERV17-int	chr7	108337281	108344490	+	turquoise
HERVW_7q31.1b	HERV17-int	chr7	114379088	114386320	-	turquoise
HERVW_7q31.31	HERV17-int	chr7	119566189	119570829	+	turquoise
HERVW_7q31.32	HERV17-int	chr7	122171655	122177595	+	turquoise
HERVW_7q32.3	HERV17-int	chr7	131820842	131824924	-	turquoise
HERVW_7q33	HERV17-int	chr7	134585423	134593015	+	turquoise
HERVW_7q36.1	HERV17-int	chr7	149671597	149677221	+	turquoise
HERVW_8p21.3	HERV17-int	chr8	20154739	20159633	+	turquoise
HERVW_8q11.21	HERV17-int	chr8	48235942	48239387	-	turquoise
HERVW_8q12.1	HERV17-int	chr8	60419414	60425519	-	turquoise
HERVW_8q12.3a	HERV17-int	chr8	62595401	62597370	-	turquoise
HERVW_8q12.3b	HERV17-int	chr8	64765352	64768361	+	turquoise
HERVW_8q13.2	HERV17-int	chr8	67921963	67923631	+	turquoise
HERVW_8q21.13	HERV17-int	chr8	80739716	80743192	+	turquoise
HERVW_8q24.13	HERV17-int	chr8	124899765	124904056	-	turquoise
HERVW_8q24.21	HERV17-int	chr8	128377852	128381876	-	turquoise
HERVW_9p13.3	HERV17-int	chr9	35640305	35642827	-	turquoise
HERVW_9p21.1a	HERV17-int	chr9	29656327	29658927	-	turquoise
HERVW_9p21.1b	HERV17-int	chr9	29776759	29779438	-	turquoise
HERVW_9p24.1	HERV17-int	chr9	8747224	8748523	+	turquoise
HERVW_9q22.1	HERV17-int	chr9	88940011	88944424	-	turquoise
HERVW_9q31.3	HERV17-int	chr9	111336413	111338179	+	turquoise
HERVW_Xp11.21	HERV17-int	chrX	57398559	57405610	-	turquoise
HERVW_Xp11.3	HERV17-int	chrX	46186895	46189578	+	turquoise
HERVW_Xp22.31	HERV17-int	chrX	7699169	7704068	-	turquoise
HERVW_Xq12	HERV17-int	chrX	66297178	66299443	-	turquoise
HERVW_Xq13.3	HERV17-int	chrX	75898297	75905073	-	turquoise
HERVW_Xq21.1a	HERV17-int	chrX	78346606	78350527	-	turquoise
HERVW_Xq21.1b	HERV17-int	chrX	79955891	79963094	+	turquoise
HERVW_Xq22.3a	HERV17-int	chrX	106000793	106004122	+	turquoise
HERVW_Xq22.3c	HERV17-int	chrX	107052131	107054871	-	turquoise
HERVW_Xq23	HERV17-int	chrX	116737956	116741447	-	turquoise
HERVW_Xq26.2	HERV17-int	chrX	131929251	131933044	-	turquoise
HERVW_Xq27.1	HERV17-int	chrX	140077596	140080821	+	turquoise
HERVW_Yp11.2	HERV17-int	chrY	7886024	7892639	-	turquoise
HERVW_Yq11.221	HERV17-int	chrY	14341042	14344697	-	turquoise
HERVW_Yq11.222a	HERV17-int	chrY	17132658	17137187	-	turquoise
HERVW_Yq11.222b	HERV17-int	chrY	19079938	19087497	+	turquoise
HML1_10p11.1	HERVK14-int	chr10	39080463	39083420	-	turquoise
HML1_10p15.1	HERVK14-int	chr10	5035130	5038306	+	turquoise
HML1_10q22.1	HERVK14-int	chr10	71955167	71961407	+	turquoise
HML1_10q22.3	HERVK14-int	chr10	80105622	80109090	+	turquoise
HML1_10q25.1	HERVK14-int	chr10	108730536	108732597	+	turquoise
HML1_10q26.3	HERVK14-int	chr10	133603540	133608205	+	turquoise
HML1_11p14.3	HERVK14-int	chr11	24228505	24230070	+	turquoise
HML1_11p15.1a	HERVK14-int	chr11	18817735	18822111	-	turquoise
HML1_11p15.1b	HERVK14-int	chr11	18982403	18984554	+	turquoise
HML1_11q12.1	HERVK14-int	chr11	56327845	56333225	-	turquoise
HML1_11q13.4	HERVK14-int	chr11	73938890	73947474	-	turquoise
HML1_11q23.3	HERVK14-int	chr11	121236524	121240494	+	turquoise
HML1_12q13.11	HERVK14-int	chr12	48506813	48511786	+	turquoise
HML1_12q15a	HERVK14-int	chr12	69201147	69203311	+	turquoise
HML1_12q15b	HERVK14-int	chr12	70445315	70448869	-	turquoise
HML1_13q31.3b	HERVK14-int	chr13	93043469	93044777	+	turquoise
HML1_14q21.2	HERVK14-int	chr14	45714251	45715445	-	turquoise
HML1_14q32.32	HERVK14-int	chr14	103169999	103174858	+	turquoise
HML1_15q21.2	HERVK14-int	chr15	51282244	51285924	+	turquoise
HML1_15q22.2	HERVK14-int	chr15	62211914	62217124	-	turquoise
HML1_15q24.2	HERVK14-int	chr15	76262993	76269680	+	turquoise
HML1_16p11.2	HERVK14-int	chr16	31659961	31668393	+	turquoise
HML1_16p12.3a	HERVK14-int	chr16	20641357	20642589	+	turquoise
HML1_16p12.3b	HERVK14-int	chr16	20646892	20648152	+	turquoise
HML1_17q25.1	HERVK14-int	chr17	75022576	75030520	+	turquoise
HML1_19p12a	HERVK14-int	chr19	20317908	20322352	-	turquoise
HML1_19p12b	HERVK14-int	chr19	20711178	20713338	-	turquoise
HML1_19p12c	HERVK14-int	chr19	23950435	23956522	-	turquoise
HML1_19p12d	HERVK14-int	chr19	24166421	24167649	-	turquoise
HML1_19p12e	HERVK14-int	chr19	24170315	24171486	-	turquoise
HML1_19p13.2	HERVK14-int	chr19	12450589	12454543	+	turquoise
HML1_19q13.41a	HERVK14-int	chr19	51397351	51399492	-	turquoise
HML1_19q13.41b	HERVK14-int	chr19	51399543	51402957	-	turquoise
HML1_19q13.43	HERVK14-int	chr19	57896193	57904466	+	turquoise
HML1_1p31.3	HERVK14-int	chr1	62178464	62183789	-	turquoise
HML1_1q23.3	HERVK14-int	chr1	161489309	161491458	+	turquoise
HML1_1q32.1	HERVK14-int	chr1	205857564	205862572	+	turquoise
HML1_1q42.12	HERVK14-int	chr1	225791551	225801391	-	turquoise
HML1_21p11.2b	HERVK14-int	chr21	9298495	9300556	+	turquoise
HML1_22p11.2c	HERVK14-int	chr22	12202323	12204378	-	turquoise
HML1_22q12.2	HERVK14-int	chr22	30675434	30679923	-	turquoise
HML1_2p11.2	HERVK14-int	chr2	84470760	84477426	-	turquoise
HML1_2p13.3	HERVK14-int	chr2	68606478	68607524	-	turquoise
HML1_2q12.2	HERVK14-int	chr2	105989643	105992204	+	turquoise
HML1_2q31.3a	HERVK14-int	chr2	180056513	180057669	+	turquoise
HML1_3p12.3	HERVK14-int	chr3	75810139	75812281	-	turquoise
HML1_3q21.3	HERVK14-int	chr3	128920573	128924432	+	turquoise
HML1_3q26.31b	HERVK14-int	chr3	172723488	172724743	+	turquoise
HML1_4p13	HERVK14-int	chr4	43468818	43472828	+	turquoise
HML1_4q22.1	HERVK14-int	chr4	87402106	87408795	-	turquoise
HML1_4q25	HERVK14-int	chr4	107328005	107334793	+	turquoise
HML1_4q35.1	HERVK14-int	chr4	184909081	184913127	-	turquoise
HML1_5p13.2	HERVK14-int	chr5	36059135	36060241	+	turquoise
HML1_5p14.1	HERVK14-int	chr5	24747409	24751712	-	turquoise
HML1_5p14.2a	HERVK14-int	chr5	23687166	23690734	+	turquoise
HML1_5p14.2b	HERVK14-int	chr5	24308072	24313343	-	turquoise
HML1_6q14.1	HERVK14-int	chr6	78854118	78858747	+	turquoise
HML1_6q22.32	HERVK14-int	chr6	125910949	125912799	-	turquoise
HML1_6q23.2	HERVK14-int	chr6	134600811	134605423	-	turquoise
HML1_6q27a	HERVK14-int	chr6	166316419	166317653	+	turquoise
HML1_7p14.3a	HERVK14-int	chr7	30536160	30537509	+	turquoise
HML1_7p14.3b	HERVK14-int	chr7	30543642	30546185	+	turquoise
HML1_7p21.3	HERVK14-int	chr7	9016704	9021146	+	turquoise
HML1_7q33a	HERVK14-int	chr7	136260544	136264819	-	turquoise
HML1_7q33b	HERVK14-int	chr7	138339205	138345859	+	turquoise
HML1_8q12.1	HERVK14-int	chr8	60493462	60499918	+	turquoise
HML1_8q21.13	HERVK14-int	chr8	78645811	78649373	+	turquoise
HML1_9p21.1b	HERVK14-int	chr9	29658988	29660160	-	turquoise
HML1_9p21.1c	HERVK14-int	chr9	29775513	29776757	-	turquoise
HML1_9p21.1d	HERVK14-int	chr9	29779508	29780677	-	turquoise
HML1_9q31.1	HERVK14-int	chr9	101123434	101127858	-	turquoise
HML1_Xq21.31	HERVK14-int	chrX	88842310	88848834	-	turquoise
HML1_Xq22.1	HERVK14-int	chrX	101183246	101189871	-	turquoise
HML1_Xq24	HERVK14-int	chrX	118293074	118300736	-	turquoise
HML1_Yq11.21b	HERVK14-int	chrY	12321453	12327775	+	turquoise
HML1_Yq11.221a	HERVK14-int	chrY	13612616	13618615	-	turquoise
HML1_Yq11.221b	HERVK14-int	chrY	15400320	15405096	+	turquoise
HML2_10p14	HERVK-int	chr10	6824179	6833641	-	yellow
HML2_10q24.2	HERVK-int	chr10	99820812	99827988	-	yellow
HML2_11p15.4a	HERVK-int	chr11	3447426	3456979	-	yellow
HML2_11q12.1	HERVK-int	chr11	59000009	59005723	+	yellow
HML2_11q12.3b	HERVK-int	chr11	62375545	62383091	-	yellow
HML2_11q22.1	HERVK-int	chr11	101695063	101704528	+	yellow
HML2_11q23.3	HERVK-int	chr11	118721015	118730174	-	yellow
HML2_12p11.1	HERVK-int	chr12	34619620	34629282	-	yellow
HML2_12q14.1	HERVK-int	chr12	58327459	58336915	-	yellow
HML2_12q24.33	HERVK-int	chr12	133090536	133096478	-	yellow
HML2_14q11.2	HERVK-int	chr14	24009696	24015776	-	yellow
HML2_15q25.2	HERVK-int	chr15	84160268	84163612	+	yellow
HML2_16p11.2a	HERVK-int	chr16	34412057	34414804	-	yellow
HML2_17p13.1	HERVK-int	chr17	8056337	8063901	+	yellow
HML2_19p12a	HERVK-int	chr19	20276591	20286703	+	yellow
HML2_19p12b	HERVK-int	chr19	22575022	22581759	+	yellow
HML2_19p13.3	HERVK-int	chr19	385095	387637	+	yellow
HML2_19q11	HERVK-int	chr19	27637590	27646453	-	yellow
HML2_19q13.12a	HERVK-int	chr19	35572527	35576532	-	yellow
HML2_19q13.12b	HERVK-int	chr19	37106647	37116164	-	yellow
HML2_19q13.41a	HERVK-int	chr19	52745023	52748339	-	yellow
HML2_19q13.41b	HERVK-int	chr19	52748422	52750454	-	yellow
HML2_19q13.42	HERVK-int	chr19	53359095	53364791	+	yellow
HML2_1p31.1	HERVK-int	chr1	75377086	75383458	+	yellow
HML2_1p34.3	HERVK-int	chr1	36488984	36491127	-	yellow
HML2_1p36.21a	HERVK-int	chr1	12780115	12785935	-	yellow
HML2_1p36.21b	HERVK-int	chr1	13012447	13021988	-	yellow
HML2_1p36.21c	HERVK-int	chr1	13206972	13216513	+	yellow
HML2_1p36.21d	HERVK-int	chr1	13352736	13362257	+	yellow
HML2_1q21.3	HERVK-int	chr1	150632886	150634662	-	yellow
HML2_1q22	HERVK-int	chr1	155626666	155635845	-	yellow
HML2_1q23.3	HERVK-int	chr1	160690785	160700016	+	yellow
HML2_1q24.1	HERVK-int	chr1	166605366	166611021	-	yellow
HML2_1q32.2	HERVK-int	chr1	207635112	207639291	-	yellow
HML2_20q11.22	HERVK-int	chr20	34127754	34136578	+	yellow
HML2_21q21.1	HERVK-int	chr21	18561341	18569644	-	yellow
HML2_22q11.21	HERVK-int	chr22	18938674	18947848	+	yellow
HML2_22q11.23	HERVK-int	chr22	23536062	23546900	+	yellow
HML2_2q21.1	HERVK-int	chr2	129961965	129965044	-	yellow
HML2_3p12.3	HERVK-int	chr3	75551314	75559999	+	yellow
HML2_3p25.3	HERVK-int	chr3	9847662	9854552	-	yellow
HML2_3q12.3	HERVK-int	chr3	101691893	101701015	+	yellow
HML2_3q13.2	HERVK-int	chr3	113024277	113033435	-	yellow
HML2_3q21.2	HERVK-int	chr3	125890459	125899596	+	yellow
HML2_3q27.2	HERVK-int	chr3	185562548	185571727	-	yellow
HML2_4p16.1a	HERVK-int	chr4	9121786	9131367	+	yellow
HML2_4p16.1b	HERVK-int	chr4	9657956	9667550	+	yellow
HML2_4p16.3a	HERVK-int	chr4	241200	245565	+	yellow
HML2_4p16.3b	HERVK-int	chr4	3977324	3986912	-	yellow
HML2_4q13.2	HERVK-int	chr4	68597991	68603505	+	yellow
HML2_4q32.3	HERVK-int	chr4	164995688	165002916	+	yellow
HML2_4q35.2	HERVK-int	chr4	190106259	190113546	-	yellow
HML2_5p12	HERVK-int	chr5	46000057	46009900	-	yellow
HML2_5p13.3	HERVK-int	chr5	30486653	30496098	-	yellow
HML2_5q33.2	HERVK-int	chr5	154635953	154644655	-	yellow
HML2_5q33.3	HERVK-int	chr5	156657706	156666885	-	yellow
HML2_6p21.1	HERVK-int	chr6	42893671	42903629	-	yellow
HML2_6p22.1	HERVK-int	chr6	28682591	28692958	+	yellow
HML2_6q11.1	HERVK-int	chr6	60654987	60660975	+	yellow
HML2_6q14.1	HERVK-int	chr6	77716945	77726366	-	yellow
HML2_6q25.1	HERVK-int	chr6	150859613	150862438	+	yellow
HML2_7p22.1	HERVK-int	chr7	4582426	4600400	-	yellow
HML2_7q11.21	HERVK-int	chr7	66004684	66007803	-	yellow
HML2_7q34	HERVK-int	chr7	141752118	141756138	-	yellow
HML2_8p22	HERVK-int	chr8	17908096	17916431	-	yellow
HML2_8p23.1c	HERVK-int	chr8	8197178	8206699	+	yellow
HML2_8p23.1d	HERVK-int	chr8	12216461	12225988	-	yellow
HML2_8p23.1f	HERVK-int	chr8	12461223	12468498	-	yellow
HML2_8q11.1a	HERVK-int	chr8	46264028	46267723	-	yellow
HML2_8q11.1b	HERVK-int	chr8	46267760	46272039	-	yellow
HML2_8q24.3b	HERVK-int	chr8	145021244	145028834	-	yellow
HML2_9q34.11	HERVK-int	chr9	128850236	128857457	+	yellow
HML2_9q34.3	HERVK-int	chr9	136780314	136789776	-	yellow
HML2_Xq11.1	HERVK-int	chrX	62740079	62742584	+	yellow
HML2_Xq12	HERVK-int	chrX	66464290	66466342	-	yellow
HML2_Xq28b	HERVK-int	chrX	154608423	154615762	-	yellow
HML2_Yp11.2	HERVK-int	chrY	6958400	6965343	-	yellow
HML2_Yq11.23a	HERVK-int	chrY	24251690	24254888	-	yellow
HML2_Yq11.23b	HERVK-int	chrY	25415255	25418454	+	yellow
HML3_10p11.1a	HERVK9-int	chr10	39197740	39202524	-	yellow
HML3_10p11.1b	HERVK9-int	chr10	39209161	39210871	-	yellow
HML3_10q11.21a	HERVK9-int	chr10	42486524	42494602	+	yellow
HML3_10q11.21b	HERVK9-int	chr10	42494899	42502222	+	yellow
HML3_10q11.21c	HERVK9-int	chr10	42506072	42510738	-	yellow
HML3_10q11.21d	HERVK9-int	chr10	43586832	43591985	+	yellow
HML3_10q21.1	HERVK9-int	chr10	53335597	53342907	-	yellow
HML3_10q21.3	HERVK9-int	chr10	63847430	63851681	+	yellow
HML3_10q22.1	HERVK9-int	chr10	68861092	68868584	-	yellow
HML3_10q26.11	HERVK9-int	chr10	118612442	118614732	-	yellow
HML3_10q26.3	HERVK9-int	chr10	130290809	130297789	+	yellow
HML3_11p11.12a	HERVK9-int	chr11	50508440	50514436	+	yellow
HML3_11p11.12b	HERVK9-int	chr11	50552849	50554412	+	yellow
HML3_11q12.1	HERVK9-int	chr11	59923570	59929756	+	yellow
HML3_11q22.3	HERVK9-int	chr11	110396219	110399788	+	yellow
HML3_12q12a	HERVK9-int	chr12	39188962	39192190	-	yellow
HML3_12q12b	HERVK9-int	chr12	39197559	39201222	-	yellow
HML3_12q13.11	HERVK9-int	chr12	47443339	47448766	-	yellow
HML3_12q13.12	HERVK9-int	chr12	50491884	50498846	-	yellow
HML3_12q13.13	HERVK9-int	chr12	51734197	51740272	-	yellow
HML3_12q22	HERVK9-int	chr12	94355584	94359308	+	yellow
HML3_12q23.2a	HERVK9-int	chr12	102661271	102666844	-	yellow
HML3_12q23.3	HERVK9-int	chr12	105302834	105309240	-	yellow
HML3_13q12.11a	HERVK9-int	chr13	19626322	19631230	+	yellow
HML3_13q12.11b	HERVK9-int	chr13	20678247	20685411	-	yellow
HML3_13q12.12	HERVK9-int	chr13	23006722	23011038	+	yellow
HML3_13q21.1	HERVK9-int	chr13	54918091	54920187	-	yellow
HML3_14q21.1	HERVK9-int	chr14	42307103	42314189	-	yellow
HML3_14q22.1	HERVK9-int	chr14	52164599	52172577	+	yellow
HML3_14q22.3b	HERVK9-int	chr14	57365957	57368010	+	yellow
HML3_14q32.32	HERVK9-int	chr14	103233998	103239485	+	yellow
HML3_15q11.2	HERVK9-int	chr15	23695617	23701966	-	yellow
HML3_15q12	HERVK9-int	chr15	25636096	25640795	+	yellow
HML3_15q26.1	HERVK9-int	chr15	89233714	89240303	-	yellow
HML3_16p11.2a	HERVK9-int	chr16	31539720	31543400	+	yellow
HML3_16p11.2c	HERVK9-int	chr16	35068520	35074915	-	yellow
HML3_16p13.13	HERVK9-int	chr16	10417952	10424337	-	yellow
HML3_16p13.3	HERVK9-int	chr16	3076839	3081509	-	yellow
HML3_17p11.2	HERVK9-int	chr17	21077815	21080559	-	yellow
HML3_17p13.1	HERVK9-int	chr17	6875146	6881530	-	yellow
HML3_17q11.2a	HERVK9-int	chr17	27684289	27686098	+	yellow
HML3_17q11.2b	HERVK9-int	chr17	27696449	27702611	+	yellow
HML3_17q11.2c	HERVK9-int	chr17	29985397	29991757	-	yellow
HML3_17q11.2d	HERVK9-int	chr17	31633108	31639019	+	yellow
HML3_17q21.32	HERVK9-int	chr17	49170645	49176690	-	yellow
HML3_18p11.22	HERVK9-int	chr18	10219927	10225971	-	yellow
HML3_19p12a	HERVK9-int	chr19	21338382	21345290	-	yellow
HML3_19p12b	HERVK9-int	chr19	21412023	21417699	-	yellow
HML3_19p12c	HERVK9-int	chr19	21417759	21419018	-	yellow
HML3_19p12d	HERVK9-int	chr19	21666568	21672069	-	yellow
HML3_19p12f	HERVK9-int	chr19	23532070	23540666	+	yellow
HML3_19p12g	HERVK9-int	chr19	23572700	23577318	-	yellow
HML3_19p13.2a	HERVK9-int	chr19	9453904	9462598	+	yellow
HML3_19p13.2b	HERVK9-int	chr19	9711509	9717966	-	yellow
HML3_19p13.2c	HERVK9-int	chr19	12022006	12027814	+	yellow
HML3_19p13.2d	HERVK9-int	chr19	12098326	12102949	-	yellow
HML3_19p13.2e	HERVK9-int	chr19	12103011	12104292	-	yellow
HML3_19q13.2	HERVK9-int	chr19	38935164	38941835	-	yellow
HML3_19q13.31	HERVK9-int	chr19	44631504	44634709	-	yellow
HML3_19q13.41a	HERVK9-int	chr19	52300620	52307999	-	yellow
HML3_19q13.41b	HERVK9-int	chr19	52750459	52754253	-	yellow
HML3_19q13.41c	HERVK9-int	chr19	52754314	52755540	-	yellow
HML3_1p21.3	HERVK9-int	chr1	94444820	94450789	+	yellow
HML3_1p32.3	HERVK9-int	chr1	54630287	54636120	+	yellow
HML3_1p33	HERVK9-int	chr1	48513245	48520256	-	yellow
HML3_1p35.3	HERVK9-int	chr1	29716607	29717792	-	yellow
HML3_1p36.13a	HERVK9-int	chr1	16102814	16108812	-	yellow
HML3_1p36.13b	HERVK9-int	chr1	19541477	19547695	+	yellow
HML3_1p36.13c	HERVK9-int	chr1	19997411	20003727	+	yellow
HML3_1p36.33	HERVK9-int	chr1	895544	898699	-	yellow
HML3_1q21.3a	HERVK9-int	chr1	150654577	150659716	+	yellow
HML3_1q21.3b	HERVK9-int	chr1	152421227	152424687	-	yellow
HML3_1q21.3c	HERVK9-int	chr1	154047362	154053911	+	yellow
HML3_1q24.2	HERVK9-int	chr1	167317366	167323078	-	yellow
HML3_1q25.2	HERVK9-int	chr1	178554076	178560481	-	yellow
HML3_1q32.1b	HERVK9-int	chr1	205890691	205896160	+	yellow
HML3_1q32.3a	HERVK9-int	chr1	213025489	213031102	-	yellow
HML3_1q44	HERVK9-int	chr1	247024661	247030174	+	yellow
HML3_20p11.21	HERVK9-int	chr20	23466925	23473419	+	yellow
HML3_20p12.3	HERVK9-int	chr20	5303843	5308712	+	yellow
HML3_20q12	HERVK9-int	chr20	39721012	39727144	+	yellow
HML3_21p11.2b	HERVK9-int	chr21	9300557	9304363	+	yellow
HML3_22p11.2a	HERVK9-int	chr22	11789940	11793745	+	yellow
HML3_22p11.2c	HERVK9-int	chr22	12198529	12202322	-	yellow
HML3_2p16.1	HERVK9-int	chr2	56719160	56724218	+	yellow
HML3_2p16.3	HERVK9-int	chr2	48384541	48390655	+	yellow
HML3_2p22.3	HERVK9-int	chr2	33914037	33919523	-	yellow
HML3_2p24.1	HERVK9-int	chr2	19922747	19928511	+	yellow
HML3_2q11.2	HERVK9-int	chr2	99270681	99278573	-	yellow
HML3_2q12.3	HERVK9-int	chr2	107942282	107948662	-	yellow
HML3_2q14.1	HERVK9-int	chr2	116251352	116256139	+	yellow
HML3_2q23.3a	HERVK9-int	chr2	152178170	152181446	-	yellow
HML3_2q23.3b	HERVK9-int	chr2	152273628	152278421	-	yellow
HML3_2q32.1	HERVK9-int	chr2	183050272	183053767	-	yellow
HML3_2q35	HERVK9-int	chr2	218112256	218117006	+	yellow
HML3_3p12.3	HERVK9-int	chr3	75806221	75810138	-	yellow
HML3_3p21.31a	HERVK9-int	chr3	49219140	49220344	+	yellow
HML3_3p21.31b	HERVK9-int	chr3	49229259	49234078	+	yellow
HML3_3p22.2	HERVK9-int	chr3	38420760	38427256	+	yellow
HML3_3p24.3	HERVK9-int	chr3	20614383	20620490	-	yellow
HML3_3q13.11a	HERVK9-int	chr3	103208941	103215975	+	yellow
HML3_3q13.11b	HERVK9-int	chr3	104281432	104287467	-	yellow
HML3_3q13.33	HERVK9-int	chr3	121395494	121399876	-	yellow
HML3_3q21.2	HERVK9-int	chr3	126092095	126096888	+	yellow
HML3_3q22.1	HERVK9-int	chr3	129901262	129907337	+	yellow
HML3_3q25.1	HERVK9-int	chr3	151701259	151706723	+	yellow
HML3_3q26.1a	HERVK9-int	chr3	167176901	167182593	-	yellow
HML3_3q26.31	HERVK9-int	chr3	175051904	175057019	-	yellow
HML3_3q27.2a	HERVK9-int	chr3	185012756	185019807	-	yellow
HML3_3q27.2b	HERVK9-int	chr3	185105203	185111049	+	yellow
HML3_4p12	HERVK9-int	chr4	45042048	45049024	+	yellow
HML3_4p15.1	HERVK9-int	chr4	35139738	35145211	+	yellow
HML3_4p16.1a	HERVK9-int	chr4	10169429	10174596	-	yellow
HML3_4p16.1b	HERVK9-int	chr4	10296532	10303470	-	yellow
HML3_4q13.1	HERVK9-int	chr4	64562635	64569783	+	yellow
HML3_4q13.3a	HERVK9-int	chr4	73357146	73360149	+	yellow
HML3_4q13.3b	HERVK9-int	chr4	73366253	73370272	+	yellow
HML3_4q21.3	HERVK9-int	chr4	86460524	86466555	+	yellow
HML3_4q22.1a	HERVK9-int	chr4	91180683	91187026	-	yellow
HML3_4q22.1b	HERVK9-int	chr4	91696154	91702003	-	yellow
HML3_4q22.3a	HERVK9-int	chr4	97096906	97102604	-	yellow
HML3_4q23a	HERVK9-int	chr4	99187128	99191541	-	yellow
HML3_4q23b	HERVK9-int	chr4	99367055	99373128	+	yellow
HML3_4q23c	HERVK9-int	chr4	99486388	99492124	-	yellow
HML3_4q24a	HERVK9-int	chr4	101902727	101906029	-	yellow
HML3_4q28.1a	HERVK9-int	chr4	126130749	126135134	+	yellow
HML3_4q28.1b	HERVK9-int	chr4	127271438	127277471	-	yellow
HML3_4q28.3a	HERVK9-int	chr4	130941760	130945512	+	yellow
HML3_4q28.3b	HERVK9-int	chr4	135954866	135961023	-	yellow
HML3_4q31.21	HERVK9-int	chr4	141937870	141941589	-	yellow
HML3_4q31.3	HERVK9-int	chr4	153688368	153694427	-	yellow
HML3_4q34.1a	HERVK9-int	chr4	174982833	174989048	-	yellow
HML3_4q34.2	HERVK9-int	chr4	176343740	176350769	+	yellow
HML3_4q35.1	HERVK9-int	chr4	185044790	185051686	-	yellow
HML3_5p12a	HERVK9-int	chr5	44788578	44793529	+	yellow
HML3_5p12b	HERVK9-int	chr5	44985920	44990332	+	yellow
HML3_5p13.2	HERVK9-int	chr5	34781776	34787225	-	yellow
HML3_5p14.3	HERVK9-int	chr5	19702712	19708946	+	yellow
HML3_5p15.33a	HERVK9-int	chr5	242196	246105	+	yellow
HML3_5p15.33b	HERVK9-int	chr5	246171	249795	+	yellow
HML3_5p15.33c	HERVK9-int	chr5	1577862	1580973	-	yellow
HML3_5p15.33d	HERVK9-int	chr5	1581038	1585387	-	yellow
HML3_5q11.2a	HERVK9-int	chr5	52304484	52310228	+	yellow
HML3_5q11.2b	HERVK9-int	chr5	54498219	54505406	-	yellow
HML3_5q14.3a	HERVK9-int	chr5	87510331	87516126	+	yellow
HML3_5q14.3b	HERVK9-int	chr5	87519088	87520375	+	yellow
HML3_5q22.2	HERVK9-int	chr5	113711920	113716616	+	yellow
HML3_5q22.3	HERVK9-int	chr5	115036095	115042278	-	yellow
HML3_5q23.1	HERVK9-int	chr5	121856818	121860940	-	yellow
HML3_6p11.2	HERVK9-int	chr6	58412696	58419708	-	yellow
HML3_6p12.3	HERVK9-int	chr6	47312692	47316775	-	yellow
HML3_6p21.1	HERVK9-int	chr6	45235730	45241700	+	yellow
HML3_6p21.33	HERVK9-int	chr6	31231985	31236096	-	yellow
HML3_6p22.1	HERVK9-int	chr6	29875650	29881829	-	yellow
HML3_6p25.1	HERVK9-int	chr6	6064962	6068594	-	yellow
HML3_6q11.1a	HERVK9-int	chr6	61287260	61294257	-	yellow
HML3_6q13	HERVK9-int	chr6	70445359	70449051	-	yellow
HML3_6q21a	HERVK9-int	chr6	110499174	110506068	+	yellow
HML3_6q21b	HERVK9-int	chr6	110916754	110923087	+	yellow
HML3_6q21c	HERVK9-int	chr6	113263409	113268482	-	yellow
HML3_6q27a	HERVK9-int	chr6	165459605	165464178	+	yellow
HML3_6q27b	HERVK9-int	chr6	170593081	170596715	-	yellow
HML3_7p11.2a	HERVK9-int	chr7	54448839	54455180	+	yellow
HML3_7p11.2b	HERVK9-int	chr7	56144893	56153451	+	yellow
HML3_7p11.2c	HERVK9-int	chr7	56316940	56322781	+	yellow
HML3_7p12.3a	HERVK9-int	chr7	46038208	46043831	-	yellow
HML3_7p13	HERVK9-int	chr7	43859699	43864985	-	yellow
HML3_7p14.2	HERVK9-int	chr7	35910279	35912628	+	yellow
HML3_7q11.21	HERVK9-int	chr7	64948007	64950796	+	yellow
HML3_7q21.3	HERVK9-int	chr7	94722293	94729309	-	yellow
HML3_7q36.1b	HERVK9-int	chr7	149650724	149651977	-	yellow
HML3_7q36.1c	HERVK9-int	chr7	152038128	152044503	-	yellow
HML3_7q36.3	HERVK9-int	chr7	155238195	155244187	-	yellow
HML3_8p11.22	HERVK9-int	chr8	39870385	39876006	+	yellow
HML3_8p12	HERVK9-int	chr8	30147066	30151892	-	yellow
HML3_8q11.1a	HERVK9-int	chr8	46278044	46285064	+	yellow
HML3_8q11.1b	HERVK9-int	chr8	46876536	46881278	+	yellow
HML3_8q11.21a	HERVK9-int	chr8	48244515	48250517	-	yellow
HML3_8q11.21b	HERVK9-int	chr8	48962289	48968004	+	yellow
HML3_8q11.23a	HERVK9-int	chr8	52979863	52984068	-	yellow
HML3_8q11.23b	HERVK9-int	chr8	53617072	53624085	+	yellow
HML3_8q11.23c	HERVK9-int	chr8	54074261	54077013	+	yellow
HML3_8q13.2	HERVK9-int	chr8	68888678	68895627	+	yellow
HML3_8q21.13	HERVK9-int	chr8	75044052	75050107	+	yellow
HML3_8q21.3	HERVK9-int	chr8	92236543	92242718	+	yellow
HML3_8q24.13	HERVK9-int	chr8	126007722	126013982	+	yellow
HML3_8q24.23	HERVK9-int	chr8	136907873	136912851	-	yellow
HML3_8q24.3	HERVK9-int	chr8	144871051	144873813	+	yellow
HML3_9p13.3	HERVK9-int	chr9	35581973	35585343	+	yellow
HML3_9q22.31	HERVK9-int	chr9	93751064	93755813	-	yellow
HML3_9q34.13	HERVK9-int	chr9	131680373	131685811	+	yellow
HML3_Xp11.21	HERVK9-int	chrX	57203018	57209051	-	yellow
HML3_Xq11.1	HERVK9-int	chrX	62753635	62759725	-	yellow
HML3_Xq13.2a	HERVK9-int	chrX	73318321	73323801	-	yellow
HML3_Xq13.3	HERVK9-int	chrX	75323194	75329861	+	yellow
HML3_Xq21.1a	HERVK9-int	chrX	77077638	77081927	+	yellow
HML3_Xq21.1b	HERVK9-int	chrX	80042634	80048272	+	yellow
HML3_Xq21.33a	HERVK9-int	chrX	95103649	95107926	-	yellow
HML3_Xq23	HERVK9-int	chrX	116035253	116041455	+	yellow
HML3_Yp11.2a	HERVK9-int	chrY	9145264	9150314	-	yellow
HML3_Yp11.2b	HERVK9-int	chrY	9238048	9245090	+	yellow
HML3_Yq11.221a	HERVK9-int	chrY	13169734	13175843	-	yellow
HML3_Yq11.221b	HERVK9-int	chrY	13252527	13259365	+	yellow
HML3_Yq11.221c	HERVK9-int	chrY	16677462	16681241	-	yellow
HML3_Yq11.223b	HERVK9-int	chrY	21624095	21628006	-	yellow
HML3_Yq11.223f	HERVK9-int	chrY	22031146	22035768	+	yellow
HML3_Yq11.223k	HERVK9-int	chrY	23640445	23645057	+	yellow
HML4_10p15.1	HERVK13-int	chr10	5038312	5047640	-	turquoise
HML4_11p15.4	HERVK13-int	chr11	4492741	4497906	-	turquoise
HML4_12q13.3	HERVK13-int	chr12	56497590	56501724	-	turquoise
HML4_16p13.3	HERVK13-int	chr16	2660262	2670537	-	turquoise
HML4_17q21.31	HERVK13-int	chr17	43323118	43351750	-	turquoise
HML4_19p12	HERVK13-int	chr19	21880252	21890542	-	turquoise
HML4_1p36.32	HERVK13-int	chr1	3801472	3806930	-	turquoise
HML4_1q43	HERVK13-int	chr1	237915275	237918989	+	turquoise
HML4_3q26.2	HERVK13-int	chr3	170858678	170861080	+	turquoise
HML4_4q13.3	HERVK13-int	chr4	73665456	73671857	-	turquoise
HML4_7q22.1	HERVK13-int	chr7	99977146	99979562	+	turquoise
HML4_8q24.3	HERVK13-int	chr8	145055126	145066800	+	turquoise
HML4_9q22.2	HERVK13-int	chr9	90902407	90906329	+	turquoise
HML4_Yq11.221	HERVK13-int	chrY	16953670	16959941	+	turquoise
HML5_10q11.21	HERVK22-int	chr10	43300927	43306616	-	turquoise
HML5_11q12.1	HERVK22-int	chr11	58925599	58929132	-	turquoise
HML5_11q12.2	HERVK22-int	chr11	60758287	60762429	+	turquoise
HML5_11q14.1	HERVK22-int	chr11	81032643	81040395	+	turquoise
HML5_11q21	HERVK22-int	chr11	95933550	95940248	+	turquoise
HML5_11q22.1	HERVK22-int	chr11	98928947	98933825	-	turquoise
HML5_12p13.31	HERVK22-int	chr12	8558451	8562470	-	turquoise
HML5_12q12a	HERVK22-int	chr12	42442199	42447156	+	turquoise
HML5_12q12b	HERVK22-int	chr12	43976280	43981167	-	turquoise
HML5_12q15	HERVK22-int	chr12	69328937	69332487	-	turquoise
HML5_12q21.32	HERVK22-int	chr12	88179572	88184538	-	turquoise
HML5_12q22	HERVK22-int	chr12	95444445	95448153	-	turquoise
HML5_12q23.1	HERVK22-int	chr12	100159365	100165461	-	turquoise
HML5_12q24.32	HERVK22-int	chr12	126030297	126034227	+	turquoise
HML5_13q12.13	HERVK22-int	chr13	24925662	24928256	+	turquoise
HML5_13q21.33	HERVK22-int	chr13	71026271	71031305	-	turquoise
HML5_13q33.1	HERVK22-int	chr13	102667824	102672563	-	turquoise
HML5_14q21.2	HERVK22-int	chr14	44415526	44419206	+	turquoise
HML5_14q31.1	HERVK22-int	chr14	80464388	80473042	+	turquoise
HML5_14q32.33a	HERVK22-int	chr14	106697994	106703125	+	turquoise
HML5_14q32.33b	HERVK22-int	chr14	106744465	106749566	+	turquoise
HML5_15q14	HERVK22-int	chr15	39012800	39017150	+	turquoise
HML5_15q21.2	HERVK22-int	chr15	49839371	49844779	+	turquoise
HML5_15q21.3	HERVK22-int	chr15	54886807	54891573	+	turquoise
HML5_16p11.1a	HERVK22-int	chr16	35797757	35801819	+	turquoise
HML5_16p11.1b	HERVK22-int	chr16	35855248	35857210	+	turquoise
HML5_16p11.2	HERVK22-int	chr16	31763078	31767906	-	turquoise
HML5_18q12.1	HERVK22-int	chr18	29419868	29423960	-	turquoise
HML5_18q21.2	HERVK22-int	chr18	54604823	54607449	-	turquoise
HML5_19p12a	HERVK22-int	chr19	21621638	21627353	+	turquoise
HML5_19p12b	HERVK22-int	chr19	23525449	23528447	-	turquoise
HML5_19p12d	HERVK22-int	chr19	23555115	23558908	+	turquoise
HML5_19p12e	HERVK22-int	chr19	23882529	23886869	-	turquoise
HML5_19p12f	HERVK22-int	chr19	23902474	23906068	+	turquoise
HML5_19q11	HERVK22-int	chr19	27745824	27750223	+	turquoise
HML5_19q13.2	HERVK22-int	chr19	42696053	42698631	+	turquoise
HML5_1p22.2	HERVK22-int	chr1	91217603	91221324	+	turquoise
HML5_1q22	HERVK22-int	chr1	156184304	156189713	-	turquoise
HML5_1q23.1	HERVK22-int	chr1	158947555	158952739	-	turquoise
HML5_1q25.3	HERVK22-int	chr1	185581069	185586238	-	turquoise
HML5_1q32.1	HERVK22-int	chr1	203426863	203429582	-	turquoise
HML5_1q42.12	HERVK22-int	chr1	225221660	225229271	+	turquoise
HML5_1q43	HERVK22-int	chr1	242211188	242216792	+	turquoise
HML5_20p13	HERVK22-int	chr20	467862	472902	-	turquoise
HML5_2p13.2	HERVK22-int	chr2	71388099	71395817	+	turquoise
HML5_2p16.1	HERVK22-int	chr2	56980472	56985403	-	turquoise
HML5_2p23.3	HERVK22-int	chr2	26256938	26259651	-	turquoise
HML5_2q14.3	HERVK22-int	chr2	127369875	127375395	+	turquoise
HML5_2q24.3	HERVK22-int	chr2	166609117	166613448	+	turquoise
HML5_2q31.1a	HERVK22-int	chr2	170112017	170119784	+	turquoise
HML5_2q31.1b	HERVK22-int	chr2	172513063	172519738	+	turquoise
HML5_2q32.1	HERVK22-int	chr2	182764057	182766359	-	turquoise
HML5_2q37.1	HERVK22-int	chr2	231091002	231096573	-	turquoise
HML5_3q26.1	HERVK22-int	chr3	164215607	164220323	-	turquoise
HML5_3q26.2	HERVK22-int	chr3	170077412	170079290	+	turquoise
HML5_4q13.1	HERVK22-int	chr4	64623018	64625587	-	turquoise
HML5_4q13.3	HERVK22-int	chr4	71804110	71810377	-	turquoise
HML5_4q21.23	HERVK22-int	chr4	85125447	85129232	-	turquoise
HML5_4q24	HERVK22-int	chr4	106109837	106114668	+	turquoise
HML5_4q28.3a	HERVK22-int	chr4	133990481	133997108	-	turquoise
HML5_4q28.3b	HERVK22-int	chr4	135405860	135412500	+	turquoise
HML5_4q32.1a	HERVK22-int	chr4	154836002	154840144	-	turquoise
HML5_4q32.1b	HERVK22-int	chr4	158292783	158299055	+	turquoise
HML5_5p13.2	HERVK22-int	chr5	37086386	37094268	+	turquoise
HML5_5p14.3	HERVK22-int	chr5	18782392	18785922	-	turquoise
HML5_5q33.1	HERVK22-int	chr5	150914264	150916360	-	turquoise
HML5_6p12.1	HERVK22-int	chr6	57069873	57074762	+	turquoise
HML5_6p12.3	HERVK22-int	chr6	49886919	49891450	-	turquoise
HML5_6p21.31	HERVK22-int	chr6	35106285	35108199	-	turquoise
HML5_6p21.32	HERVK22-int	chr6	33049231	33056518	+	turquoise
HML5_6p22.2	HERVK22-int	chr6	26257219	26260461	+	turquoise
HML5_6p22.3	HERVK22-int	chr6	23160944	23168686	+	turquoise
HML5_6q12	HERVK22-int	chr6	64299000	64304246	+	turquoise
HML5_6q14.1	HERVK22-int	chr6	78132473	78140711	+	turquoise
HML5_6q14.3	HERVK22-int	chr6	86498313	86502807	-	turquoise
HML5_6q16.3	HERVK22-int	chr6	100944545	100952375	+	turquoise
HML5_6q24.3	HERVK22-int	chr6	145531054	145532741	+	turquoise
HML5_7p12.3	HERVK22-int	chr7	48140030	48144674	+	turquoise
HML5_7p14.1	HERVK22-int	chr7	38159987	38164084	+	turquoise
HML5_7q21.11	HERVK22-int	chr7	85764547	85766213	+	turquoise
HML5_7q22.3	HERVK22-int	chr7	107386034	107391346	+	turquoise
HML5_7q31.31	HERVK22-int	chr7	118114089	118121852	+	turquoise
HML5_8p12	HERVK22-int	chr8	29315927	29319404	+	turquoise
HML5_8p21.2	HERVK22-int	chr8	24386795	24388275	-	turquoise
HML5_8p23.1a	HERVK22-int	chr8	9799827	9802982	+	turquoise
HML5_8p23.1b	HERVK22-int	chr8	9809298	9812408	+	turquoise
HML5_8p23.2a	HERVK22-int	chr8	5798511	5803624	-	turquoise
HML5_8p23.2b	HERVK22-int	chr8	5852519	5857560	-	turquoise
HML5_8p23.2c	HERVK22-int	chr8	5874190	5880013	-	turquoise
HML5_8q11.1	HERVK22-int	chr8	46651488	46656701	+	turquoise
HML5_8q12.1	HERVK22-int	chr8	57456154	57462062	+	turquoise
HML5_8q21.3	HERVK22-int	chr8	88607961	88611671	-	turquoise
HML5_9p23	HERVK22-int	chr9	11254387	11260606	-	turquoise
HML5_9p24.1	HERVK22-int	chr9	5228602	5231041	+	turquoise
HML5_9q31.1	HERVK22-int	chr9	100364027	100369211	-	turquoise
HML5_Xp11.21	HERVK22-int	chrX	57876224	57878788	+	turquoise
HML5_Xp21.3	HERVK22-int	chrX	25893165	25900469	+	turquoise
HML5_Xq11.1	HERVK22-int	chrX	63358013	63364629	-	turquoise
HML5_Xq11.2a	HERVK22-int	chrX	64781222	64786832	-	turquoise
HML5_Xq11.2b	HERVK22-int	chrX	65195573	65198216	+	turquoise
HML5_Xq13.1a	HERVK22-int	chrX	71699973	71702474	+	turquoise
HML5_Xq13.1b	HERVK22-int	chrX	71779101	71781601	-	turquoise
HML5_Xq13.2	HERVK22-int	chrX	73658873	73666201	-	turquoise
HML5_Xq21.1a	HERVK22-int	chrX	78213293	78218133	-	turquoise
HML5_Xq21.1b	HERVK22-int	chrX	80469061	80472284	+	turquoise
HML5_Xq21.33	HERVK22-int	chrX	94491677	94498448	+	turquoise
HML5_Xq22.1	HERVK22-int	chrX	102175186	102181644	-	turquoise
HML5_Xq27.3	HERVK22-int	chrX	147268579	147272025	+	turquoise
HML5_Xq28b	HERVK22-int	chrX	149719916	149727680	+	turquoise
HML5_Yp11.2e	HERVK22-int	chrY	9207854	9216516	-	turquoise
HML5_Yp11.2f	HERVK22-int	chrY	9973838	9981144	+	turquoise
HML5_Yq11.221a	HERVK22-int	chrY	13607348	13612418	+	turquoise
HML5_Yq11.221b	HERVK22-int	chrY	14868523	14874954	-	turquoise
HML5_Yq11.223a	HERVK22-int	chrY	19868522	19873642	+	turquoise
HML5_Yq11.223b	HERVK22-int	chrY	19959451	19964024	+	turquoise
HML5_Yq11.223c	HERVK22-int	chrY	20657735	20663850	+	turquoise
HML5_Yq11.223d	HERVK22-int	chrY	20801401	20806662	+	turquoise
HML5_Yq11.223e	HERVK22-int	chrY	20967116	20974836	+	turquoise
HML5_Yq11.223f	HERVK22-int	chrY	21087112	21092532	-	turquoise
HML5_Yq11.223h	HERVK22-int	chrY	21650037	21658697	+	turquoise
HML5_Yq11.223k	HERVK22-int	chrY	22248309	22255645	-	turquoise
HML5_Yq11.223o	HERVK22-int	chrY	23483780	23493292	-	turquoise
HML5_Yq11.23b	HERVK22-int	chrY	25087532	25091911	-	turquoise
HML5_Yq11.23c	HERVK22-int	chrY	26177316	26186828	+	turquoise
HML6_10q11.21	HERVK3-int	chr10	45278976	45286905	+	turquoise
HML6_11p15.4	HERVK3-int	chr11	7899325	7906232	-	turquoise
HML6_11q12.3a	HERVK3-int	chr11	62049779	62056355	-	turquoise
HML6_11q12.3b	HERVK3-int	chr11	62251757	62254111	+	turquoise
HML6_11q23.2	HERVK3-int	chr11	112924628	112930083	-	turquoise
HML6_11q23.3	HERVK3-int	chr11	121282476	121285888	+	turquoise
HML6_12q22	HERVK3-int	chr12	92619913	92622155	-	turquoise
HML6_12q24.12a	HERVK3-int	chr12	111816175	111824274	-	turquoise
HML6_13q13.3	HERVK3-int	chr13	37558860	37561209	+	turquoise
HML6_13q31.1	HERVK3-int	chr13	80397537	80400338	+	turquoise
HML6_14q12a	HERVK3-int	chr14	28410708	28412587	+	turquoise
HML6_14q12b	HERVK3-int	chr14	28416461	28420773	+	turquoise
HML6_14q24.2	HERVK3-int	chr14	69811463	69816023	+	turquoise
HML6_16p11.1	HERVK3-int	chr16	35516604	35524479	+	turquoise
HML6_16p11.2	HERVK3-int	chr16	30615683	30624281	-	turquoise
HML6_17q21.31	HERVK3-int	chr17	43871997	43874812	+	turquoise
HML6_19p12a	HERVK3-int	chr19	21233790	21238065	+	turquoise
HML6_19p12b	HERVK3-int	chr19	21627354	21628684	+	turquoise
HML6_19p12c	HERVK3-int	chr19	21786150	21792221	-	turquoise
HML6_19p12d	HERVK3-int	chr19	22193241	22196548	+	turquoise
HML6_19p12e	HERVK3-int	chr19	23864829	23871228	+	turquoise
HML6_19p13.2a	HERVK3-int	chr19	7779737	7781930	+	turquoise
HML6_19p13.2b	HERVK3-int	chr19	9508031	9515060	-	turquoise
HML6_19p13.2c	HERVK3-int	chr19	11621351	11627046	-	turquoise
HML6_19p13.2d	HERVK3-int	chr19	11853282	11860984	-	turquoise
HML6_19q13.41a	HERVK3-int	chr19	51975875	51981430	+	turquoise
HML6_19q13.41c	HERVK3-int	chr19	52410183	52414733	-	turquoise
HML6_19q13.41d	HERVK3-int	chr19	52475656	52481443	-	turquoise
HML6_19q13.41e	HERVK3-int	chr19	52984535	52989576	-	turquoise
HML6_19q13.41f	HERVK3-int	chr19	51804696	51811939	-	turquoise
HML6_19q13.43a	HERVK3-int	chr19	57512616	57518488	+	turquoise
HML6_19q13.43b	HERVK3-int	chr19	58305671	58315267	+	turquoise
HML6_1p21.1a	HERVK3-int	chr1	102833274	102841221	+	turquoise
HML6_1p21.1b	HERVK3-int	chr1	104732541	104733885	+	turquoise
HML6_1q25.2	HERVK3-int	chr1	179437126	179443269	-	turquoise
HML6_1q41	HERVK3-int	chr1	222916841	222919617	+	turquoise
HML6_1q44a	HERVK3-int	chr1	248431675	248434463	+	turquoise
HML6_1q44b	HERVK3-int	chr1	248657606	248660352	-	turquoise
HML6_20p11.21	HERVK3-int	chr20	25394133	25403271	-	turquoise
HML6_20p13	HERVK3-int	chr20	1396802	1402704	+	turquoise
HML6_2q14.3	HERVK3-int	chr2	127615267	127618672	-	turquoise
HML6_2q21.3	HERVK3-int	chr2	136071818	136077261	-	turquoise
HML6_3p21.31a	HERVK3-int	chr3	46046154	46054474	-	turquoise
HML6_3p21.31b	HERVK3-int	chr3	46426543	46433630	+	turquoise
HML6_3p22.3	HERVK3-int	chr3	32086707	32089604	-	turquoise
HML6_3p25.1	HERVK3-int	chr3	14225058	14230262	+	turquoise
HML6_4p14	HERVK3-int	chr4	39539256	39544368	-	turquoise
HML6_4q13.2	HERVK3-int	chr4	68744586	68751238	-	turquoise
HML6_4q13.3	HERVK3-int	chr4	70552467	70554689	-	turquoise
HML6_4q21.1	HERVK3-int	chr4	77392282	77400204	-	turquoise
HML6_5p13.1	HERVK3-int	chr5	41473985	41476042	-	turquoise
HML6_5p14.1	HERVK3-int	chr5	24649664	24654720	+	turquoise
HML6_5p14.3	HERVK3-int	chr5	21282470	21284416	-	turquoise
HML6_5q13.2d	HERVK3-int	chr5	71344935	71346881	+	turquoise
HML6_5q13.2e	HERVK3-int	chr5	71571897	71578401	+	turquoise
HML6_5q23.3	HERVK3-int	chr5	128221540	128223733	-	turquoise
HML6_6p21.32a	HERVK3-int	chr6	32475495	32479598	-	turquoise
HML6_6p21.32b	HERVK3-int	chr6	32559720	32567345	-	turquoise
HML6_6p22.2	HERVK3-int	chr6	26288022	26296266	-	turquoise
HML6_7p13	HERVK3-int	chr7	43808543	43809894	+	turquoise
HML6_7q36.1	HERVK3-int	chr7	150582645	150585004	+	turquoise
HML6_8p21.3	HERVK3-int	chr8	23419617	23422552	+	turquoise
HML6_8q11.1	HERVK3-int	chr8	46483549	46491378	-	turquoise
HML6_8q12.1	HERVK3-int	chr8	57463755	57466172	+	turquoise
HML6_Xp11.21	HERVK3-int	chrX	57102981	57109396	+	turquoise
HML6_Xp11.22	HERVK3-int	chrX	53159114	53163826	-	turquoise
HML6_Xq13.2	HERVK3-int	chrX	74177999	74182492	+	turquoise
HML6_Xq27.1	HERVK3-int	chrX	141196490	141199480	-	turquoise
HML6_Yq11.222a	HERVK3-int	chrY	17331572	17337113	+	turquoise
HML6_Yq11.223a	HERVK3-int	chrY	21019985	21022249	-	turquoise
HML6_Yq11.23d	HERVK3-int	chrY	24131605	24136209	-	turquoise
HML6_Yq11.23h	HERVK3-int	chrY	25846607	25851293	+	turquoise
HUERSP1_10q23.1a	HUERS-P1-int	chr10	80949111	80951151	-	yellow
HUERSP1_10q23.1b	HUERS-P1-int	chr10	84806901	84813575	-	yellow
HUERSP1_11p14.1	HUERS-P1-int	chr11	27636181	27639100	-	yellow
HUERSP1_11p15.2a	HUERS-P1-int	chr11	14164602	14168499	-	yellow
HUERSP1_11p15.2b	HUERS-P1-int	chr11	14173965	14177906	-	yellow
HUERSP1_11p15.2c	HUERS-P1-int	chr11	15011625	15014622	-	yellow
HUERSP1_11p15.2d	HUERS-P1-int	chr11	15023913	15027589	-	yellow
HUERSP1_11p15.4a	HUERS-P1-int	chr11	6039059	6042072	+	yellow
HUERSP1_11p15.4b	HUERS-P1-int	chr11	6686696	6694293	+	yellow
HUERSP1_11p15.4c	HUERS-P1-int	chr11	10100175	10103791	+	yellow
HUERSP1_11q12.3	HUERS-P1-int	chr11	63136567	63142914	+	yellow
HUERSP1_11q22.3a	HUERS-P1-int	chr11	104490194	104495021	+	yellow
HUERSP1_11q22.3b	HUERS-P1-int	chr11	104961004	104966216	+	yellow
HUERSP1_11q22.3c	HUERS-P1-int	chr11	105074657	105077688	+	yellow
HUERSP1_11q22.3d	HUERS-P1-int	chr11	105104082	105107758	+	yellow
HUERSP1_11q24.1	HUERS-P1-int	chr11	122818447	122822637	+	yellow
HUERSP1_12p11.22	HUERS-P1-int	chr12	30368589	30375022	-	yellow
HUERSP1_12p12.1	HUERS-P1-int	chr12	21231389	21234666	-	yellow
HUERSP1_12p12.3a	HUERS-P1-int	chr12	15029534	15031874	-	yellow
HUERSP1_12p12.3b	HUERS-P1-int	chr12	15031918	15035436	-	yellow
HUERSP1_12p12.3c	HUERS-P1-int	chr12	15035535	15037958	-	yellow
HUERSP1_12q12	HUERS-P1-int	chr12	39543949	39545300	-	yellow
HUERSP1_12q22	HUERS-P1-int	chr12	93248752	93255087	-	yellow
HUERSP1_12q24.31a	HUERS-P1-int	chr12	122692601	122697575	-	yellow
HUERSP1_12q24.31b	HUERS-P1-int	chr12	122709248	122711007	-	yellow
HUERSP1_12q24.33	HUERS-P1-int	chr12	129666011	129670771	+	yellow
HUERSP1_13q13.1	HUERS-P1-int	chr13	32825641	32827787	+	yellow
HUERSP1_13q21.31	HUERS-P1-int	chr13	62788191	62792234	-	yellow
HUERSP1_13q31.1a	HUERS-P1-int	chr13	84787554	84791884	+	yellow
HUERSP1_13q31.1b	HUERS-P1-int	chr13	84791931	84795863	+	yellow
HUERSP1_13q34	HUERS-P1-int	chr13	112381526	112389309	-	yellow
HUERSP1_14q21.2	HUERS-P1-int	chr14	45317577	45320225	-	yellow
HUERSP1_14q23.1	HUERS-P1-int	chr14	59610524	59618634	+	yellow
HUERSP1_15q21.1a	HUERS-P1-int	chr15	44876665	44883399	-	yellow
HUERSP1_15q21.1b	HUERS-P1-int	chr15	45004262	45010004	+	yellow
HUERSP1_15q22.31	HUERS-P1-int	chr15	66887808	66895981	-	yellow
HUERSP1_15q23a	HUERS-P1-int	chr15	68242569	68244135	+	yellow
HUERSP1_15q23b	HUERS-P1-int	chr15	69330196	69339368	+	yellow
HUERSP1_15q24.1	HUERS-P1-int	chr15	73576296	73577961	+	yellow
HUERSP1_15q24.2	HUERS-P1-int	chr15	75168605	75170205	+	yellow
HUERSP1_15q25.3	HUERS-P1-int	chr15	87663157	87669568	+	yellow
HUERSP1_15q26.1a	HUERS-P1-int	chr15	88920334	88930129	+	yellow
HUERSP1_15q26.1b	HUERS-P1-int	chr15	92235575	92237509	+	yellow
HUERSP1_15q26.2a	HUERS-P1-int	chr15	97246910	97250192	-	yellow
HUERSP1_18q23	HUERS-P1-int	chr18	76730652	76733362	-	yellow
HUERSP1_19q13.2a	HUERS-P1-int	chr19	41532323	41532993	-	yellow
HUERSP1_19q13.2b	HUERS-P1-int	chr19	41650534	41652478	-	yellow
HUERSP1_1p13.3	HUERS-P1-int	chr1	109831306	109839763	+	yellow
HUERSP1_1p21.1	HUERS-P1-int	chr1	102094498	102097939	+	yellow
HUERSP1_1p22.2	HUERS-P1-int	chr1	91083892	91091004	+	yellow
HUERSP1_1p36.12	HUERS-P1-int	chr1	20515729	20519665	+	yellow
HUERSP1_1p36.13	HUERS-P1-int	chr1	19847836	19850962	-	yellow
HUERSP1_1q24.2	HUERS-P1-int	chr1	169437009	169440502	-	yellow
HUERSP1_1q44a	HUERS-P1-int	chr1	244453356	244460586	+	yellow
HUERSP1_1q44b	HUERS-P1-int	chr1	247381070	247385375	-	yellow
HUERSP1_20p11.21	HUERS-P1-int	chr20	25326233	25328103	+	yellow
HUERSP1_21q11.2	HUERS-P1-int	chr21	14807788	14810306	+	yellow
HUERSP1_2p16.3	HUERS-P1-int	chr2	49877002	49878606	+	yellow
HUERSP1_2p22.3	HUERS-P1-int	chr2	33611429	33618234	+	yellow
HUERSP1_2q11.2	HUERS-P1-int	chr2	96209232	96212733	+	yellow
HUERSP1_2q12.1	HUERS-P1-int	chr2	103476371	103480381	-	yellow
HUERSP1_2q13	HUERS-P1-int	chr2	109091456	109097422	+	yellow
HUERSP1_2q14.2	HUERS-P1-int	chr2	120029543	120030555	+	yellow
HUERSP1_2q21.2	HUERS-P1-int	chr2	133871837	133878829	-	yellow
HUERSP1_2q23.3	HUERS-P1-int	chr2	153240272	153244351	+	yellow
HUERSP1_2q31.1a	HUERS-P1-int	chr2	170447631	170455398	-	yellow
HUERSP1_2q31.1b	HUERS-P1-int	chr2	172530367	172531578	-	yellow
HUERSP1_2q32.3	HUERS-P1-int	chr2	191584256	191588325	+	yellow
HUERSP1_2q35	HUERS-P1-int	chr2	220157677	220159779	-	yellow
HUERSP1_3p12.1	HUERS-P1-int	chr3	84066891	84074424	-	yellow
HUERSP1_3p21.31	HUERS-P1-int	chr3	44460179	44468961	+	yellow
HUERSP1_3p25.1	HUERS-P1-int	chr3	13431986	13434085	+	yellow
HUERSP1_3p25.3b	HUERS-P1-int	chr3	9630374	9635204	-	yellow
HUERSP1_3p25.3c	HUERS-P1-int	chr3	9635796	9643306	-	yellow
HUERSP1_3q22.2a	HUERS-P1-int	chr3	135284875	135287200	-	yellow
HUERSP1_3q22.2b	HUERS-P1-int	chr3	135512656	135514076	+	yellow
HUERSP1_3q26.1	HUERS-P1-int	chr3	162546999	162554294	-	yellow
HUERSP1_3q26.2	HUERS-P1-int	chr3	170316558	170319856	-	yellow
HUERSP1_3q26.31	HUERS-P1-int	chr3	173245627	173249941	-	yellow
HUERSP1_3q26.32	HUERS-P1-int	chr3	176821132	176823885	-	yellow
HUERSP1_3q27.1	HUERS-P1-int	chr3	184699400	184707256	-	yellow
HUERSP1_4p15.1	HUERS-P1-int	chr4	31461431	31467432	-	yellow
HUERSP1_4q13.1	HUERS-P1-int	chr4	61833284	61836083	-	yellow
HUERSP1_4q21.22	HUERS-P1-int	chr4	83096768	83099235	+	yellow
HUERSP1_4q23	HUERS-P1-int	chr4	98155789	98164542	+	yellow
HUERSP1_4q27	HUERS-P1-int	chr4	122483029	122486436	-	yellow
HUERSP1_4q28.3	HUERS-P1-int	chr4	131286850	131291669	-	yellow
HUERSP1_4q34.3	HUERS-P1-int	chr4	182263193	182268471	+	yellow
HUERSP1_4q35.2	HUERS-P1-int	chr4	188930440	188934637	+	yellow
HUERSP1_5q12.3	HUERS-P1-int	chr5	64440642	64445853	+	yellow
HUERSP1_5q14.1	HUERS-P1-int	chr5	79577555	79581022	+	yellow
HUERSP1_5q14.3	HUERS-P1-int	chr5	87713694	87722107	-	yellow
HUERSP1_6p21.1	HUERS-P1-int	chr6	42059405	42062899	-	yellow
HUERSP1_6q12a	HUERS-P1-int	chr6	66137454	66138912	+	yellow
HUERSP1_6q12b	HUERS-P1-int	chr6	67405178	67412893	+	yellow
HUERSP1_6q16.1	HUERS-P1-int	chr6	96403311	96409458	+	yellow
HUERSP1_6q24.3a	HUERS-P1-int	chr6	147534397	147538315	-	yellow
HUERSP1_6q24.3b	HUERS-P1-int	chr6	147538349	147540982	-	yellow
HUERSP1_6q24.3c	HUERS-P1-int	chr6	147541250	147543024	-	yellow
HUERSP1_6q27	HUERS-P1-int	chr6	167226738	167233912	+	yellow
HUERSP1_7p12.3a	HUERS-P1-int	chr7	46768071	46770455	+	yellow
HUERSP1_7p13	HUERS-P1-int	chr7	43826611	43832906	+	yellow
HUERSP1_7q21.12	HUERS-P1-int	chr7	88285913	88288074	-	yellow
HUERSP1_7q31.1	HUERS-P1-int	chr7	108624551	108628275	-	yellow
HUERSP1_8q13.3	HUERS-P1-int	chr8	70727698	70732687	-	yellow
HUERSP1_8q21.13	HUERS-P1-int	chr8	83351995	83359486	-	yellow
HUERSP1_8q23.3	HUERS-P1-int	chr8	114945378	114946309	+	yellow
HUERSP1_9q22.33	HUERS-P1-int	chr9	98051685	98055734	-	yellow
HUERSP1_9q33.1a	HUERS-P1-int	chr9	116674731	116679584	+	yellow
HUERSP1_9q33.1b	HUERS-P1-int	chr9	116683070	116685498	+	yellow
HUERSP1_9q33.2	HUERS-P1-int	chr9	122416391	122422448	-	yellow
HUERSP1_9q34.2	HUERS-P1-int	chr9	133287145	133294354	-	yellow
HUERSP1_Xp11.21	HUERS-P1-int	chrX	57973880	57975514	-	yellow
HUERSP1_Xp11.22	HUERS-P1-int	chrX	50842429	50851499	-	yellow
HUERSP1_Xp21.1a	HUERS-P1-int	chrX	33076745	33080349	-	yellow
HUERSP1_Xp21.1b	HUERS-P1-int	chrX	33080387	33084921	-	yellow
HUERSP1_Xp22.2	HUERS-P1-int	chrX	9665455	9670571	+	yellow
HUERSP1_Xq21.1b	HUERS-P1-int	chrX	81869990	81871217	-	yellow
HUERSP1_Xq21.32	HUERS-P1-int	chrX	94005286	94008420	-	yellow
HUERSP1_Xq22.1	HUERS-P1-int	chrX	101070965	101076508	+	yellow
HUERSP1_Xq24	HUERS-P1-int	chrX	121030055	121031653	-	yellow
HUERSP1_Xq25	HUERS-P1-int	chrX	124163056	124164906	-	yellow
HUERSP1_Yq11.222a	HUERS-P1-int	chrY	17412390	17418914	+	yellow
HUERSP2_10q21.1	HUERS-P2-int	chr10	55262253	55267089	+	turquoise
HUERSP2_11p12a	HUERS-P2-int	chr11	39965720	39968820	+	turquoise
HUERSP2_11p12b	HUERS-P2-int	chr11	41790342	41794076	+	turquoise
HUERSP2_11p14.1	HUERS-P2-int	chr11	28139987	28140539	-	turquoise
HUERSP2_11p14.3	HUERS-P2-int	chr11	26148039	26150485	-	turquoise
HUERSP2_11p15.4	HUERS-P2-int	chr11	4550544	4554796	+	turquoise
HUERSP2_11q12.1	HUERS-P2-int	chr11	57000039	57003516	-	turquoise
HUERSP2_11q14.3	HUERS-P2-int	chr11	90928569	90931530	+	turquoise
HUERSP2_11q22.1a	HUERS-P2-int	chr11	97608739	97611776	-	turquoise
HUERSP2_11q22.1c	HUERS-P2-int	chr11	98453083	98457221	-	turquoise
HUERSP2_11q23.3	HUERS-P2-int	chr11	116144373	116148397	+	turquoise
HUERSP2_12p12.2	HUERS-P2-int	chr12	20209542	20210062	+	turquoise
HUERSP2_12p12.3	HUERS-P2-int	chr12	18352321	18357025	-	turquoise
HUERSP2_12p13.31	HUERS-P2-int	chr12	9707423	9711259	+	turquoise
HUERSP2_12q21.1	HUERS-P2-int	chr12	74386671	74392035	-	turquoise
HUERSP2_12q23.2	HUERS-P2-int	chr12	102593272	102596685	-	turquoise
HUERSP2_12q23.3	HUERS-P2-int	chr12	104824012	104828683	+	turquoise
HUERSP2_13q12.11	HUERS-P2-int	chr13	20324423	20326536	+	turquoise
HUERSP2_13q21.1	HUERS-P2-int	chr13	58856204	58861398	-	turquoise
HUERSP2_13q21.2	HUERS-P2-int	chr13	61523186	61526311	-	turquoise
HUERSP2_13q21.31	HUERS-P2-int	chr13	62625244	62627940	-	turquoise
HUERSP2_13q31.1a	HUERS-P2-int	chr13	83532682	83536048	+	turquoise
HUERSP2_13q31.1c	HUERS-P2-int	chr13	86184607	86189105	+	turquoise
HUERSP2_13q33.1	HUERS-P2-int	chr13	103249990	103252564	-	turquoise
HUERSP2_14q31.3	HUERS-P2-int	chr14	88142424	88146832	+	turquoise
HUERSP2_17p12	HUERS-P2-int	chr17	13965319	13968120	-	turquoise
HUERSP2_17q12	HUERS-P2-int	chr17	36007831	36012588	+	turquoise
HUERSP2_18q12.1	HUERS-P2-int	chr18	29911868	29915826	+	turquoise
HUERSP2_19p12	HUERS-P2-int	chr19	22491805	22496596	+	turquoise
HUERSP2_19q13.2	HUERS-P2-int	chr19	41536367	41540526	+	turquoise
HUERSP2_1p21.1a	HUERS-P2-int	chr1	105396367	105398967	-	turquoise
HUERSP2_1p21.1b	HUERS-P2-int	chr1	105908891	105912681	+	turquoise
HUERSP2_1p21.1c	HUERS-P2-int	chr1	105912732	105914841	+	turquoise
HUERSP2_1p21.3	HUERS-P2-int	chr1	97773376	97774644	+	turquoise
HUERSP2_1p31.2	HUERS-P2-int	chr1	68859650	68863453	-	turquoise
HUERSP2_1q21.3	HUERS-P2-int	chr1	152377816	152381649	-	turquoise
HUERSP2_1q25.3	HUERS-P2-int	chr1	182512395	182516340	-	turquoise
HUERSP2_1q32.1	HUERS-P2-int	chr1	198827111	198831700	-	turquoise
HUERSP2_21q21.1b	HUERS-P2-int	chr21	22120754	22124004	+	turquoise
HUERSP2_21q22.3	HUERS-P2-int	chr21	44485340	44491111	+	turquoise
HUERSP2_22q11.22	HUERS-P2-int	chr22	23012824	23014429	-	turquoise
HUERSP2_2p12	HUERS-P2-int	chr2	78791820	78796107	-	turquoise
HUERSP2_2p22.3	HUERS-P2-int	chr2	35341769	35344327	+	turquoise
HUERSP2_2p24.2a	HUERS-P2-int	chr2	16900896	16902199	+	turquoise
HUERSP2_2p25.2b	HUERS-P2-int	chr2	6684655	6687451	-	turquoise
HUERSP2_2q12.3	HUERS-P2-int	chr2	108398884	108401531	+	turquoise
HUERSP2_2q14.3	HUERS-P2-int	chr2	122923174	122926160	-	turquoise
HUERSP2_2q24.2	HUERS-P2-int	chr2	162324003	162329299	-	turquoise
HUERSP2_3p24.1	HUERS-P2-int	chr3	28808210	28811250	-	turquoise
HUERSP2_3q11.2a	HUERS-P2-int	chr3	94469271	94474066	-	turquoise
HUERSP2_3q11.2b	HUERS-P2-int	chr3	96699598	96704333	+	turquoise
HUERSP2_3q13.11	HUERS-P2-int	chr3	103988897	103993299	-	turquoise
HUERSP2_3q13.2	HUERS-P2-int	chr3	113338561	113341339	-	turquoise
HUERSP2_3q21.3	HUERS-P2-int	chr3	126243262	126247330	-	turquoise
HUERSP2_3q26.1c	HUERS-P2-int	chr3	166994414	166995592	-	turquoise
HUERSP2_3q26.1d	HUERS-P2-int	chr3	167000001	167002931	-	turquoise
HUERSP2_3q26.1e	HUERS-P2-int	chr3	167246985	167251569	+	turquoise
HUERSP2_3q26.33	HUERS-P2-int	chr3	180868025	180870678	-	turquoise
HUERSP2_4p13	HUERS-P2-int	chr4	43902962	43907555	+	turquoise
HUERSP2_4q13.1	HUERS-P2-int	chr4	59374527	59379151	-	turquoise
HUERSP2_4q13.3a	HUERS-P2-int	chr4	73763231	73764647	+	turquoise
HUERSP2_4q26	HUERS-P2-int	chr4	117831374	117836043	-	turquoise
HUERSP2_4q28.3	HUERS-P2-int	chr4	136636034	136640678	+	turquoise
HUERSP2_4q34.1	HUERS-P2-int	chr4	175252128	175255566	+	turquoise
HUERSP2_5p13.2	HUERS-P2-int	chr5	35960408	35963963	-	turquoise
HUERSP2_5p15.31	HUERS-P2-int	chr5	7018935	7023458	-	turquoise
HUERSP2_5q33.2	HUERS-P2-int	chr5	155677990	155680224	+	turquoise
HUERSP2_6p21.32	HUERS-P2-int	chr6	32374313	32376450	+	turquoise
HUERSP2_6p22.3	HUERS-P2-int	chr6	15337166	15339964	+	turquoise
HUERSP2_6p25.3	HUERS-P2-int	chr6	920357	924946	+	turquoise
HUERSP2_6q12	HUERS-P2-int	chr6	67528883	67533320	-	turquoise
HUERSP2_6q14.1	HUERS-P2-int	chr6	76988401	76992900	+	turquoise
HUERSP2_6q14.3	HUERS-P2-int	chr6	86147971	86152987	-	turquoise
HUERSP2_6q16.1	HUERS-P2-int	chr6	95258909	95263868	-	turquoise
HUERSP2_6q16.2	HUERS-P2-int	chr6	99251899	99255590	+	turquoise
HUERSP2_7p12.3	HUERS-P2-int	chr7	47596039	47600882	+	turquoise
HUERSP2_7p21.1	HUERS-P2-int	chr7	20439558	20443344	+	turquoise
HUERSP2_7q31.1	HUERS-P2-int	chr7	108873882	108878484	+	turquoise
HUERSP2_7q33	HUERS-P2-int	chr7	136509267	136512680	-	turquoise
HUERSP2_7q35	HUERS-P2-int	chr7	145749690	145753381	-	turquoise
HUERSP2_8p11.22	HUERS-P2-int	chr8	39446961	39450933	+	turquoise
HUERSP2_8q12.3	HUERS-P2-int	chr8	63322097	63326756	+	turquoise
HUERSP2_8q23.2	HUERS-P2-int	chr8	110059854	110064451	+	turquoise
HUERSP2_9p21.1	HUERS-P2-int	chr9	31807545	31809731	-	turquoise
HUERSP2_9p23	HUERS-P2-int	chr9	9989179	9990546	+	turquoise
HUERSP2_9q21.13	HUERS-P2-int	chr9	75644563	75649794	-	turquoise
HUERSP2_Xq23b	HUERS-P2-int	chrX	116667985	116669014	+	turquoise
HUERSP2_Xq27.3b	HUERS-P2-int	chrX	144331053	144336372	-	turquoise
HUERSP2_Yq11.221	HUERS-P2-int	chrY	12922349	12926718	-	turquoise
HUERSP2_Yq11.223	HUERS-P2-int	chrY	20447642	20451745	+	turquoise
HUERSP3_10p11.21	HUERS-P3-int	chr10	37320772	37326042	+	turquoise
HUERSP3_10q21.1	HUERS-P3-int	chr10	57338845	57345104	-	turquoise
HUERSP3_10q23.33a	HUERS-P3-int	chr10	95123975	95127447	-	turquoise
HUERSP3_10q23.33b	HUERS-P3-int	chr10	95127496	95131937	-	turquoise
HUERSP3_10q23.33c	HUERS-P3-int	chr10	95132811	95134563	-	turquoise
HUERSP3_10q25.1	HUERS-P3-int	chr10	108782691	108787919	+	turquoise
HUERSP3_11p13	HUERS-P3-int	chr11	34897477	34907140	+	turquoise
HUERSP3_11p15.1	HUERS-P3-int	chr11	17370374	17378687	+	turquoise
HUERSP3_11q12.2	HUERS-P3-int	chr11	60342306	60348945	-	turquoise
HUERSP3_11q13.4	HUERS-P3-int	chr11	74869317	74877162	+	turquoise
HUERSP3_11q22.1	HUERS-P3-int	chr11	97965942	97973210	-	turquoise
HUERSP3_11q23.2	HUERS-P3-int	chr11	114585663	114591921	+	turquoise
HUERSP3_11q24.2	HUERS-P3-int	chr11	125873399	125875038	+	turquoise
HUERSP3_12p11.21	HUERS-P3-int	chr12	30843694	30850964	+	turquoise
HUERSP3_12p12.2	HUERS-P3-int	chr12	20945948	20951883	-	turquoise
HUERSP3_12p13.31	HUERS-P3-int	chr12	7641019	7646551	+	turquoise
HUERSP3_12q12a	HUERS-P3-int	chr12	41007410	41013488	-	turquoise
HUERSP3_12q12b	HUERS-P3-int	chr12	44475471	44481684	+	turquoise
HUERSP3_12q14.1a	HUERS-P3-int	chr12	60643108	60649627	-	turquoise
HUERSP3_12q14.1b	HUERS-P3-int	chr12	61148860	61150491	+	turquoise
HUERSP3_13q12.13	HUERS-P3-int	chr13	24995133	24998556	+	turquoise
HUERSP3_13q31.1	HUERS-P3-int	chr13	82322862	82331669	+	turquoise
HUERSP3_13q32.1	HUERS-P3-int	chr13	96966355	96971199	+	turquoise
HUERSP3_14q21.1	HUERS-P3-int	chr14	40474268	40477616	-	turquoise
HUERSP3_14q21.2	HUERS-P3-int	chr14	43002171	43008568	+	turquoise
HUERSP3_17q22	HUERS-P3-int	chr17	53628816	53633567	+	turquoise
HUERSP3_18q11.1	HUERS-P3-int	chr18	21078509	21080065	-	turquoise
HUERSP3_18q12.2	HUERS-P3-int	chr18	35872830	35880365	+	turquoise
HUERSP3_18q22.1	HUERS-P3-int	chr18	64812747	64816172	+	turquoise
HUERSP3_18q23	HUERS-P3-int	chr18	80010909	80012828	-	turquoise
HUERSP3_19p12a	HUERS-P3-int	chr19	21679909	21684063	+	turquoise
HUERSP3_19p12b	HUERS-P3-int	chr19	21684366	21687992	+	turquoise
HUERSP3_19p12c	HUERS-P3-int	chr19	22877975	22882530	+	turquoise
HUERSP3_19p12d	HUERS-P3-int	chr19	23720782	23725058	-	turquoise
HUERSP3_19q11	HUERS-P3-int	chr19	27876948	27885917	+	turquoise
HUERSP3_19q13.11	HUERS-P3-int	chr19	34711792	34713511	+	turquoise
HUERSP3_19q13.2a	HUERS-P3-int	chr19	39626845	39630541	-	turquoise
HUERSP3_19q13.2b	HUERS-P3-int	chr19	39671694	39675061	+	turquoise
HUERSP3_19q13.2c	HUERS-P3-int	chr19	42683090	42689360	-	turquoise
HUERSP3_19q13.42	HUERS-P3-int	chr19	54672643	54677704	+	turquoise
HUERSP3_19q13.43	HUERS-P3-int	chr19	56347586	56351719	+	turquoise
HUERSP3_1p13.3	HUERS-P3-int	chr1	111027825	111033434	+	turquoise
HUERSP3_1p21.1	HUERS-P3-int	chr1	102434038	102440675	+	turquoise
HUERSP3_1p36.13	HUERS-P3-int	chr1	19294272	19296835	-	turquoise
HUERSP3_1q23.3	HUERS-P3-int	chr1	161483098	161488577	-	turquoise
HUERSP3_1q42.12	HUERS-P3-int	chr1	226491405	226494787	-	turquoise
HUERSP3_1q44	HUERS-P3-int	chr1	246529011	246538336	+	turquoise
HUERSP3_21q21.2	HUERS-P3-int	chr21	24991755	24995097	+	turquoise
HUERSP3_22q11.22	HUERS-P3-int	chr22	22459938	22465541	-	turquoise
HUERSP3_2p12	HUERS-P3-int	chr2	81387539	81390129	+	turquoise
HUERSP3_2p13.3	HUERS-P3-int	chr2	69794782	69798802	-	turquoise
HUERSP3_2p22.1	HUERS-P3-int	chr2	41493320	41502091	+	turquoise
HUERSP3_2p23.1	HUERS-P3-int	chr2	31687476	31695509	-	turquoise
HUERSP3_2p25.2	HUERS-P3-int	chr2	6838364	6846887	-	turquoise
HUERSP3_2q14.1	HUERS-P3-int	chr2	117466492	117471190	-	turquoise
HUERSP3_2q14.2	HUERS-P3-int	chr2	119853828	119857650	-	turquoise
HUERSP3_2q14.3	HUERS-P3-int	chr2	127818051	127825835	+	turquoise
HUERSP3_2q24.2	HUERS-P3-int	chr2	160080864	160090141	-	turquoise
HUERSP3_2q32.1	HUERS-P3-int	chr2	185963079	185965965	-	turquoise
HUERSP3_2q34	HUERS-P3-int	chr2	208389905	208398026	-	turquoise
HUERSP3_2q36.3	HUERS-P3-int	chr2	228299817	228309450	-	turquoise
HUERSP3_3p12.1	HUERS-P3-int	chr3	86617274	86624690	+	turquoise
HUERSP3_3p12.3	HUERS-P3-int	chr3	77919506	77923855	+	turquoise
HUERSP3_3q26.32	HUERS-P3-int	chr3	176505793	176515706	-	turquoise
HUERSP3_3q29	HUERS-P3-int	chr3	196517830	196525490	+	turquoise
HUERSP3_4q13.1	HUERS-P3-int	chr4	64712680	64719516	-	turquoise
HUERSP3_4q32.2a	HUERS-P3-int	chr4	161251767	161257841	-	turquoise
HUERSP3_4q32.2b	HUERS-P3-int	chr4	163172346	163180085	+	turquoise
HUERSP3_4q32.2c	HUERS-P3-int	chr4	163188107	163195098	-	turquoise
HUERSP3_4q32.3a	HUERS-P3-int	chr4	167416414	167424407	+	turquoise
HUERSP3_4q32.3b	HUERS-P3-int	chr4	168026356	168029614	-	turquoise
HUERSP3_5p13.3	HUERS-P3-int	chr5	29918420	29923451	-	turquoise
HUERSP3_5q14.3	HUERS-P3-int	chr5	91445972	91447921	-	turquoise
HUERSP3_5q21.2	HUERS-P3-int	chr5	104177817	104182663	+	turquoise
HUERSP3_5q22.1	HUERS-P3-int	chr5	111921173	111927118	-	turquoise
HUERSP3_5q22.3a	HUERS-P3-int	chr5	115072552	115074029	-	turquoise
HUERSP3_5q22.3b	HUERS-P3-int	chr5	115077136	115085288	-	turquoise
HUERSP3_6p21.32	HUERS-P3-int	chr6	33117739	33125003	-	turquoise
HUERSP3_6q12a	HUERS-P3-int	chr6	66923478	66927105	-	turquoise
HUERSP3_6q12b	HUERS-P3-int	chr6	66927106	66929752	+	turquoise
HUERSP3_6q14.1	HUERS-P3-int	chr6	77504256	77514114	-	turquoise
HUERSP3_6q22.31	HUERS-P3-int	chr6	118579711	118588950	+	turquoise
HUERSP3_6q25.1	HUERS-P3-int	chr6	149548231	149551114	-	turquoise
HUERSP3_7p12.3	HUERS-P3-int	chr7	46463467	46471647	-	turquoise
HUERSP3_7q11.21a	HUERS-P3-int	chr7	64618066	64626253	+	turquoise
HUERSP3_7q11.21b	HUERS-P3-int	chr7	64951152	64953114	-	turquoise
HUERSP3_7q11.21c	HUERS-P3-int	chr7	65403922	65406831	+	turquoise
HUERSP3_7q21.13a	HUERS-P3-int	chr7	88539947	88542464	-	turquoise
HUERSP3_7q21.13b	HUERS-P3-int	chr7	88542536	88548265	-	turquoise
HUERSP3_7q31.1	HUERS-P3-int	chr7	111796380	111801499	+	turquoise
HUERSP3_8p11.1a	HUERS-P3-int	chr8	43429898	43432368	+	turquoise
HUERSP3_8p11.1b	HUERS-P3-int	chr8	43434884	43439997	+	turquoise
HUERSP3_8p11.22	HUERS-P3-int	chr8	39326061	39330601	-	turquoise
HUERSP3_8q11.1	HUERS-P3-int	chr8	47005340	47015327	-	turquoise
HUERSP3_8q11.21	HUERS-P3-int	chr8	48242754	48244436	+	turquoise
HUERSP3_8q12.1	HUERS-P3-int	chr8	57222400	57224779	-	turquoise
HUERSP3_8q12.3	HUERS-P3-int	chr8	62099706	62102544	-	turquoise
HUERSP3_8q21.11a	HUERS-P3-int	chr8	72264478	72268779	-	turquoise
HUERSP3_8q21.11b	HUERS-P3-int	chr8	72280121	72283984	+	turquoise
HUERSP3_8q21.3	HUERS-P3-int	chr8	87046067	87055053	-	turquoise
HUERSP3_8q23.2	HUERS-P3-int	chr8	110829647	110835968	-	turquoise
HUERSP3_8q23.3	HUERS-P3-int	chr8	114915714	114918648	-	turquoise
HUERSP3_8q24.22	HUERS-P3-int	chr8	130827138	130830670	+	turquoise
HUERSP3_9p23	HUERS-P3-int	chr9	9997607	10001203	+	turquoise
HUERSP3_9p24.2	HUERS-P3-int	chr9	3085082	3088650	+	turquoise
HUERSP3_Xp11.21	HUERS-P3-int	chrX	57816574	57823244	-	turquoise
HUERSP3_Xp11.22	HUERS-P3-int	chrX	51456158	51462181	+	turquoise
HUERSP3_Xq13.3a	HUERS-P3-int	chrX	76538297	76542584	-	turquoise
HUERSP3_Xq13.3b	HUERS-P3-int	chrX	76550871	76557432	-	turquoise
HUERSP3_Xq21.1a	HUERS-P3-int	chrX	80477564	80484436	+	turquoise
HUERSP3_Xq21.1b	HUERS-P3-int	chrX	82647664	82652018	-	turquoise
HUERSP3_Xq21.1c	HUERS-P3-int	chrX	83007619	83015945	-	turquoise
HUERSP3_Xq21.31	HUERS-P3-int	chrX	89757074	89763097	-	turquoise
HUERSP3_Xq21.33	HUERS-P3-int	chrX	95074129	95079880	-	turquoise
HUERSP3_Xq25	HUERS-P3-int	chrX	125432034	125440756	-	turquoise
HUERSP3_Xq27.1	HUERS-P3-int	chrX	140817246	140821786	-	turquoise
HUERSP3_Yp11.2a	HUERS-P3-int	chrY	3404863	3410928	-	turquoise
HUERSP3_Yq11.221	HUERS-P3-int	chrY	12892330	12898440	+	turquoise
HUERSP3_Yq11.222c	HUERS-P3-int	chrY	19428063	19434295	-	turquoise
HUERSP3_Yq11.223a	HUERS-P3-int	chrY	20465957	20469876	-	turquoise
HUERSP3_Yq11.223b	HUERS-P3-int	chrY	20539035	20546169	+	turquoise
HUERSP3_Yq11.223c	HUERS-P3-int	chrY	20547949	20550872	-	turquoise
HUERSP3_Yq11.223d	HUERS-P3-int	chrY	20553455	20558899	-	turquoise
HUERSP3B_10q21.1a	HUERS-P3b-int	chr10	57574785	57581311	-	yellow
HUERSP3B_10q21.1b	HUERS-P3b-int	chr10	57788071	57795666	+	yellow
HUERSP3B_10q23.1	HUERS-P3b-int	chr10	86029348	86031163	+	yellow
HUERSP3B_10q23.31	HUERS-P3b-int	chr10	90135631	90140036	+	yellow
HUERSP3B_11p11.12a	HUERS-P3b-int	chr11	49734692	49739721	-	yellow
HUERSP3B_11p11.12b	HUERS-P3b-int	chr11	49740152	49743469	-	yellow
HUERSP3B_11p11.2	HUERS-P3b-int	chr11	48378988	48386173	-	yellow
HUERSP3B_11p12	HUERS-P3b-int	chr11	36665205	36673420	+	yellow
HUERSP3B_11p15.4	HUERS-P3b-int	chr11	4622329	4627200	-	yellow
HUERSP3B_11q14.1	HUERS-P3b-int	chr11	82675713	82683502	-	yellow
HUERSP3B_11q14.3	HUERS-P3b-int	chr11	88885695	88894481	+	yellow
HUERSP3B_11q24.2	HUERS-P3b-int	chr11	125548047	125555868	-	yellow
HUERSP3B_12q12	HUERS-P3b-int	chr12	43699086	43705818	+	yellow
HUERSP3B_12q13.11	HUERS-P3b-int	chr12	48554336	48557131	-	yellow
HUERSP3B_12q15	HUERS-P3b-int	chr12	67713210	67714735	+	yellow
HUERSP3B_12q23.3a	HUERS-P3b-int	chr12	104230670	104234293	-	yellow
HUERSP3B_12q23.3b	HUERS-P3b-int	chr12	104234656	104238444	+	yellow
HUERSP3B_13q12.11	HUERS-P3b-int	chr13	20287514	20288927	+	yellow
HUERSP3B_13q12.3	HUERS-P3b-int	chr13	31390213	31392260	-	yellow
HUERSP3B_13q21.2b	HUERS-P3b-int	chr13	60501140	60502662	-	yellow
HUERSP3B_13q21.2c	HUERS-P3b-int	chr13	60502735	60504633	-	yellow
HUERSP3B_13q31.1	HUERS-P3b-int	chr13	81515693	81522800	-	yellow
HUERSP3B_15q14	HUERS-P3b-int	chr15	35435748	35438253	+	yellow
HUERSP3B_15q25.1	HUERS-P3b-int	chr15	80366025	80371154	+	yellow
HUERSP3B_16p11.2a	HUERS-P3b-int	chr16	29708769	29715758	+	yellow
HUERSP3B_16p11.2b	HUERS-P3b-int	chr16	29716021	29719561	+	yellow
HUERSP3B_17p11.2	HUERS-P3b-int	chr17	16539541	16546626	+	yellow
HUERSP3B_18q12.1	HUERS-P3b-int	chr18	31741642	31744796	-	yellow
HUERSP3B_18q21.1	HUERS-P3b-int	chr18	49447280	49454617	+	yellow
HUERSP3B_18q21.2a	HUERS-P3b-int	chr18	52784756	52789686	-	yellow
HUERSP3B_18q21.2b	HUERS-P3b-int	chr18	52790112	52793481	-	yellow
HUERSP3B_19p12	HUERS-P3b-int	chr19	22882217	22884662	+	yellow
HUERSP3B_19q13.2	HUERS-P3b-int	chr19	42790564	42794718	-	yellow
HUERSP3B_19q13.31a	HUERS-P3b-int	chr19	43101358	43105490	-	yellow
HUERSP3B_19q13.31b	HUERS-P3b-int	chr19	43226418	43230569	-	yellow
HUERSP3B_19q13.31c	HUERS-P3b-int	chr19	43288298	43292202	-	yellow
HUERSP3B_1p22.3	HUERS-P3b-int	chr1	86692599	86694874	-	yellow
HUERSP3B_1p33a	HUERS-P3b-int	chr1	46874045	46877756	+	yellow
HUERSP3B_1p33b	HUERS-P3b-int	chr1	47090170	47093881	-	yellow
HUERSP3B_1p34.2a	HUERS-P3b-int	chr1	42503189	42509107	-	yellow
HUERSP3B_1p34.2b	HUERS-P3b-int	chr1	42509517	42513732	-	yellow
HUERSP3B_1p35.1	HUERS-P3b-int	chr1	32412918	32421941	+	yellow
HUERSP3B_1q21.3	HUERS-P3b-int	chr1	153603714	153606012	+	yellow
HUERSP3B_1q24.2	HUERS-P3b-int	chr1	169815820	169819626	-	yellow
HUERSP3B_1q31.3	HUERS-P3b-int	chr1	196139221	196141249	-	yellow
HUERSP3B_1q32.2	HUERS-P3b-int	chr1	207741921	207748554	+	yellow
HUERSP3B_21q21.1	HUERS-P3b-int	chr21	19679015	19683306	+	yellow
HUERSP3B_21q22.12	HUERS-P3b-int	chr21	36098211	36104237	+	yellow
HUERSP3B_22q11.22	HUERS-P3b-int	chr22	22975079	22981443	+	yellow
HUERSP3B_22q12.1	HUERS-P3b-int	chr22	25620059	25622022	-	yellow
HUERSP3B_2p15	HUERS-P3b-int	chr2	63299756	63302947	+	yellow
HUERSP3B_2p24.3	HUERS-P3b-int	chr2	13684812	13687809	+	yellow
HUERSP3B_2p25.3a	HUERS-P3b-int	chr2	4169315	4173213	-	yellow
HUERSP3B_2p25.3b	HUERS-P3b-int	chr2	4173635	4176880	-	yellow
HUERSP3B_2q12.1	HUERS-P3b-int	chr2	104214451	104216134	+	yellow
HUERSP3B_2q12.3	HUERS-P3b-int	chr2	108240388	108245565	-	yellow
HUERSP3B_2q31.2	HUERS-P3b-int	chr2	177834510	177837462	+	yellow
HUERSP3B_2q32.3	HUERS-P3b-int	chr2	194602578	194611487	+	yellow
HUERSP3B_2q35	HUERS-P3b-int	chr2	218349659	218352487	-	yellow
HUERSP3B_3q11.2	HUERS-P3b-int	chr3	98186061	98189085	-	yellow
HUERSP3B_3q13.11	HUERS-P3b-int	chr3	104273436	104280102	-	yellow
HUERSP3B_3q23	HUERS-P3b-int	chr3	142278954	142289224	+	yellow
HUERSP3B_3q26.1	HUERS-P3b-int	chr3	162434437	162440353	-	yellow
HUERSP3B_3q26.31a	HUERS-P3b-int	chr3	172666117	172668316	+	yellow
HUERSP3B_3q26.31b	HUERS-P3b-int	chr3	172672365	172674983	+	yellow
HUERSP3B_3q28a	HUERS-P3b-int	chr3	190678311	190680723	+	yellow
HUERSP3B_3q28b	HUERS-P3b-int	chr3	190681070	190685007	+	yellow
HUERSP3B_4p14	HUERS-P3b-int	chr4	36893878	36900976	+	yellow
HUERSP3B_4p15.1	HUERS-P3b-int	chr4	33591009	33600366	+	yellow
HUERSP3B_4q21.1a	HUERS-P3b-int	chr4	77329767	77332741	-	yellow
HUERSP3B_4q24a	HUERS-P3b-int	chr4	100620286	100623844	-	yellow
HUERSP3B_4q24b	HUERS-P3b-int	chr4	103784819	103792426	+	yellow
HUERSP3B_4q28.3	HUERS-P3b-int	chr4	135594953	135604761	+	yellow
HUERSP3B_4q34.3	HUERS-P3b-int	chr4	178820877	178822524	-	yellow
HUERSP3B_5p13.1	HUERS-P3b-int	chr5	39653791	39655491	+	yellow
HUERSP3B_5p14.1a	HUERS-P3b-int	chr5	28011639	28013516	+	yellow
HUERSP3B_5p14.1b	HUERS-P3b-int	chr5	28013557	28015406	+	yellow
HUERSP3B_5q22.2	HUERS-P3b-int	chr5	113605569	113611347	+	yellow
HUERSP3B_5q23.2a	HUERS-P3b-int	chr5	123926169	123930099	-	yellow
HUERSP3B_5q31.3	HUERS-P3b-int	chr5	141455328	141458438	-	yellow
HUERSP3B_5q33.3	HUERS-P3b-int	chr5	157727177	157729573	-	yellow
HUERSP3B_6p22.3a	HUERS-P3b-int	chr6	22370432	22379334	+	yellow
HUERSP3B_6p22.3b	HUERS-P3b-int	chr6	23107998	23113276	-	yellow
HUERSP3B_6p22.3c	HUERS-P3b-int	chr6	23113704	23116867	-	yellow
HUERSP3B_6p25.1	HUERS-P3b-int	chr6	5563003	5566915	-	yellow
HUERSP3B_6q12	HUERS-P3b-int	chr6	66561896	66569647	-	yellow
HUERSP3B_6q24.1	HUERS-P3b-int	chr6	141148318	141151389	-	yellow
HUERSP3B_6q27	HUERS-P3b-int	chr6	165049125	165051468	+	yellow
HUERSP3B_7p13	HUERS-P3b-int	chr7	43666199	43669761	+	yellow
HUERSP3B_7p21.3	HUERS-P3b-int	chr7	7210436	7217353	-	yellow
HUERSP3B_7q21.13	HUERS-P3b-int	chr7	89856022	89864008	+	yellow
HUERSP3B_8p12	HUERS-P3b-int	chr8	34890114	34898436	+	yellow
HUERSP3B_8q11.21	HUERS-P3b-int	chr8	48225542	48232825	+	yellow
HUERSP3B_9p13.3a	HUERS-P3b-int	chr9	35186447	35191289	-	yellow
HUERSP3B_9p13.3b	HUERS-P3b-int	chr9	35191709	35195348	-	yellow
HUERSP3B_9p21.2	HUERS-P3b-int	chr9	25959679	25965722	-	yellow
HUERSP3B_9p22.3	HUERS-P3b-int	chr9	14830619	14837443	+	yellow
HUERSP3B_Xp11.22	HUERS-P3b-int	chrX	53164578	53168402	+	yellow
HUERSP3B_Xp21.3a	HUERS-P3b-int	chrX	26648755	26654821	-	yellow
HUERSP3B_Xp21.3b	HUERS-P3b-int	chrX	26778880	26783112	-	yellow
HUERSP3B_Xp22.31	HUERS-P3b-int	chrX	8768037	8772821	-	yellow
HUERSP3B_Xq13.2a	HUERS-P3b-int	chrX	74134510	74138519	+	yellow
HUERSP3B_Xq13.2b	HUERS-P3b-int	chrX	74253889	74260438	+	yellow
HUERSP3B_Xq21.2	HUERS-P3b-int	chrX	85811936	85820285	+	yellow
HUERSP3B_Xq21.33	HUERS-P3b-int	chrX	94439682	94442849	-	yellow
HUERSP3B_Xq22.1	HUERS-P3b-int	chrX	102732151	102737494	-	yellow
HUERSP3B_Yq11.222b	HUERS-P3b-int	chrY	18629650	18638105	+	yellow
HUERSP3B_Yq11.223	HUERS-P3b-int	chrY	20890840	20896441	+	yellow
LTR19_10p15.1	LTR19-int	chr10	5169111	5173521	-	yellow
LTR19_10q11.21	LTR19-int	chr10	45274512	45278972	-	yellow
LTR19_10q25.1	LTR19-int	chr10	104233864	104236373	+	yellow
LTR19_12p13.31	LTR19-int	chr12	9139752	9144991	-	yellow
LTR19_12q21.1	LTR19-int	chr12	73169614	73170661	+	yellow
LTR19_12q23.3	LTR19-int	chr12	107848466	107851407	+	yellow
LTR19_14q21.2	LTR19-int	chr14	44428520	44430630	+	yellow
LTR19_14q23.1	LTR19-int	chr14	60096829	60098422	+	yellow
LTR19_14q24.2	LTR19-int	chr14	70536570	70544333	+	yellow
LTR19_17q12	LTR19-int	chr17	35297637	35300844	+	yellow
LTR19_17q21.32	LTR19-int	chr17	49121864	49129963	-	yellow
LTR19_18q21.33	LTR19-int	chr18	61618776	61625061	+	yellow
LTR19_19p12	LTR19-int	chr19	23169122	23172493	+	yellow
LTR19_19p13.2a	LTR19-int	chr19	8033232	8035812	-	yellow
LTR19_19p13.2b	LTR19-int	chr19	12224330	12228688	-	yellow
LTR19_19p13.2c	LTR19-int	chr19	12228817	12231119	-	yellow
LTR19_1p12	LTR19-int	chr1	119483723	119489581	-	yellow
LTR19_1p31.1	LTR19-int	chr1	82622974	82626992	+	yellow
LTR19_1q23.1	LTR19-int	chr1	157433733	157436182	+	yellow
LTR19_1q24.3	LTR19-int	chr1	172847553	172851416	-	yellow
LTR19_20p13	LTR19-int	chr20	778881	784230	+	yellow
LTR19_20q12a	LTR19-int	chr20	39482540	39483717	+	yellow
LTR19_20q12b	LTR19-int	chr20	39486770	39489051	+	yellow
LTR19_3p12.2	LTR19-int	chr3	81065742	81070295	+	yellow
LTR19_3q13.33a	LTR19-int	chr3	119978045	119981228	+	yellow
LTR19_3q13.33b	LTR19-int	chr3	119987334	119990480	+	yellow
LTR19_4p15.1a	LTR19-int	chr4	32454712	32456768	+	yellow
LTR19_4p15.1b	LTR19-int	chr4	33249958	33256380	-	yellow
LTR19_4q35.1	LTR19-int	chr4	185324325	185330494	-	yellow
LTR19_5q22.3	LTR19-int	chr5	114722653	114726555	+	yellow
LTR19_5q34	LTR19-int	chr5	162717489	162719264	+	yellow
LTR19_6q25.3a	LTR19-int	chr6	158611716	158613921	-	yellow
LTR19_6q25.3b	LTR19-int	chr6	158619516	158621390	-	yellow
LTR19_7p14.3	LTR19-int	chr7	31539598	31543430	-	yellow
LTR19_9p23	LTR19-int	chr9	11229119	11235465	-	yellow
LTR19_9q22.2	LTR19-int	chr9	89295342	89297499	+	yellow
LTR19_9q34.11	LTR19-int	chr9	129594670	129595729	-	yellow
LTR19_Xq27.1	LTR19-int	chrX	141010501	141014779	+	yellow
LTR19_Xq27.2a	LTR19-int	chrX	141231382	141235224	-	yellow
LTR19_Xq27.2b	LTR19-int	chrX	141572611	141576889	-	yellow
LTR19_Xq27.2c	LTR19-int	chrX	141597534	141602118	+	yellow
LTR19_Xq27.2d	LTR19-int	chrX	141686291	141690632	-	yellow
LTR19_Yp11.2b	LTR19-int	chrY	7601805	7606974	-	yellow
LTR19_Yp11.2c	LTR19-int	chrY	8173239	8175231	-	yellow
LTR19_Yp11.2d	LTR19-int	chrY	8179162	8181149	-	yellow
LTR19_Yp11.2e	LTR19-int	chrY	9993374	9995460	+	yellow
LTR19_Yq11.221a	LTR19-int	chrY	13067227	13069605	+	yellow
LTR19_Yq11.221b	LTR19-int	chrY	13098968	13100020	-	yellow
LTR19_Yq11.221c	LTR19-int	chrY	16059283	16064617	-	yellow
LTR19_Yq11.221d	LTR19-int	chrY	16080882	16083152	+	yellow
LTR19_Yq11.221e	LTR19-int	chrY	16127599	16133739	+	yellow
LTR19_Yq11.223a	LTR19-int	chrY	21141258	21146830	+	yellow
LTR19_Yq11.223c	LTR19-int	chrY	22230245	22232239	-	yellow
LTR23_14q24.2	LTR23-int	chr14	70402689	70404833	+	yellow
LTR23_15q13.3a	LTR23-int	chr15	31138733	31140031	+	yellow
LTR23_15q13.3b	LTR23-int	chr15	31141132	31141804	+	yellow
LTR23_1p22.1	LTR23-int	chr1	93409486	93412791	-	yellow
LTR23_1q41	LTR23-int	chr1	221958153	221960186	-	yellow
LTR23_3q25.2	LTR23-int	chr3	155029552	155030580	-	yellow
LTR23_3q26.31	LTR23-int	chr3	172026012	172028823	-	yellow
LTR23_4q12	LTR23-int	chr4	52687704	52689934	+	yellow
LTR23_6p12.3	LTR23-int	chr6	48853508	48855356	+	yellow
LTR23_7q11.23a	LTR23-int	chr7	76623872	76624265	+	yellow
LTR23_7q11.23b	LTR23-int	chr7	76950377	76951117	-	yellow
LTR23_9q22.33a	LTR23-int	chr9	98111494	98115852	+	yellow
LTR23_Xp11.21	LTR23-int	chrX	57646636	57650025	-	yellow
LTR23_Xq25b	LTR23-int	chrX	125685250	125693643	+	yellow
LTR25_10p15.1a	LTR25-int	chr10	5163884	5169104	+	yellow
LTR25_10p15.1b	LTR25-int	chr10	5173612	5174968	+	yellow
LTR25_10p15.1c	LTR25-int	chr10	5181140	5184422	+	yellow
LTR25_11p11.12	LTR25-int	chr11	49995075	50001037	+	yellow
LTR25_11p14.1	LTR25-int	chr11	28134547	28139969	-	yellow
LTR25_11q11	LTR25-int	chr11	54554832	54559820	-	yellow
LTR25_11q12.1	LTR25-int	chr11	58740679	58743259	+	yellow
LTR25_11q13.4	LTR25-int	chr11	72125101	72128542	-	yellow
LTR25_11q24.3a	LTR25-int	chr11	129548488	129550784	+	yellow
LTR25_11q24.3b	LTR25-int	chr11	129779830	129785817	-	yellow
LTR25_12p11.22b	LTR25-int	chr12	29140802	29145444	-	yellow
LTR25_13q12.12	LTR25-int	chr13	23959795	23961130	+	yellow
LTR25_13q31.1	LTR25-int	chr13	78664894	78669286	-	yellow
LTR25_14q21.1	LTR25-int	chr14	40464410	40470231	+	yellow
LTR25_14q21.2b	LTR25-int	chr14	45787639	45793102	+	yellow
LTR25_14q23.3	LTR25-int	chr14	66758339	66759503	-	yellow
LTR25_14q24.2	LTR25-int	chr14	70444440	70446634	-	yellow
LTR25_14q24.3	LTR25-int	chr14	73601155	73607029	-	yellow
LTR25_15q11.2	LTR25-int	chr15	23504112	23511588	-	yellow
LTR25_15q21.1a	LTR25-int	chr15	45049247	45052678	-	yellow
LTR25_15q21.1c	LTR25-int	chr15	46143441	46145785	+	yellow
LTR25_16p12.3a	LTR25-int	chr16	20496266	20498364	+	yellow
LTR25_16p12.3b	LTR25-int	chr16	20524933	20527456	-	yellow
LTR25_17p11.2	LTR25-int	chr17	17427713	17430193	+	yellow
LTR25_17q22	LTR25-int	chr17	52116702	52120550	+	yellow
LTR25_18q23	LTR25-int	chr18	80020191	80023821	-	yellow
LTR25_19p12a	LTR25-int	chr19	21945796	21951669	+	yellow
LTR25_19p12b	LTR25-int	chr19	21956973	21958924	+	yellow
LTR25_19p12c	LTR25-int	chr19	22143379	22148364	+	yellow
LTR25_19p12e	LTR25-int	chr19	22161661	22163244	+	yellow
LTR25_19p12f	LTR25-int	chr19	22943608	22949508	+	yellow
LTR25_19p13.3	LTR25-int	chr19	6293022	6296211	+	yellow
LTR25_19q13.11	LTR25-int	chr19	34621011	34625016	-	yellow
LTR25_19q13.43	LTR25-int	chr19	57561304	57567399	-	yellow
LTR25_1p21.1c	LTR25-int	chr1	103683814	103684878	+	yellow
LTR25_1p22.3	LTR25-int	chr1	84603880	84611675	+	yellow
LTR25_1q22	LTR25-int	chr1	155637970	155646274	-	yellow
LTR25_1q31.1	LTR25-int	chr1	189269130	189270998	-	yellow
LTR25_21p11.2	LTR25-int	chr21	9944264	9949759	-	yellow
LTR25_21q21.2	LTR25-int	chr21	22845983	22847501	-	yellow
LTR25_21q22.11	LTR25-int	chr21	32854061	32858020	-	yellow
LTR25_2p13.3	LTR25-int	chr2	69790238	69794493	-	yellow
LTR25_2q12.1	LTR25-int	chr2	102408621	102413726	+	yellow
LTR25_2q24.2	LTR25-int	chr2	162490534	162496239	+	yellow
LTR25_2q31.1	LTR25-int	chr2	173291779	173300177	-	yellow
LTR25_2q32.3a	LTR25-int	chr2	196124161	196131057	-	yellow
LTR25_3p22.1	LTR25-int	chr3	42918608	42924975	-	yellow
LTR25_3q12.2	LTR25-int	chr3	100466409	100472339	+	yellow
LTR25_3q21.3	LTR25-int	chr3	126166134	126170497	+	yellow
LTR25_3q24a	LTR25-int	chr3	143104432	143109993	+	yellow
LTR25_3q26.1	LTR25-int	chr3	163052389	163058861	-	yellow
LTR25_3q26.33a	LTR25-int	chr3	182716415	182725114	-	yellow
LTR25_4q13.1a	LTR25-int	chr4	64229529	64232344	-	yellow
LTR25_4q13.1b	LTR25-int	chr4	64306048	64307997	+	yellow
LTR25_4q28.3	LTR25-int	chr4	131804492	131808659	-	yellow
LTR25_4q32.1	LTR25-int	chr4	157525426	157527869	-	yellow
LTR25_4q34.1a	LTR25-int	chr4	173282514	173289284	-	yellow
LTR25_4q34.3	LTR25-int	chr4	178271273	178273109	+	yellow
LTR25_5q15b	LTR25-int	chr5	98839880	98843293	-	yellow
LTR25_5q15c	LTR25-int	chr5	98843582	98846022	-	yellow
LTR25_5q21.1a	LTR25-int	chr5	100419483	100423586	+	yellow
LTR25_5q21.1b	LTR25-int	chr5	101534634	101535838	-	yellow
LTR25_5q34	LTR25-int	chr5	164968815	164973617	-	yellow
LTR25_5q35.3	LTR25-int	chr5	180976911	180982172	-	yellow
LTR25_6q11.2	LTR25-int	chr6	62652655	62654313	-	yellow
LTR25_6q21	LTR25-int	chr6	111161463	111166352	-	yellow
LTR25_6q24.1	LTR25-int	chr6	141467145	141471322	-	yellow
LTR25_6q27	LTR25-int	chr6	169390415	169393820	-	yellow
LTR25_7p13	LTR25-int	chr7	43920222	43921624	+	yellow
LTR25_7q11.21	LTR25-int	chr7	64508618	64516308	+	yellow
LTR25_7q21.12	LTR25-int	chr7	87327757	87330748	-	yellow
LTR25_7q36.1	LTR25-int	chr7	149527865	149535145	+	yellow
LTR25_9p11.2b	LTR25-int	chr9	41528626	41533198	+	yellow
LTR25_9p12	LTR25-int	chr9	39930352	39936362	-	yellow
LTR25_9p13.3	LTR25-int	chr9	35149628	35150675	+	yellow
LTR25_9p23a	LTR25-int	chr9	11267532	11270411	-	yellow
LTR25_9p23b	LTR25-int	chr9	11274284	11275260	+	yellow
LTR25_9q22.2	LTR25-int	chr9	89300169	89303780	+	yellow
LTR25_9q33.2	LTR25-int	chr9	121520592	121522193	-	yellow
LTR25_Xp11.21	LTR25-int	chrX	56386562	56388483	-	yellow
LTR25_Xq21.1a	LTR25-int	chrX	80312695	80317563	+	yellow
LTR25_Xq21.1b	LTR25-int	chrX	80423250	80433342	-	yellow
LTR25_Xq21.1c	LTR25-int	chrX	80512828	80515196	-	yellow
LTR25_Xq21.1d	LTR25-int	chrX	82081148	82086221	-	yellow
LTR25_Xq21.1e	LTR25-int	chrX	83178945	83181735	-	yellow
LTR25_Xq21.2	LTR25-int	chrX	86316583	86324032	-	yellow
LTR25_Xq21.32	LTR25-int	chrX	93868316	93876245	-	yellow
LTR25_Xq22.2a	LTR25-int	chrX	103864676	103867698	-	yellow
LTR25_Xq22.2b	LTR25-int	chrX	103873422	103879991	-	yellow
LTR25_Xq23	LTR25-int	chrX	111858949	111861614	-	yellow
LTR25_Xq25a	LTR25-int	chrX	122613552	122615666	+	yellow
LTR25_Xq25b	LTR25-int	chrX	125782291	125788696	-	yellow
LTR25_Xq26.2	LTR25-int	chrX	134218054	134220891	-	yellow
LTR25_Xq27.2	LTR25-int	chrX	141867617	141873017	-	yellow
LTR25_Yp11.2d	LTR25-int	chrY	9132631	9141443	+	yellow
LTR25_Yq11.221a	LTR25-int	chrY	12744501	12749585	-	yellow
LTR25_Yq11.221b	LTR25-int	chrY	13552210	13559268	+	yellow
LTR25_Yq11.222g	LTR25-int	chrY	18033921	18045535	-	yellow
LTR25_Yq11.222k	LTR25-int	chrY	19317305	19323420	+	yellow
LTR25_Yq11.223b	LTR25-int	chrY	19840244	19844550	-	yellow
LTR25_Yq11.223d	LTR25-int	chrY	20398315	20413068	-	yellow
LTR25_Yq11.223e	LTR25-int	chrY	20427114	20427775	-	yellow
LTR25_Yq11.223g	LTR25-int	chrY	21138826	21141259	+	yellow
LTR25_Yq11.223h	LTR25-int	chrY	21146832	21149903	+	yellow
LTR25_Yq11.223n	LTR25-int	chrY	21722825	21730109	-	yellow
LTR25_Yq11.23b	LTR25-int	chrY	23838666	23848607	+	yellow
LTR25_Yq11.23f	LTR25-int	chrY	24026100	24029710	-	yellow
LTR25_Yq11.23g	LTR25-int	chrY	24029723	24039904	+	yellow
LTR25_Yq11.23j	LTR25-int	chrY	25630227	25640411	-	yellow
LTR46_11q21	LTR46-int	chr11	96498781	96507527	+	turquoise
LTR46_16q23.1	LTR46-int	chr16	75682529	75684785	-	turquoise
LTR46_19q13.43	LTR46-int	chr19	57651316	57656645	+	turquoise
LTR46_1p36.13	LTR46-int	chr1	20028127	20035516	-	turquoise
LTR46_4q32.2	LTR46-int	chr4	162536081	162538856	-	turquoise
LTR46_5q33.1	LTR46-int	chr5	150986467	150993656	-	turquoise
LTR46_6p22.2	LTR46-int	chr6	25835820	25838436	-	turquoise
LTR46_7q21.13	LTR46-int	chr7	89433216	89439173	+	turquoise
LTR46_8q13.1	LTR46-int	chr8	66326680	66327971	+	turquoise
LTR46_8q24.3	LTR46-int	chr8	144858831	144868579	-	turquoise
LTR46_9p21.2	LTR46-int	chr9	27805167	27809633	-	turquoise
LTR46_9q22.33	LTR46-int	chr9	97701097	97701986	+	turquoise
LTR46_Xq11.1	LTR46-int	chrX	63426553	63434962	-	turquoise
LTR46_Xq13.3	LTR46-int	chrX	75203449	75212180	-	turquoise
LTR46_Xq21.31	LTR46-int	chrX	90215623	90223708	-	turquoise
LTR46_Xq27.3a	LTR46-int	chrX	143026100	143033837	-	turquoise
LTR46_Xq27.3b	LTR46-int	chrX	143509351	143517306	+	turquoise
LTR46_Xq27.3c	LTR46-int	chrX	143712688	143720583	+	turquoise
LTR46_Xq27.3d	LTR46-int	chrX	145247669	145255482	-	turquoise
LTR46_Yp11.2	LTR46-int	chrY	3784727	3792809	-	turquoise
LTR46_Yq11.223	LTR46-int	chrY	20664214	20669988	+	turquoise
LTR57_10p15.1	LTR57-int	chr10	4893756	4894710	-	yellow
LTR57_10q21.1	LTR57-int	chr10	56623935	56629208	-	yellow
LTR57_10q21.3	LTR57-int	chr10	65662541	65664180	+	yellow
LTR57_10q22.3	LTR57-int	chr10	80069101	80070478	-	yellow
LTR57_10q23.1	LTR57-int	chr10	85025297	85026618	+	yellow
LTR57_10q25.3	LTR57-int	chr10	115619677	115621218	-	yellow
LTR57_12q14.3	LTR57-int	chr12	67258000	67259244	+	yellow
LTR57_13q21.2	LTR57-int	chr13	61291547	61296630	-	yellow
LTR57_13q22.1	LTR57-int	chr13	74747273	74752296	+	yellow
LTR57_14q13.2a	LTR57-int	chr14	35912739	35914096	+	yellow
LTR57_14q13.2b	LTR57-int	chr14	35923129	35928372	-	yellow
LTR57_14q22.1	LTR57-int	chr14	50544972	50550643	+	yellow
LTR57_14q32.33b	LTR57-int	chr14	105129954	105131880	+	yellow
LTR57_16q23.1	LTR57-int	chr16	75740951	75742238	+	yellow
LTR57_17q22	LTR57-int	chr17	53719200	53723040	-	yellow
LTR57_18q12.1	LTR57-int	chr18	33899879	33901603	+	yellow
LTR57_18q21.1	LTR57-int	chr18	47818630	47820124	+	yellow
LTR57_1q31.1	LTR57-int	chr1	190593261	190594244	+	yellow
LTR57_22q11.21	LTR57-int	chr22	19501517	19502904	-	yellow
LTR57_22q12.2	LTR57-int	chr22	30595999	30600038	+	yellow
LTR57_22q13.32	LTR57-int	chr22	48968230	48973023	-	yellow
LTR57_2p25.3	LTR57-int	chr2	181012	182290	+	yellow
LTR57_2q22.1	LTR57-int	chr2	139670071	139671212	-	yellow
LTR57_2q23.3	LTR57-int	chr2	151247249	151248740	-	yellow
LTR57_2q36.3	LTR57-int	chr2	228367451	228374329	+	yellow
LTR57_3q11.2	LTR57-int	chr3	95473368	95474323	-	yellow
LTR57_3q21.3	LTR57-int	chr3	127250672	127251899	-	yellow
LTR57_3q26.33	LTR57-int	chr3	180548134	180553900	+	yellow
LTR57_5p12a	LTR57-int	chr5	42920403	42921689	-	yellow
LTR57_5p12b	LTR57-int	chr5	42975428	42977018	-	yellow
LTR57_5p14.1	LTR57-int	chr5	25793696	25799696	+	yellow
LTR57_5q31.1	LTR57-int	chr5	132281240	132287803	-	yellow
LTR57_6p22.1	LTR57-int	chr6	28868273	28875869	-	yellow
LTR57_6q24.3	LTR57-int	chr6	146648958	146650519	-	yellow
LTR57_7p14.1	LTR57-int	chr7	42545810	42547126	-	yellow
LTR57_7q34	LTR57-int	chr7	141842151	141848230	+	yellow
LTR57_8p22	LTR57-int	chr8	14176643	14182603	+	yellow
LTR57_8q11.23	LTR57-int	chr8	52760049	52766332	+	yellow
LTR57_8q24.13	LTR57-int	chr8	126094864	126100453	+	yellow
LTR57_9q22.32	LTR57-int	chr9	94577573	94578558	+	yellow
LTR57_Xq21.31	LTR57-int	chrX	88093531	88094740	-	yellow
LTR57_Xq26.3	LTR57-int	chrX	138124506	138127818	-	yellow
LTR57_Xq27.3	LTR57-int	chrX	145919543	145924944	+	yellow
MER101_10q11.22a	MER101-int	chr10	46258213	46262072	+	yellow
MER101_10q11.22d	MER101-int	chr10	47898179	47901255	-	yellow
MER101_10q23.1a	MER101-int	chr10	83437679	83439615	+	yellow
MER101_10q23.1b	MER101-int	chr10	85534390	85536387	-	yellow
MER101_10q23.33	MER101-int	chr10	95181009	95183369	+	yellow
MER101_11p12a	MER101-int	chr11	41809644	41812789	-	yellow
MER101_11p12b	MER101-int	chr11	41813093	41817546	-	yellow
MER101_11p14.3	MER101-int	chr11	22089620	22095780	-	yellow
MER101_11q12.1a	MER101-int	chr11	56728325	56733543	-	yellow
MER101_11q13.2	MER101-int	chr11	67654639	67661572	+	yellow
MER101_12p13.31a	MER101-int	chr12	7538847	7540942	-	yellow
MER101_12p13.31b	MER101-int	chr12	9657215	9660579	+	yellow
MER101_12q13.3	MER101-int	chr12	56865446	56871454	-	yellow
MER101_12q21.2	MER101-int	chr12	77642091	77644073	-	yellow
MER101_12q21.32	MER101-int	chr12	87385878	87388051	+	yellow
MER101_12q22	MER101-int	chr12	94414668	94415554	+	yellow
MER101_12q24.13a	MER101-int	chr12	111946077	111949833	+	yellow
MER101_12q24.13b	MER101-int	chr12	111950162	111953828	+	yellow
MER101_13q12.3	MER101-int	chr13	30082904	30091837	+	yellow
MER101_13q14.11	MER101-int	chr13	41293972	41297234	+	yellow
MER101_13q14.2	MER101-int	chr13	48714928	48717005	-	yellow
MER101_13q21.31	MER101-int	chr13	63922663	63924468	-	yellow
MER101_13q22.1	MER101-int	chr13	74780839	74782173	+	yellow
MER101_13q31.1a	MER101-int	chr13	83814710	83818136	+	yellow
MER101_13q31.1b	MER101-int	chr13	83818671	83822925	+	yellow
MER101_13q34a	MER101-int	chr13	110607324	110608435	+	yellow
MER101_13q34b	MER101-int	chr13	110745513	110747464	-	yellow
MER101_13q34c	MER101-int	chr13	113959658	113961609	+	yellow
MER101_14q11.2a	MER101-int	chr14	18619564	18620450	-	yellow
MER101_14q11.2b	MER101-int	chr14	19694595	19695473	+	yellow
MER101_14q12a	MER101-int	chr14	31776942	31779059	-	yellow
MER101_14q12b	MER101-int	chr14	31779369	31782971	-	yellow
MER101_14q21.1	MER101-int	chr14	42612815	42615152	-	yellow
MER101_14q32.32	MER101-int	chr14	103181249	103183734	+	yellow
MER101_14q32.33	MER101-int	chr14	105819847	105825276	-	yellow
MER101_15q11.2a	MER101-int	chr15	24293322	24295254	-	yellow
MER101_15q11.2b	MER101-int	chr15	24354673	24356853	-	yellow
MER101_15q11.2c	MER101-int	chr15	24408914	24411086	-	yellow
MER101_15q11.2d	MER101-int	chr15	24463741	24464657	-	yellow
MER101_15q11.2e	MER101-int	chr15	24501091	24503083	-	yellow
MER101_15q12	MER101-int	chr15	25756672	25757581	+	yellow
MER101_15q15.2	MER101-int	chr15	43170341	43171051	-	yellow
MER101_15q21.2a	MER101-int	chr15	50149654	50151548	-	yellow
MER101_15q21.2b	MER101-int	chr15	50151774	50154622	-	yellow
MER101_15q25.1a	MER101-int	chr15	81114948	81117237	-	yellow
MER101_15q25.1b	MER101-int	chr15	81118757	81120700	-	yellow
MER101_15q25.1c	MER101-int	chr15	81120843	81121708	-	yellow
MER101_15q26.3	MER101-int	chr15	101855112	101859449	+	yellow
MER101_16p11.1a	MER101-int	chr16	35816009	35819288	+	yellow
MER101_16p11.1b	MER101-int	chr16	35819388	35820979	+	yellow
MER101_16p11.1c	MER101-int	chr16	35858777	35861033	+	yellow
MER101_16p11.2b	MER101-int	chr16	29405860	29406960	+	yellow
MER101_16p11.2c	MER101-int	chr16	29507644	29508743	+	yellow
MER101_16p11.2d	MER101-int	chr16	30247627	30248726	+	yellow
MER101_16p12.2a	MER101-int	chr16	21427157	21428254	+	yellow
MER101_16p12.2c	MER101-int	chr16	22510650	22511743	-	yellow
MER101_16p13.11	MER101-int	chr16	15383093	15384195	+	yellow
MER101_16q22.1a	MER101-int	chr16	68938694	68942048	-	yellow
MER101_17p13.2	MER101-int	chr17	5831630	5834628	+	yellow
MER101_18p11.31	MER101-int	chr18	6289009	6289913	+	yellow
MER101_18q21.1a	MER101-int	chr18	47816554	47819208	+	yellow
MER101_18q21.1b	MER101-int	chr18	47820099	47824600	+	yellow
MER101_18q21.33a	MER101-int	chr18	63520831	63524749	-	yellow
MER101_18q21.33c	MER101-int	chr18	63526469	63529522	-	yellow
MER101_18q22.3b	MER101-int	chr18	74300764	74303204	+	yellow
MER101_18q23a	MER101-int	chr18	76176659	76180987	-	yellow
MER101_18q23b	MER101-int	chr18	76181295	76184384	-	yellow
MER101_18q23d	MER101-int	chr18	79664584	79669115	+	yellow
MER101_19q13.2a	MER101-int	chr19	39041731	39044492	+	yellow
MER101_19q13.2b	MER101-int	chr19	40104327	40107181	-	yellow
MER101_19q13.2c	MER101-int	chr19	40110255	40116410	-	yellow
MER101_19q13.42	MER101-int	chr19	53318359	53320565	-	yellow
MER101_1p22.2a	MER101-int	chr1	89048082	89049754	+	yellow
MER101_1p22.2b	MER101-int	chr1	89429509	89431206	-	yellow
MER101_1p31.1a	MER101-int	chr1	69527178	69530904	-	yellow
MER101_1p31.1b	MER101-int	chr1	73340002	73345431	-	yellow
MER101_1p31.1f	MER101-int	chr1	84186630	84190130	-	yellow
MER101_1p31.3	MER101-int	chr1	68054877	68056307	+	yellow
MER101_1p34.1	MER101-int	chr1	44182783	44186173	-	yellow
MER101_1p34.2	MER101-int	chr1	43083854	43085014	-	yellow
MER101_1p34.3	MER101-int	chr1	37526164	37528920	+	yellow
MER101_1p35.2	MER101-int	chr1	30174802	30178548	-	yellow
MER101_1p35.3	MER101-int	chr1	29607043	29611011	+	yellow
MER101_1q21.3	MER101-int	chr1	153274519	153276933	+	yellow
MER101_1q24.3a	MER101-int	chr1	172795691	172799028	-	yellow
MER101_1q24.3b	MER101-int	chr1	172805530	172806444	-	yellow
MER101_1q25.1a	MER101-int	chr1	175288743	175290176	+	yellow
MER101_1q25.1b	MER101-int	chr1	175293411	175297047	+	yellow
MER101_1q42.13a	MER101-int	chr1	228648618	228650136	+	yellow
MER101_1q42.13b	MER101-int	chr1	229823919	229828752	+	yellow
MER101_1q42.13c	MER101-int	chr1	229829321	229833252	+	yellow
MER101_1q44	MER101-int	chr1	248419102	248421874	-	yellow
MER101_20p12.1b	MER101-int	chr20	16079303	16081336	-	yellow
MER101_20q13.12	MER101-int	chr20	44668371	44670228	+	yellow
MER101_20q13.13	MER101-int	chr20	49960039	49962972	+	yellow
MER101_21q21.3a	MER101-int	chr21	28498312	28498820	+	yellow
MER101_21q21.3b	MER101-int	chr21	28498843	28499994	+	yellow
MER101_21q21.3c	MER101-int	chr21	28567188	28570173	+	yellow
MER101_22q11.1a	MER101-int	chr22	15546610	15547503	-	yellow
MER101_22q11.1b	MER101-int	chr22	16849069	16853072	+	yellow
MER101_22q12.3	MER101-int	chr22	33373468	33375729	+	yellow
MER101_22q13.1	MER101-int	chr22	38903544	38905275	+	yellow
MER101_2p16.1	MER101-int	chr2	55846177	55849663	-	yellow
MER101_2p22.3	MER101-int	chr2	35328929	35334325	+	yellow
MER101_2p24.1	MER101-int	chr2	21506174	21513224	+	yellow
MER101_2p25.2	MER101-int	chr2	6869773	6876489	+	yellow
MER101_2q13b	MER101-int	chr2	110353840	110356081	+	yellow
MER101_2q14.1a	MER101-int	chr2	116781094	116785334	+	yellow
MER101_2q14.1b	MER101-int	chr2	117368978	117370114	+	yellow
MER101_2q14.1c	MER101-int	chr2	118024789	118026310	-	yellow
MER101_2q14.3	MER101-int	chr2	124829718	124832460	-	yellow
MER101_2q21.1a	MER101-int	chr2	130022468	130023342	+	yellow
MER101_2q21.1b	MER101-int	chr2	130413190	130414090	+	yellow
MER101_2q21.1c	MER101-int	chr2	130707408	130708291	-	yellow
MER101_2q21.1d	MER101-int	chr2	131314037	131314911	-	yellow
MER101_2q22.1	MER101-int	chr2	139432389	139434514	-	yellow
MER101_2q24.1	MER101-int	chr2	154528502	154529699	+	yellow
MER101_2q32.3	MER101-int	chr2	195278701	195282752	+	yellow
MER101_2q33.1	MER101-int	chr2	196851115	196854775	+	yellow
MER101_2q35a	MER101-int	chr2	216213296	216216431	-	yellow
MER101_2q35b	MER101-int	chr2	218050832	218052950	+	yellow
MER101_2q36.1	MER101-int	chr2	222765791	222769316	+	yellow
MER101_2q37.1	MER101-int	chr2	232395334	232398361	+	yellow
MER101_2q37.3	MER101-int	chr2	241838232	241840192	-	yellow
MER101_3p12.3	MER101-int	chr3	75709487	75712912	-	yellow
MER101_3p21.31	MER101-int	chr3	47201791	47205359	+	yellow
MER101_3p22.1a	MER101-int	chr3	40264428	40265037	+	yellow
MER101_3p22.1c	MER101-int	chr3	42311794	42315063	-	yellow
MER101_3p22.3	MER101-int	chr3	33472376	33476864	-	yellow
MER101_3q11.2a	MER101-int	chr3	95468831	95473367	-	yellow
MER101_3q11.2b	MER101-int	chr3	95474626	95476855	-	yellow
MER101_3q13.11b	MER101-int	chr3	104288063	104289169	-	yellow
MER101_3q13.13	MER101-int	chr3	108243189	108250605	+	yellow
MER101_3q13.33a	MER101-int	chr3	121225111	121226280	-	yellow
MER101_3q13.33b	MER101-int	chr3	121226367	121230881	-	yellow
MER101_3q22.2	MER101-int	chr3	134040388	134046893	+	yellow
MER101_3q24	MER101-int	chr3	146384194	146386388	+	yellow
MER101_3q26.1	MER101-int	chr3	165242566	165246773	-	yellow
MER101_3q26.31	MER101-int	chr3	172795345	172800133	+	yellow
MER101_3q26.32	MER101-int	chr3	178050183	178053655	+	yellow
MER101_4p15.1	MER101-int	chr4	31614854	31616350	-	yellow
MER101_4p15.2	MER101-int	chr4	23504782	23507140	-	yellow
MER101_4p16.1	MER101-int	chr4	9967357	9972151	+	yellow
MER101_4q13.3	MER101-int	chr4	72002457	72005968	+	yellow
MER101_4q23	MER101-int	chr4	98328796	98335519	-	yellow
MER101_4q32.1a	MER101-int	chr4	155152384	155155266	+	yellow
MER101_4q32.1b	MER101-int	chr4	155155343	155159605	+	yellow
MER101_4q32.1c	MER101-int	chr4	155159743	155161543	+	yellow
MER101_4q34.1a	MER101-int	chr4	171053426	171056189	+	yellow
MER101_4q34.1b	MER101-int	chr4	172122878	172126338	-	yellow
MER101_5p13.2b	MER101-int	chr5	37261655	37263651	+	yellow
MER101_5p14.1a	MER101-int	chr5	25754459	25756691	-	yellow
MER101_5p14.1c	MER101-int	chr5	25855870	25858894	+	yellow
MER101_5p14.1d	MER101-int	chr5	25859219	25863182	+	yellow
MER101_5p14.1e	MER101-int	chr5	27153791	27155981	+	yellow
MER101_5p14.1f	MER101-int	chr5	28419636	28421396	-	yellow
MER101_5p15.31a	MER101-int	chr5	6510975	6515917	-	yellow
MER101_5p15.31b	MER101-int	chr5	6516142	6516956	-	yellow
MER101_5q11.2b	MER101-int	chr5	51758652	51761714	+	yellow
MER101_5q23.1	MER101-int	chr5	120946720	120948515	-	yellow
MER101_5q31.1	MER101-int	chr5	136692767	136695215	-	yellow
MER101_5q35.2b	MER101-int	chr5	175075920	175077628	+	yellow
MER101_5q35.2d	MER101-int	chr5	176183849	176184617	-	yellow
MER101_5q35.2e	MER101-int	chr5	176254650	176256526	-	yellow
MER101_5q35.3	MER101-int	chr5	177655750	177657644	+	yellow
MER101_6p12.1	MER101-int	chr6	53083391	53090346	-	yellow
MER101_6p21.1	MER101-int	chr6	44210586	44213812	+	yellow
MER101_6p22.2	MER101-int	chr6	26992582	26994782	-	yellow
MER101_6p25.2a	MER101-int	chr6	4170718	4173531	+	yellow
MER101_6p25.2c	MER101-int	chr6	4174714	4179435	+	yellow
MER101_6q12	MER101-int	chr6	66612093	66618076	-	yellow
MER101_6q14.1a	MER101-int	chr6	75588398	75591397	-	yellow
MER101_6q14.1b	MER101-int	chr6	75591702	75594878	-	yellow
MER101_6q14.3	MER101-int	chr6	87110512	87115797	+	yellow
MER101_6q16.1	MER101-int	chr6	95523292	95525381	+	yellow
MER101_6q16.3	MER101-int	chr6	100015355	100017629	+	yellow
MER101_6q21	MER101-int	chr6	106837265	106839633	+	yellow
MER101_6q22.31	MER101-int	chr6	123304696	123305846	+	yellow
MER101_6q22.32a	MER101-int	chr6	126325258	126326598	+	yellow
MER101_6q22.32b	MER101-int	chr6	126332790	126334850	+	yellow
MER101_6q25.3a	MER101-int	chr6	156483678	156485834	-	yellow
MER101_6q27a	MER101-int	chr6	166729641	166730715	+	yellow
MER101_6q27b	MER101-int	chr6	166918829	166922075	+	yellow
MER101_6q27c	MER101-int	chr6	169438544	169440773	+	yellow
MER101_6q27d	MER101-int	chr6	170426568	170430754	-	yellow
MER101_6q27e	MER101-int	chr6	170431046	170433166	-	yellow
MER101_7p14.3	MER101-int	chr7	33124151	33128321	+	yellow
MER101_7q11.21a	MER101-int	chr7	64049062	64050274	-	yellow
MER101_7q11.21b	MER101-int	chr7	64317855	64318794	-	yellow
MER101_7q11.21c	MER101-int	chr7	67060390	67062485	-	yellow
MER101_7q11.23	MER101-int	chr7	72761634	72766317	+	yellow
MER101_7q22.1a	MER101-int	chr7	104178911	104181503	+	yellow
MER101_7q22.1b	MER101-int	chr7	104181814	104183882	+	yellow
MER101_7q34	MER101-int	chr7	143120533	143124752	+	yellow
MER101_7q36.1a	MER101-int	chr7	149319536	149324081	+	yellow
MER101_7q36.1b	MER101-int	chr7	149324390	149328287	+	yellow
MER101_8p21.3	MER101-int	chr8	22479930	22483803	-	yellow
MER101_8p22	MER101-int	chr8	14440936	14442110	+	yellow
MER101_8q21.11a	MER101-int	chr8	73901408	73904641	-	yellow
MER101_8q21.11b	MER101-int	chr8	73915110	73917852	-	yellow
MER101_8q22.3b	MER101-int	chr8	104197477	104198164	-	yellow
MER101_8q24.3a	MER101-int	chr8	139231692	139235895	+	yellow
MER101_8q24.3c	MER101-int	chr8	142826329	142829911	+	yellow
MER101_9p21.1	MER101-int	chr9	29984333	29987281	-	yellow
MER101_9q31.1a	MER101-int	chr9	101493858	101499809	-	yellow
MER101_9q34.3	MER101-int	chr9	136871520	136875014	+	yellow
MER101_Xp11.22	MER101-int	chrX	51416304	51420439	+	yellow
MER101_Xp21.1	MER101-int	chrX	33907492	33909753	+	yellow
MER101_Xp22.13	MER101-int	chrX	18834403	18835056	+	yellow
MER101_Xq23a	MER101-int	chrX	115927004	115928542	+	yellow
MER101_Xq23b	MER101-int	chrX	115936603	115939995	+	yellow
MER34B_10p12.31	MER34B-int	chr10	19515943	19517902	-	yellow
MER34B_10q11.22	MER34B-int	chr10	48226479	48231674	+	yellow
MER34B_10q25.1	MER34B-int	chr10	107873192	107876026	+	yellow
MER34B_10q25.3a	MER34B-int	chr10	116989409	116992707	+	yellow
MER34B_10q25.3b	MER34B-int	chr10	116992719	116997446	+	yellow
MER34B_11p15.1a	MER34B-int	chr11	20339920	20342371	+	yellow
MER34B_11p15.1b	MER34B-int	chr11	20348776	20349916	+	yellow
MER34B_11p15.5	MER34B-int	chr11	339634	342458	-	yellow
MER34B_12p11.1a	MER34B-int	chr12	33654944	33658262	-	yellow
MER34B_12p11.1b	MER34B-int	chr12	33658358	33660421	-	yellow
MER34B_12p12.1	MER34B-int	chr12	22398318	22400101	-	yellow
MER34B_12p13.31	MER34B-int	chr12	5761341	5763520	+	yellow
MER34B_12q14.3	MER34B-int	chr12	65189570	65195916	-	yellow
MER34B_12q23.1	MER34B-int	chr12	99602253	99603053	-	yellow
MER34B_13q31.1a	MER34B-int	chr13	86544886	86547486	-	yellow
MER34B_13q31.1b	MER34B-int	chr13	86547504	86550744	-	yellow
MER34B_13q32.2	MER34B-int	chr13	97713044	97716411	+	yellow
MER34B_14q21.2	MER34B-int	chr14	43811306	43815085	+	yellow
MER34B_14q31.3	MER34B-int	chr14	87961572	87962436	+	yellow
MER34B_14q32.31	MER34B-int	chr14	101089848	101096984	+	yellow
MER34B_16p11.1	MER34B-int	chr16	35437545	35439581	-	yellow
MER34B_18q12.1	MER34B-int	chr18	29202215	29203414	+	yellow
MER34B_19p13.11	MER34B-int	chr19	18180092	18184013	-	yellow
MER34B_19q13.2	MER34B-int	chr19	40299587	40304817	+	yellow
MER34B_1p13.2	MER34B-int	chr1	112888845	112896088	-	yellow
MER34B_1p21.2a	MER34B-int	chr1	99940845	99943100	-	yellow
MER34B_1p21.2b	MER34B-int	chr1	101494089	101495695	+	yellow
MER34B_1p21.2c	MER34B-int	chr1	101495982	101498022	+	yellow
MER34B_1p22.3a	MER34B-int	chr1	85394502	85396752	+	yellow
MER34B_1p22.3b	MER34B-int	chr1	85397052	85397765	+	yellow
MER34B_1p31.1a	MER34B-int	chr1	77244045	77245768	-	yellow
MER34B_1p35.2	MER34B-int	chr1	30922070	30925887	-	yellow
MER34B_1q23.1	MER34B-int	chr1	158169442	158173029	+	yellow
MER34B_1q23.3a	MER34B-int	chr1	161514473	161517154	+	yellow
MER34B_1q23.3b	MER34B-int	chr1	161596130	161598811	+	yellow
MER34B_1q24.2	MER34B-int	chr1	168334088	168336708	+	yellow
MER34B_1q41	MER34B-int	chr1	219390975	219392351	+	yellow
MER34B_1q42.13	MER34B-int	chr1	228132055	228133945	+	yellow
MER34B_22q13.31	MER34B-int	chr22	44852585	44854182	-	yellow
MER34B_2q22.3	MER34B-int	chr2	146690813	146693930	-	yellow
MER34B_2q35	MER34B-int	chr2	218042417	218047874	-	yellow
MER34B_2q37.3	MER34B-int	chr2	240414262	240417234	+	yellow
MER34B_3p12.2a	MER34B-int	chr3	80202165	80202838	+	yellow
MER34B_3p12.2c	MER34B-int	chr3	83285947	83287936	-	yellow
MER34B_3p14.1	MER34B-int	chr3	63845056	63847820	+	yellow
MER34B_3p24.2	MER34B-int	chr3	25861541	25863258	+	yellow
MER34B_3q11.2a	MER34B-int	chr3	98136997	98139861	-	yellow
MER34B_3q11.2c	MER34B-int	chr3	98180251	98182577	-	yellow
MER34B_3q11.2d	MER34B-int	chr3	98241688	98243628	-	yellow
MER34B_3q11.2f	MER34B-int	chr3	98272722	98273927	-	yellow
MER34B_3q13.32b	MER34B-int	chr3	119253277	119257533	-	yellow
MER34B_3q23	MER34B-int	chr3	142242347	142244861	+	yellow
MER34B_3q24	MER34B-int	chr3	148805152	148809414	-	yellow
MER34B_3q26.1	MER34B-int	chr3	164626954	164628462	+	yellow
MER34B_4q21.22b	MER34B-int	chr4	83187629	83190189	-	yellow
MER34B_4q27	MER34B-int	chr4	120929591	120930385	-	yellow
MER34B_4q31.3	MER34B-int	chr4	153696581	153699612	+	yellow
MER34B_4q32.1a	MER34B-int	chr4	159590210	159591360	-	yellow
MER34B_4q32.1b	MER34B-int	chr4	159591506	159592204	-	yellow
MER34B_4q33	MER34B-int	chr4	170793337	170795198	+	yellow
MER34B_5q11.2	MER34B-int	chr5	53638716	53640356	-	yellow
MER34B_5q21.3	MER34B-int	chr5	106123290	106126091	-	yellow
MER34B_5q34	MER34B-int	chr5	163055779	163057034	+	yellow
MER34B_5q35.1	MER34B-int	chr5	172296577	172300853	-	yellow
MER34B_5q35.2	MER34B-int	chr5	175559617	175565066	+	yellow
MER34B_6q12	MER34B-int	chr6	65939124	65941046	+	yellow
MER34B_6q14.2	MER34B-int	chr6	84142173	84146359	+	yellow
MER34B_6q14.3	MER34B-int	chr6	85747738	85750149	-	yellow
MER34B_7p12.3	MER34B-int	chr7	48119468	48121414	+	yellow
MER34B_7q11.23a	MER34B-int	chr7	73799725	73802181	+	yellow
MER34B_7q11.23d	MER34B-int	chr7	76602528	76604185	+	yellow
MER34B_7q21.11	MER34B-int	chr7	84968658	84969364	+	yellow
MER34B_7q36.1	MER34B-int	chr7	150619449	150620902	-	yellow
MER34B_7q36.3a	MER34B-int	chr7	159077641	159078394	+	yellow
MER34B_7q36.3b	MER34B-int	chr7	159132209	159133865	+	yellow
MER34B_7q36.3d	MER34B-int	chr7	159160440	159162646	-	yellow
MER34B_8p11.21	MER34B-int	chr8	41812198	41817154	-	yellow
MER34B_8p23.2	MER34B-int	chr8	5183965	5186997	+	yellow
MER34B_8q12.1	MER34B-int	chr8	56639313	56641906	-	yellow
MER34B_8q23.3	MER34B-int	chr8	115202704	115205173	+	yellow
MER34B_8q24.13	MER34B-int	chr8	124340148	124340828	+	yellow
MER34B_9p21.1	MER34B-int	chr9	31239333	31240265	-	yellow
MER34B_9p21.3a	MER34B-int	chr9	21378993	21379976	-	yellow
MER34B_9p21.3b	MER34B-int	chr9	21933111	21940551	+	yellow
MER34B_9q21.13	MER34B-int	chr9	74461109	74465721	+	yellow
MER34B_9q22.31a	MER34B-int	chr9	92231162	92232328	+	yellow
MER34B_9q22.31b	MER34B-int	chr9	92232401	92233559	+	yellow
MER34B_Xp11.3	MER34B-int	chrX	45202589	45204812	-	yellow
MER34B_Xp22.2	MER34B-int	chrX	15964841	15972992	-	yellow
MER34B_Xq25	MER34B-int	chrX	126791598	126793228	+	yellow
MER34B_Xq28	MER34B-int	chrX	149850536	149857905	+	yellow
MER4_10p12.33	MER4-int	chr10	17379427	17385917	+	yellow
MER4_10p15.1	MER4-int	chr10	5263582	5265822	-	yellow
MER4_10q11.22a	MER4-int	chr10	46137666	46140632	-	yellow
MER4_10q11.22b	MER4-int	chr10	46208910	46211877	+	yellow
MER4_10q11.22c	MER4-int	chr10	46844156	46847115	-	yellow
MER4_10q21.2a	MER4-int	chr10	61230768	61233752	+	yellow
MER4_10q21.2b	MER4-int	chr10	61233787	61235423	+	yellow
MER4_10q22.2	MER4-int	chr10	74773653	74775645	-	yellow
MER4_10q23.31a	MER4-int	chr10	87796235	87803793	+	yellow
MER4_10q23.31b	MER4-int	chr10	90087053	90092706	+	yellow
MER4_10q23.33	MER4-int	chr10	94924812	94928197	-	yellow
MER4_10q24.2	MER4-int	chr10	100033668	100035779	+	yellow
MER4_10q25.1a	MER4-int	chr10	106375402	106379554	+	yellow
MER4_10q25.1b	MER4-int	chr10	109632462	109637707	+	yellow
MER4_10q25.3a	MER4-int	chr10	115499414	115501844	-	yellow
MER4_10q25.3b	MER4-int	chr10	115501933	115504223	-	yellow
MER4_10q25.3c	MER4-int	chr10	115504450	115507335	-	yellow
MER4_10q26.13	MER4-int	chr10	122667616	122669659	-	yellow
MER4_11p11.2	MER4-int	chr11	48291080	48291868	+	yellow
MER4_11p14.3	MER4-int	chr11	22834929	22836573	+	yellow
MER4_11p15.4a	MER4-int	chr11	3110563	3118570	+	yellow
MER4_11p15.4b	MER4-int	chr11	7968458	7971241	-	yellow
MER4_11q11	MER4-int	chr11	55573815	55576932	-	yellow
MER4_11q12.1a	MER4-int	chr11	56864902	56872748	+	yellow
MER4_11q12.1b	MER4-int	chr11	58716702	58722729	-	yellow
MER4_11q12.1c	MER4-int	chr11	58810766	58813913	+	yellow
MER4_11q12.1d	MER4-int	chr11	58823710	58828772	+	yellow
MER4_11q12.1e	MER4-int	chr11	59814403	59816727	-	yellow
MER4_11q12.2	MER4-int	chr11	61372805	61377565	+	yellow
MER4_11q12.3a	MER4-int	chr11	62087302	62091236	+	yellow
MER4_11q12.3b	MER4-int	chr11	62280344	62284051	+	yellow
MER4_11q12.3c	MER4-int	chr11	62284134	62288946	-	yellow
MER4_11q14.1	MER4-int	chr11	77576248	77585610	+	yellow
MER4_11q21a	MER4-int	chr11	93858762	93861195	+	yellow
MER4_11q21b	MER4-int	chr11	93871926	93875851	-	yellow
MER4_11q21c	MER4-int	chr11	93876095	93879237	-	yellow
MER4_11q21d	MER4-int	chr11	94809643	94812759	-	yellow
MER4_11q21e	MER4-int	chr11	94815022	94819826	+	yellow
MER4_11q21f	MER4-int	chr11	93853038	93857260	-	yellow
MER4_11q22.1a	MER4-int	chr11	99425918	99430578	-	yellow
MER4_11q22.1b	MER4-int	chr11	99430674	99432197	-	yellow
MER4_11q23.3	MER4-int	chr11	114681656	114683299	-	yellow
MER4_11q24.1	MER4-int	chr11	123787888	123794689	-	yellow
MER4_12p11.21	MER4-int	chr12	30770777	30778528	+	yellow
MER4_12p12.1	MER4-int	chr12	22299070	22306344	+	yellow
MER4_12p12.2a	MER4-int	chr12	20822626	20830681	-	yellow
MER4_12p12.2b	MER4-int	chr12	20963717	20967692	-	yellow
MER4_12p12.2c	MER4-int	chr12	20968284	20969097	-	yellow
MER4_12p13.31a	MER4-int	chr12	7024957	7027135	-	yellow
MER4_12p13.31b	MER4-int	chr12	7296170	7298140	-	yellow
MER4_12q12a	MER4-int	chr12	40160628	40165076	-	yellow
MER4_12q12b	MER4-int	chr12	40187163	40191467	-	yellow
MER4_12q12d	MER4-int	chr12	40193379	40194785	-	yellow
MER4_12q12e	MER4-int	chr12	40210828	40213880	+	yellow
MER4_12q13.11	MER4-int	chr12	46855043	46860881	-	yellow
MER4_12q13.3a	MER4-int	chr12	57640676	57646460	+	yellow
MER4_12q13.3b	MER4-int	chr12	57652500	57657341	+	yellow
MER4_12q14.3	MER4-int	chr12	67259639	67262746	+	yellow
MER4_12q15a	MER4-int	chr12	69185979	69192204	+	yellow
MER4_12q15c	MER4-int	chr12	70151862	70158952	+	yellow
MER4_12q21.1b	MER4-int	chr12	73163905	73167915	+	yellow
MER4_12q21.32a	MER4-int	chr12	86996716	86997414	+	yellow
MER4_12q21.32c	MER4-int	chr12	88386264	88387344	-	yellow
MER4_12q21.33	MER4-int	chr12	88840917	88842205	-	yellow
MER4_12q22a	MER4-int	chr12	95388906	95390400	+	yellow
MER4_12q22b	MER4-int	chr12	95390458	95393565	+	yellow
MER4_12q24.13a	MER4-int	chr12	112903117	112904650	-	yellow
MER4_12q24.13b	MER4-int	chr12	113404130	113408713	+	yellow
MER4_12q24.31	MER4-int	chr12	125059494	125064885	-	yellow
MER4_12q24.33	MER4-int	chr12	131318688	131325484	-	yellow
MER4_13q12.11	MER4-int	chr13	19110920	19113214	-	yellow
MER4_13q12.12a	MER4-int	chr13	22881697	22883238	+	yellow
MER4_13q12.12b	MER4-int	chr13	22890041	22893203	+	yellow
MER4_13q12.12c	MER4-int	chr13	22894085	22902731	+	yellow
MER4_13q14.11	MER4-int	chr13	41271989	41274149	-	yellow
MER4_13q14.3a	MER4-int	chr13	51139993	51141517	+	yellow
MER4_13q14.3b	MER4-int	chr13	51141807	51146013	+	yellow
MER4_13q21.31	MER4-int	chr13	62130597	62139857	+	yellow
MER4_13q21.33	MER4-int	chr13	68667998	68669095	+	yellow
MER4_13q31.1b	MER4-int	chr13	84867217	84869528	-	yellow
MER4_13q31.1c	MER4-int	chr13	84877321	84879615	-	yellow
MER4_13q31.2	MER4-int	chr13	87984947	87990935	+	yellow
MER4_13q32.3a	MER4-int	chr13	99180738	99187756	-	yellow
MER4_13q32.3b	MER4-int	chr13	99475470	99479977	+	yellow
MER4_14q11.2a	MER4-int	chr14	18935159	18941706	+	yellow
MER4_14q11.2c	MER4-int	chr14	19397186	19398300	-	yellow
MER4_14q11.2e	MER4-int	chr14	19464034	19466789	-	yellow
MER4_14q11.2f	MER4-int	chr14	23199081	23208143	-	yellow
MER4_14q12a	MER4-int	chr14	27606560	27608087	+	yellow
MER4_14q12b	MER4-int	chr14	31271566	31280827	+	yellow
MER4_14q21.1a	MER4-int	chr14	39376617	39382803	-	yellow
MER4_14q21.1b	MER4-int	chr14	42654551	42657400	+	yellow
MER4_14q22.1a	MER4-int	chr14	53254370	53258280	-	yellow
MER4_14q22.1b	MER4-int	chr14	53258522	53262061	-	yellow
MER4_14q22.3a	MER4-int	chr14	56431040	56437062	+	yellow
MER4_14q22.3b	MER4-int	chr14	56449662	56450993	+	yellow
MER4_14q23.3	MER4-int	chr14	66465513	66472030	+	yellow
MER4_14q24.1a	MER4-int	chr14	67706311	67710942	-	yellow
MER4_14q24.1b	MER4-int	chr14	67711166	67714076	-	yellow
MER4_14q24.1c	MER4-int	chr14	69739976	69744479	-	yellow
MER4_14q24.2a	MER4-int	chr14	70292312	70293484	+	yellow
MER4_14q24.2b	MER4-int	chr14	70301930	70304747	+	yellow
MER4_14q24.2c	MER4-int	chr14	70311202	70314961	+	yellow
MER4_14q32.12b	MER4-int	chr14	91595467	91599986	-	yellow
MER4_14q32.2	MER4-int	chr14	100000066	100007471	-	yellow
MER4_14q32.31a	MER4-int	chr14	101678431	101681932	-	yellow
MER4_14q32.31b	MER4-int	chr14	101682157	101685521	-	yellow
MER4_14q32.33a	MER4-int	chr14	105031317	105039940	+	yellow
MER4_14q32.33b	MER4-int	chr14	106135482	106140504	-	yellow
MER4_14q32.33c	MER4-int	chr14	106411423	106416851	-	yellow
MER4_14q32.33d	MER4-int	chr14	106522793	106529622	-	yellow
MER4_15q14	MER4-int	chr15	33592784	33599722	-	yellow
MER4_15q21.2b	MER4-int	chr15	51423247	51425731	-	yellow
MER4_15q21.2c	MER4-int	chr15	51425967	51428632	-	yellow
MER4_15q21.3	MER4-int	chr15	53822858	53826115	-	yellow
MER4_15q22.31b	MER4-int	chr15	66469265	66471200	-	yellow
MER4_15q26.1a	MER4-int	chr15	88937583	88939430	+	yellow
MER4_16p11.2b	MER4-int	chr16	32984295	32989274	+	yellow
MER4_16q23.1b	MER4-int	chr16	74808424	74811704	+	yellow
MER4_16q23.1c	MER4-int	chr16	75742322	75743897	+	yellow
MER4_16q23.1d	MER4-int	chr16	75118776	75129829	+	yellow
MER4_16q24.1	MER4-int	chr16	84489697	84495590	+	yellow
MER4_16q24.3	MER4-int	chr16	89672252	89684187	+	yellow
MER4_17p11.2b	MER4-int	chr17	21133190	21142900	-	yellow
MER4_17q11.2b	MER4-int	chr17	32898096	32905976	-	yellow
MER4_17q21.2a	MER4-int	chr17	41087446	41088933	+	yellow
MER4_17q21.2b	MER4-int	chr17	41089014	41095763	+	yellow
MER4_17q21.2c	MER4-int	chr17	41107484	41108937	+	yellow
MER4_17q21.2d	MER4-int	chr17	41109018	41116054	+	yellow
MER4_17q21.33a	MER4-int	chr17	51302073	51304944	+	yellow
MER4_17q21.33b	MER4-int	chr17	51312185	51318326	+	yellow
MER4_17q22	MER4-int	chr17	56925170	56931849	+	yellow
MER4_18q21.1	MER4-int	chr18	49525405	49536591	+	yellow
MER4_18q21.2	MER4-int	chr18	51629573	51636773	+	yellow
MER4_19p12a	MER4-int	chr19	21454300	21456510	-	yellow
MER4_19p12b	MER4-int	chr19	22429032	22432142	-	yellow
MER4_19p13.12	MER4-int	chr19	16008234	16012267	+	yellow
MER4_19q13.41a	MER4-int	chr19	52102788	52107649	+	yellow
MER4_19q13.41b	MER4-int	chr19	52146518	52152215	+	yellow
MER4_19q13.43a	MER4-int	chr19	56341503	56342332	-	yellow
MER4_19q13.43b	MER4-int	chr19	56343726	56346607	-	yellow
MER4_1p12b	MER4-int	chr1	119344853	119349337	-	yellow
MER4_1p13.2b	MER4-int	chr1	114369593	114376478	+	yellow
MER4_1p21.1	MER4-int	chr1	102102624	102104200	+	yellow
MER4_1p21.3	MER4-int	chr1	94661344	94669497	-	yellow
MER4_1p31.1	MER4-int	chr1	84020889	84023436	-	yellow
MER4_1p31.2	MER4-int	chr1	68507762	68513195	-	yellow
MER4_1p31.3	MER4-int	chr1	66912485	66919266	+	yellow
MER4_1p33a	MER4-int	chr1	46771192	46774760	+	yellow
MER4_1p33b	MER4-int	chr1	46774779	46775748	-	yellow
MER4_1p33d	MER4-int	chr1	46785598	46788568	-	yellow
MER4_1p33e	MER4-int	chr1	49870933	49873834	+	yellow
MER4_1p34.1a	MER4-int	chr1	44173127	44181125	-	yellow
MER4_1p34.1c	MER4-int	chr1	45305213	45315797	+	yellow
MER4_1p34.3a	MER4-int	chr1	39070989	39075809	-	yellow
MER4_1p34.3b	MER4-int	chr1	35127220	35130565	-	yellow
MER4_1p36.12a	MER4-int	chr1	22987775	22989766	+	yellow
MER4_1p36.12b	MER4-int	chr1	22989788	22997502	+	yellow
MER4_1p36.13	MER4-int	chr1	20046813	20053194	+	yellow
MER4_1q21.3	MER4-int	chr1	153020541	153021693	+	yellow
MER4_1q23.1	MER4-int	chr1	157325277	157331991	+	yellow
MER4_1q24.1a	MER4-int	chr1	166526766	166533515	+	yellow
MER4_1q24.1b	MER4-int	chr1	166534022	166541928	-	yellow
MER4_1q25.1a	MER4-int	chr1	173674381	173676802	-	yellow
MER4_1q25.1b	MER4-int	chr1	173676854	173678074	-	yellow
MER4_1q25.1c	MER4-int	chr1	173681140	173682684	-	yellow
MER4_1q25.1d	MER4-int	chr1	173682724	173683771	-	yellow
MER4_1q31.1	MER4-int	chr1	187468808	187471048	+	yellow
MER4_1q31.2	MER4-int	chr1	191155338	191156075	+	yellow
MER4_1q41b	MER4-int	chr1	218015314	218023674	+	yellow
MER4_1q41c	MER4-int	chr1	220716061	220717659	+	yellow
MER4_1q42.13	MER4-int	chr1	226847392	226856641	+	yellow
MER4_1q44a	MER4-int	chr1	248713986	248718003	+	yellow
MER4_1q44b	MER4-int	chr1	248773924	248775499	+	yellow
MER4_20p11.21a	MER4-int	chr20	25635457	25640441	-	yellow
MER4_20p11.21b	MER4-int	chr20	25640680	25643684	-	yellow
MER4_20p11.23	MER4-int	chr20	18323419	18329534	+	yellow
MER4_20p13a	MER4-int	chr20	802729	810435	+	yellow
MER4_20p13b	MER4-int	chr20	930663	933696	-	yellow
MER4_20q11.21	MER4-int	chr20	30624841	30625822	-	yellow
MER4_20q13.13	MER4-int	chr20	49550311	49558044	+	yellow
MER4_21q21.2a	MER4-int	chr21	22605806	22609121	-	yellow
MER4_21q21.2c	MER4-int	chr21	23139069	23142550	-	yellow
MER4_21q21.2d	MER4-int	chr21	23142795	23146275	-	yellow
MER4_21q22.3a	MER4-int	chr21	42812949	42815759	-	yellow
MER4_21q22.3b	MER4-int	chr21	46631793	46635087	-	yellow
MER4_22p11.2	MER4-int	chr22	11928496	11929483	+	yellow
MER4_22q11.1a	MER4-int	chr22	15657533	15664081	+	yellow
MER4_22q12.3	MER4-int	chr22	35662326	35668403	+	yellow
MER4_22q13.31a	MER4-int	chr22	45373012	45375490	+	yellow
MER4_22q13.31b	MER4-int	chr22	47578322	47585857	+	yellow
MER4_22q13.33b	MER4-int	chr22	50647143	50650658	+	yellow
MER4_2p11.2a	MER4-int	chr2	85378291	85382157	-	yellow
MER4_2p11.2c	MER4-int	chr2	88717214	88722474	-	yellow
MER4_2p11.2d	MER4-int	chr2	88722641	88724123	-	yellow
MER4_2p12a	MER4-int	chr2	79200412	79202283	-	yellow
MER4_2p12b	MER4-int	chr2	82366031	82368877	-	yellow
MER4_2p15	MER4-int	chr2	61944555	61946123	-	yellow
MER4_2p16.3	MER4-int	chr2	52127840	52129514	+	yellow
MER4_2p21	MER4-int	chr2	42773889	42783034	+	yellow
MER4_2p24.3a	MER4-int	chr2	13084386	13088256	+	yellow
MER4_2p24.3b	MER4-int	chr2	13742205	13744870	+	yellow
MER4_2p24.3c	MER4-int	chr2	13750923	13753468	+	yellow
MER4_2q11.2a	MER4-int	chr2	99266312	99268296	+	yellow
MER4_2q11.2b	MER4-int	chr2	100452698	100460596	+	yellow
MER4_2q12.3	MER4-int	chr2	108393697	108398883	-	yellow
MER4_2q14.1a	MER4-int	chr2	112849107	112853024	+	yellow
MER4_2q14.1b	MER4-int	chr2	112857065	112863541	+	yellow
MER4_2q14.3	MER4-int	chr2	123468851	123474079	+	yellow
MER4_2q21.1a	MER4-int	chr2	130070150	130070791	-	yellow
MER4_2q21.1e	MER4-int	chr2	131558160	131564240	+	yellow
MER4_2q22.1a	MER4-int	chr2	139725709	139730770	+	yellow
MER4_2q22.1b	MER4-int	chr2	140871729	140877948	+	yellow
MER4_2q24.2a	MER4-int	chr2	160065731	160069590	-	yellow
MER4_2q24.2b	MER4-int	chr2	160069827	160072587	-	yellow
MER4_2q32.1	MER4-int	chr2	185676795	185680471	-	yellow
MER4_2q32.2	MER4-int	chr2	189880343	189882935	-	yellow
MER4_2q35	MER4-int	chr2	215204358	215213781	+	yellow
MER4_2q36.1	MER4-int	chr2	222413266	222416636	+	yellow
MER4_2q36.3b	MER4-int	chr2	228535443	228538750	+	yellow
MER4_2q37.3a	MER4-int	chr2	241778595	241786822	-	yellow
MER4_2q37.3b	MER4-int	chr2	241786859	241793200	+	yellow
MER4_3p21.2	MER4-int	chr3	52155574	52167033	+	yellow
MER4_3p21.31a	MER4-int	chr3	50305833	50309182	+	yellow
MER4_3p24.3a	MER4-int	chr3	16670632	16676612	+	yellow
MER4_3p24.3c	MER4-int	chr3	20960401	20964089	+	yellow
MER4_3p25.1a	MER4-int	chr3	14024314	14031890	-	yellow
MER4_3p25.1b	MER4-int	chr3	14031956	14033419	-	yellow
MER4_3q11.2a	MER4-int	chr3	95212144	95218188	+	yellow
MER4_3q11.2b	MER4-int	chr3	98366003	98367518	+	yellow
MER4_3q12.2	MER4-int	chr3	100442292	100451599	-	yellow
MER4_3q13.11	MER4-int	chr3	104346780	104352104	+	yellow
MER4_3q13.2a	MER4-int	chr3	112399414	112406136	-	yellow
MER4_3q13.2b	MER4-int	chr3	112510562	112514942	-	yellow
MER4_3q13.31	MER4-int	chr3	115185448	115192571	+	yellow
MER4_3q25.1a	MER4-int	chr3	150688528	150694767	+	yellow
MER4_3q25.1b	MER4-int	chr3	152034589	152040439	-	yellow
MER4_3q26.1a	MER4-int	chr3	161180279	161182641	-	yellow
MER4_3q26.1b	MER4-int	chr3	164326710	164330202	-	yellow
MER4_3q26.1d	MER4-int	chr3	164347871	164349294	-	yellow
MER4_3q26.1e	MER4-int	chr3	164465468	164469980	+	yellow
MER4_3q27.3	MER4-int	chr3	187472001	187477404	+	yellow
MER4_3q29a	MER4-int	chr3	195602561	195612034	+	yellow
MER4_3q29b	MER4-int	chr3	195717357	195718895	+	yellow
MER4_3q29c	MER4-int	chr3	195718906	195720473	+	yellow
MER4_3q29d	MER4-int	chr3	197560702	197562205	+	yellow
MER4_3q29e	MER4-int	chr3	197562225	197567719	+	yellow
MER4_3q29f	MER4-int	chr3	197614001	197617792	-	yellow
MER4_4p11b	MER4-int	chr4	49584193	49585173	+	yellow
MER4_4p12a	MER4-int	chr4	48004464	48008688	-	yellow
MER4_4p12b	MER4-int	chr4	48008889	48010455	-	yellow
MER4_4p12c	MER4-int	chr4	48011252	48013262	-	yellow
MER4_4p13	MER4-int	chr4	43075795	43082928	-	yellow
MER4_4p15.1a	MER4-int	chr4	29857902	29865411	+	yellow
MER4_4p15.1b	MER4-int	chr4	32823284	32826854	-	yellow
MER4_4p15.1c	MER4-int	chr4	32827095	32829491	-	yellow
MER4_4p15.1d	MER4-int	chr4	33409969	33415961	+	yellow
MER4_4p15.31a	MER4-int	chr4	20626733	20629769	-	yellow
MER4_4p15.31b	MER4-int	chr4	20636324	20638030	-	yellow
MER4_4p15.33	MER4-int	chr4	12420996	12425702	+	yellow
MER4_4p16.1a	MER4-int	chr4	8561753	8565476	-	yellow
MER4_4p16.1c	MER4-int	chr4	8927308	8935090	+	yellow
MER4_4p16.3a	MER4-int	chr4	491737	496139	-	yellow
MER4_4p16.3b	MER4-int	chr4	2777383	2782408	-	yellow
MER4_4q13.2a	MER4-int	chr4	68404735	68410536	+	yellow
MER4_4q13.2b	MER4-int	chr4	68552163	68558983	+	yellow
MER4_4q13.2c	MER4-int	chr4	68656982	68661386	+	yellow
MER4_4q13.3a	MER4-int	chr4	69868585	69873269	+	yellow
MER4_4q13.3b	MER4-int	chr4	71636621	71638297	+	yellow
MER4_4q13.3c	MER4-int	chr4	74063120	74065376	+	yellow
MER4_4q22.1	MER4-int	chr4	92031194	92037894	-	yellow
MER4_4q22.3	MER4-int	chr4	95924933	95933456	+	yellow
MER4_4q23a	MER4-int	chr4	99149654	99152028	+	yellow
MER4_4q23b	MER4-int	chr4	99152149	99155660	+	yellow
MER4_4q24a	MER4-int	chr4	100229779	100233932	-	yellow
MER4_4q24b	MER4-int	chr4	100234176	100235567	-	yellow
MER4_4q24c	MER4-int	chr4	100748048	100750430	+	yellow
MER4_4q24d	MER4-int	chr4	103947033	103953782	+	yellow
MER4_4q25a	MER4-int	chr4	107883818	107884951	+	yellow
MER4_4q25b	MER4-int	chr4	107886507	107892905	-	yellow
MER4_4q26a	MER4-int	chr4	114548209	114553886	-	yellow
MER4_4q26b	MER4-int	chr4	115544075	115548514	-	yellow
MER4_4q28.2a	MER4-int	chr4	128246173	128250483	-	yellow
MER4_4q28.3a	MER4-int	chr4	130567214	130575159	-	yellow
MER4_4q28.3c	MER4-int	chr4	133257232	133260696	-	yellow
MER4_4q28.3d	MER4-int	chr4	133260936	133263404	-	yellow
MER4_4q31.21a	MER4-int	chr4	141623623	141624896	-	yellow
MER4_4q31.21b	MER4-int	chr4	143091080	143092446	+	yellow
MER4_4q31.21c	MER4-int	chr4	143092736	143097218	+	yellow
MER4_4q31.3a	MER4-int	chr4	152920437	152921545	-	yellow
MER4_4q31.3b	MER4-int	chr4	152925043	152927413	-	yellow
MER4_4q32.1a	MER4-int	chr4	155114727	155119462	-	yellow
MER4_4q32.1b	MER4-int	chr4	155120046	155123356	-	yellow
MER4_4q32.1c	MER4-int	chr4	155845149	155850544	+	yellow
MER4_4q32.3	MER4-int	chr4	167577402	167583949	-	yellow
MER4_4q34.1a	MER4-int	chr4	174366422	174369783	+	yellow
MER4_4q34.1b	MER4-int	chr4	174605846	174609195	+	yellow
MER4_4q34.1c	MER4-int	chr4	174609218	174611108	+	yellow
MER4_4q34.2a	MER4-int	chr4	176351121	176355582	-	yellow
MER4_4q34.2b	MER4-int	chr4	176355827	176359240	-	yellow
MER4_4q35.2	MER4-int	chr4	187770327	187775598	-	yellow
MER4_5p12b	MER4-int	chr5	42986670	42989161	-	yellow
MER4_5p12c	MER4-int	chr5	42996067	42997591	+	yellow
MER4_5p12d	MER4-int	chr5	43020758	43026332	+	yellow
MER4_5p13.1	MER4-int	chr5	40086776	40093232	+	yellow
MER4_5p13.2a	MER4-int	chr5	34455959	34460957	-	yellow
MER4_5p13.2b	MER4-int	chr5	34411973	34426406	+	yellow
MER4_5p14.1a	MER4-int	chr5	25157105	25159694	-	yellow
MER4_5p14.1b	MER4-int	chr5	25161615	25163795	-	yellow
MER4_5p14.1c	MER4-int	chr5	27858711	27860856	-	yellow
MER4_5p14.3a	MER4-int	chr5	21105639	21107410	-	yellow
MER4_5p14.3b	MER4-int	chr5	21113479	21117460	-	yellow
MER4_5p15.31	MER4-int	chr5	7030305	7033146	-	yellow
MER4_5q12.3a	MER4-int	chr5	64705696	64708622	-	yellow
MER4_5q12.3b	MER4-int	chr5	66465762	66470705	-	yellow
MER4_5q12.3c	MER4-int	chr5	66470947	66474000	-	yellow
MER4_5q13.3b	MER4-int	chr5	75293709	75299636	+	yellow
MER4_5q14.1	MER4-int	chr5	77756674	77757868	-	yellow
MER4_5q33.1a	MER4-int	chr5	150870228	150872215	+	yellow
MER4_5q33.1b	MER4-int	chr5	150957659	150964107	+	yellow
MER4_5q35.2b	MER4-int	chr5	176424873	176428256	-	yellow
MER4_5q35.3a	MER4-int	chr5	180781518	180783272	-	yellow
MER4_5q35.3b	MER4-int	chr5	181143004	181147376	+	yellow
MER4_6p12.1	MER4-int	chr6	53555820	53563424	+	yellow
MER4_6p22.1	MER4-int	chr6	29521853	29527396	-	yellow
MER4_6p22.3a	MER4-int	chr6	17561125	17566466	-	yellow
MER4_6p22.3b	MER4-int	chr6	17566698	17570361	-	yellow
MER4_6p22.3c	MER4-int	chr6	24669089	24674396	-	yellow
MER4_6p22.3d	MER4-int	chr6	25128933	25136513	+	yellow
MER4_6q11.1a	MER4-int	chr6	61208004	61212425	-	yellow
MER4_6q11.1b	MER4-int	chr6	61212615	61214270	-	yellow
MER4_6q12a	MER4-int	chr6	67857075	67861138	-	yellow
MER4_6q12b	MER4-int	chr6	67861436	67862981	-	yellow
MER4_6q14.2	MER4-int	chr6	83969147	83975641	-	yellow
MER4_6q14.3a	MER4-int	chr6	85721586	85730983	-	yellow
MER4_6q14.3b	MER4-int	chr6	85897132	85899666	+	yellow
MER4_6q16.1b	MER4-int	chr6	92829906	92833365	+	yellow
MER4_6q16.1c	MER4-int	chr6	95639371	95642000	+	yellow
MER4_6q16.3	MER4-int	chr6	103280286	103281531	+	yellow
MER4_6q22.1a	MER4-int	chr6	117611860	117615272	+	yellow
MER4_6q22.1b	MER4-int	chr6	117623163	117628976	+	yellow
MER4_6q22.1c	MER4-int	chr6	117848985	117851684	-	yellow
MER4_6q22.1d	MER4-int	chr6	117856856	117859792	-	yellow
MER4_6q22.31	MER4-int	chr6	121631522	121634431	-	yellow
MER4_6q25.2a	MER4-int	chr6	153442003	153446587	-	yellow
MER4_6q25.2b	MER4-int	chr6	153446808	153447908	-	yellow
MER4_6q25.2c	MER4-int	chr6	153884937	153887965	-	yellow
MER4_6q26a	MER4-int	chr6	160884507	160889673	+	yellow
MER4_6q26b	MER4-int	chr6	161209918	161214377	+	yellow
MER4_6q26c	MER4-int	chr6	161329709	161331695	+	yellow
MER4_6q26d	MER4-int	chr6	161332288	161337508	+	yellow
MER4_6q27a	MER4-int	chr6	169819169	169822076	+	yellow
MER4_7p11.2b	MER4-int	chr7	54630789	54632509	+	yellow
MER4_7p11.2c	MER4-int	chr7	54706580	54709328	-	yellow
MER4_7p11.2d	MER4-int	chr7	54740636	54744207	+	yellow
MER4_7p11.2e	MER4-int	chr7	55295272	55299654	-	yellow
MER4_7p11.2f	MER4-int	chr7	55623928	55630660	-	yellow
MER4_7p12.1	MER4-int	chr7	53336881	53343720	+	yellow
MER4_7p12.2	MER4-int	chr7	50490099	50491999	+	yellow
MER4_7p13	MER4-int	chr7	45288992	45290711	+	yellow
MER4_7p14.3a	MER4-int	chr7	30567785	30571827	+	yellow
MER4_7p14.3b	MER4-int	chr7	30579723	30584961	+	yellow
MER4_7p14.3c	MER4-int	chr7	32515103	32516266	+	yellow
MER4_7p21.1	MER4-int	chr7	17106411	17112069	+	yellow
MER4_7p22.1	MER4-int	chr7	7104905	7110650	+	yellow
MER4_7q21.12	MER4-int	chr7	87354026	87355522	-	yellow
MER4_7q21.2	MER4-int	chr7	93127516	93129355	+	yellow
MER4_7q22.3	MER4-int	chr7	106451448	106455433	-	yellow
MER4_7q31.1a	MER4-int	chr7	113617476	113623426	-	yellow
MER4_7q31.1b	MER4-int	chr7	113623476	113625354	-	yellow
MER4_7q31.31a	MER4-int	chr7	118155889	118159374	-	yellow
MER4_7q31.31b	MER4-int	chr7	118159795	118162287	-	yellow
MER4_7q31.31c	MER4-int	chr7	119054496	119058521	-	yellow
MER4_7q31.31d	MER4-int	chr7	119058696	119061415	-	yellow
MER4_7q31.32	MER4-int	chr7	123941175	123945394	-	yellow
MER4_7q33a	MER4-int	chr7	135982177	135985073	-	yellow
MER4_7q33b	MER4-int	chr7	138032246	138038618	+	yellow
MER4_8p11.1a	MER4-int	chr8	43367916	43370097	+	yellow
MER4_8p11.23	MER4-int	chr8	38014366	38019343	+	yellow
MER4_8q12.1a	MER4-int	chr8	56364987	56368316	-	yellow
MER4_8q12.1c	MER4-int	chr8	60300150	60304059	-	yellow
MER4_8q12.1d	MER4-int	chr8	60304301	60305379	-	yellow
MER4_8q13.2	MER4-int	chr8	67842639	67846022	+	yellow
MER4_8q21.13a	MER4-int	chr8	82967523	82971879	-	yellow
MER4_8q21.13b	MER4-int	chr8	82972124	82974960	-	yellow
MER4_8q23.3b	MER4-int	chr8	111229011	111235713	+	yellow
MER4_8q24.3a	MER4-int	chr8	140315253	140316426	+	yellow
MER4_8q24.3b	MER4-int	chr8	142642024	142646192	-	yellow
MER4_8q24.3c	MER4-int	chr8	142646410	142647273	-	yellow
MER4_8q24.3d	MER4-int	chr8	142650773	142652750	-	yellow
MER4_8q24.3e	MER4-int	chr8	142690798	142693659	-	yellow
MER4_9p13.3a	MER4-int	chr9	35012292	35020722	-	yellow
MER4_9p13.3b	MER4-int	chr9	35025135	35028325	-	yellow
MER4_9p13.3c	MER4-int	chr9	35126085	35134140	+	yellow
MER4_9p21.2	MER4-int	chr9	25847555	25854537	+	yellow
MER4_9p23a	MER4-int	chr9	12137662	12139146	+	yellow
MER4_9p23b	MER4-int	chr9	12139224	12145019	+	yellow
MER4_9q21.12	MER4-int	chr9	70654072	70660640	+	yellow
MER4_9q22.31a	MER4-int	chr9	93356412	93359864	+	yellow
MER4_9q22.31b	MER4-int	chr9	93359945	93362424	+	yellow
MER4_9q22.32	MER4-int	chr9	95323682	95332636	-	yellow
MER4_9q22.33	MER4-int	chr9	99006866	99015164	-	yellow
MER4_9q31.1	MER4-int	chr9	104408924	104415996	+	yellow
MER4_9q31.3a	MER4-int	chr9	110307558	110309883	+	yellow
MER4_9q31.3b	MER4-int	chr9	110309899	110314420	+	yellow
MER4_9q34.3	MER4-int	chr9	135650751	135654625	+	yellow
MER4_Xp11.21a	MER4-int	chrX	55148083	55153271	+	yellow
MER4_Xp11.21b	MER4-int	chrX	55193163	55201484	-	yellow
MER4_Xp11.3a	MER4-int	chrX	43619349	43624287	-	yellow
MER4_Xp11.3c	MER4-int	chrX	45300040	45307560	+	yellow
MER4_Xp11.4a	MER4-int	chrX	42090928	42094297	-	yellow
MER4_Xp22.11a	MER4-int	chrX	23234251	23238516	+	yellow
MER4_Xp22.11b	MER4-int	chrX	23244576	23247865	+	yellow
MER4_Xp22.12	MER4-int	chrX	20995194	21001020	+	yellow
MER4_Xp22.2a	MER4-int	chrX	12935112	12937470	-	yellow
MER4_Xp22.2b	MER4-int	chrX	12938030	12939864	-	yellow
MER4_Xp22.2c	MER4-int	chrX	16576717	16577940	+	yellow
MER4_Xp22.2d	MER4-int	chrX	16577951	16583715	+	yellow
MER4_Xp22.31	MER4-int	chrX	7235871	7237312	-	yellow
MER4_Xq11.1b	MER4-int	chrX	62951760	62959005	+	yellow
MER4_Xq11.1f	MER4-int	chrX	63186870	63188610	-	yellow
MER4_Xq11.2a	MER4-int	chrX	63922908	63924859	+	yellow
MER4_Xq11.2b	MER4-int	chrX	64426323	64427486	+	yellow
MER4_Xq11.2c	MER4-int	chrX	64427573	64432182	+	yellow
MER4_Xq13.1	MER4-int	chrX	72696375	72703208	+	yellow
MER4_Xq13.2	MER4-int	chrX	73197461	73198308	+	yellow
MER4_Xq21.1a	MER4-int	chrX	79455176	79462438	+	yellow
MER4_Xq21.1b	MER4-int	chrX	79470811	79472282	+	yellow
MER4_Xq21.1c	MER4-int	chrX	80097630	80105869	+	yellow
MER4_Xq21.1e	MER4-int	chrX	80411260	80413382	-	yellow
MER4_Xq21.1i	MER4-int	chrX	81948530	81954070	+	yellow
MER4_Xq21.1j	MER4-int	chrX	82277851	82283458	+	yellow
MER4_Xq21.1k	MER4-int	chrX	84015813	84019424	-	yellow
MER4_Xq21.1n	MER4-int	chrX	82663145	82671922	-	yellow
MER4_Xq21.31b	MER4-int	chrX	88090670	88093530	-	yellow
MER4_Xq21.31c	MER4-int	chrX	88094741	88098939	-	yellow
MER4_Xq21.31d	MER4-int	chrX	88464223	88470833	+	yellow
MER4_Xq21.31e	MER4-int	chrX	88982498	88984199	-	yellow
MER4_Xq21.31f	MER4-int	chrX	88984585	88985972	+	yellow
MER4_Xq21.31g	MER4-int	chrX	88986493	88990433	+	yellow
MER4_Xq21.31h	MER4-int	chrX	89951506	89953524	+	yellow
MER4_Xq21.31i	MER4-int	chrX	90283424	90290646	+	yellow
MER4_Xq21.31j	MER4-int	chrX	90420054	90422116	-	yellow
MER4_Xq21.31k	MER4-int	chrX	90428908	90432711	-	yellow
MER4_Xq21.31l	MER4-int	chrX	90522781	90524310	+	yellow
MER4_Xq21.31m	MER4-int	chrX	90524331	90530376	+	yellow
MER4_Xq21.31n	MER4-int	chrX	90943857	90948349	+	yellow
MER4_Xq21.31q	MER4-int	chrX	91361149	91363125	-	yellow
MER4_Xq21.32b	MER4-int	chrX	94043769	94045449	-	yellow
MER4_Xq21.32c	MER4-int	chrX	94045452	94050941	-	yellow
MER4_Xq21.33b	MER4-int	chrX	94486483	94490327	+	yellow
MER4_Xq21.33c	MER4-int	chrX	94569701	94572846	-	yellow
MER4_Xq21.33d	MER4-int	chrX	94696225	94698819	+	yellow
MER4_Xq22.1a	MER4-int	chrX	99321691	99329930	+	yellow
MER4_Xq22.1b	MER4-int	chrX	99570612	99573342	-	yellow
MER4_Xq22.1d	MER4-int	chrX	102060351	102067080	+	yellow
MER4_Xq22.1e	MER4-int	chrX	102788400	102791425	-	yellow
MER4_Xq22.1f	MER4-int	chrX	103011219	103012118	-	yellow
MER4_Xq22.3a	MER4-int	chrX	105420961	105424535	-	yellow
MER4_Xq22.3c	MER4-int	chrX	106502502	106509359	+	yellow
MER4_Xq23a	MER4-int	chrX	113977809	113978786	+	yellow
MER4_Xq24a	MER4-int	chrX	119309708	119317310	+	yellow
MER4_Xq24b	MER4-int	chrX	120035005	120038005	+	yellow
MER4_Xq24d	MER4-int	chrX	120227768	120235797	+	yellow
MER4_Xq25a	MER4-int	chrX	121957103	121965158	+	yellow
MER4_Xq25c	MER4-int	chrX	128078431	128085763	-	yellow
MER4_Xq25d	MER4-int	chrX	128114060	128118709	-	yellow
MER4_Xq25e	MER4-int	chrX	128118931	128121753	-	yellow
MER4_Xq27.1a	MER4-int	chrX	140996209	140999680	+	yellow
MER4_Xq27.1b	MER4-int	chrX	140999977	141001661	+	yellow
MER4_Xq27.2b	MER4-int	chrX	141245474	141248919	-	yellow
MER4_Xq27.2d	MER4-int	chrX	141587046	141588740	+	yellow
MER4_Xq27.3c	MER4-int	chrX	144602889	144607197	-	yellow
MER4_Xq27.3d	MER4-int	chrX	144678014	144681364	+	yellow
MER4_Xq27.3e	MER4-int	chrX	144682038	144686603	+	yellow
MER4_Xq27.3f	MER4-int	chrX	144914110	144919568	-	yellow
MER4_Xq27.3g	MER4-int	chrX	144919592	144921152	-	yellow
MER4_Xq27.3h	MER4-int	chrX	145664439	145669242	+	yellow
MER4_Xq27.3i	MER4-int	chrX	146439867	146446789	-	yellow
MER4_Xq27.3j	MER4-int	chrX	146859403	146867722	-	yellow
MER4_Xq27.3l	MER4-int	chrX	147129500	147131669	+	yellow
MER4_Xq28a	MER4-int	chrX	149893773	149896952	-	yellow
MER4_Xq28b	MER4-int	chrX	151878970	151886674	+	yellow
MER4_Xq28c	MER4-int	chrX	152031258	152033483	-	yellow
MER4_Xq28e	MER4-int	chrX	152038125	152040818	-	yellow
MER4_Xq28f	MER4-int	chrX	154812532	154821960	-	yellow
MER4_Yp11.2a	MER4-int	chrY	3609027	3611056	+	yellow
MER4_Yp11.2b	MER4-int	chrY	3860183	3867414	+	yellow
MER4_Yp11.2d	MER4-int	chrY	4005876	4009681	-	yellow
MER4_Yp11.2e	MER4-int	chrY	4100562	4102089	+	yellow
MER4_Yp11.2f	MER4-int	chrY	4102110	4108152	+	yellow
MER4_Yp11.2g	MER4-int	chrY	4520258	4524770	+	yellow
MER4_Yq11.221a	MER4-int	chrY	12588388	12590752	-	yellow
MER4_Yq11.221b	MER4-int	chrY	12680864	12688304	+	yellow
MER4_Yq11.221d	MER4-int	chrY	13175844	13179057	+	yellow
MER4_Yq11.221e	MER4-int	chrY	13315667	13321859	+	yellow
MER41_10p12.1	MER41-int	chr10	25121537	25124380	+	yellow
MER41_10p15.1	MER41-int	chr10	4853677	4856881	+	yellow
MER41_10q11.21	MER41-int	chr10	42376380	42379774	-	yellow
MER41_10q11.23	MER41-int	chr10	49543227	49550170	-	yellow
MER41_10q21.2	MER41-int	chr10	62339890	62344894	-	yellow
MER41_10q23.1	MER41-int	chr10	85184306	85190827	-	yellow
MER41_10q24.33	MER41-int	chr10	103526942	103530067	-	yellow
MER41_10q25.1	MER41-int	chr10	108244290	108250025	+	yellow
MER41_11p13	MER41-int	chr11	35701441	35702220	-	yellow
MER41_11p14.1a	MER41-int	chr11	27928526	27933125	-	yellow
MER41_11p14.1b	MER41-int	chr11	30639955	30642603	+	yellow
MER41_11p14.2	MER41-int	chr11	26763841	26767574	+	yellow
MER41_11p15.1a	MER41-int	chr11	18682537	18692143	+	yellow
MER41_11p15.1b	MER41-int	chr11	20200499	20207270	+	yellow
MER41_11p15.4b	MER41-int	chr11	6283647	6288759	+	yellow
MER41_11p15.5a	MER41-int	chr11	347589	349098	+	yellow
MER41_11p15.5b	MER41-int	chr11	349106	352592	-	yellow
MER41_11q12.1b	MER41-int	chr11	59291970	59298191	-	yellow
MER41_11q12.1c	MER41-int	chr11	59400895	59405252	+	yellow
MER41_11q14.1a	MER41-int	chr11	77641221	77644245	+	yellow
MER41_11q14.1b	MER41-int	chr11	81634182	81641058	+	yellow
MER41_11q22.1b	MER41-int	chr11	101140207	101142841	-	yellow
MER41_11q23.3	MER41-int	chr11	118866008	118867768	+	yellow
MER41_11q24.2	MER41-int	chr11	126843586	126849518	+	yellow
MER41_11q25	MER41-int	chr11	132082644	132086616	-	yellow
MER41_12p11.21	MER41-int	chr12	31847621	31852561	+	yellow
MER41_12p11.23a	MER41-int	chr12	26752242	26757215	+	yellow
MER41_12p11.23b	MER41-int	chr12	27230552	27232175	-	yellow
MER41_12p12.1a	MER41-int	chr12	22613580	22615521	+	yellow
MER41_12p12.1b	MER41-int	chr12	24856758	24862303	+	yellow
MER41_12p13.2	MER41-int	chr12	10653837	10661086	+	yellow
MER41_12q12	MER41-int	chr12	44028334	44033463	+	yellow
MER41_12q13.11	MER41-int	chr12	46253205	46258347	-	yellow
MER41_12q13.12	MER41-int	chr12	50765551	50772153	+	yellow
MER41_12q14.1	MER41-int	chr12	58412387	58414002	-	yellow
MER41_12q21.1	MER41-int	chr12	71206303	71207428	+	yellow
MER41_12q21.31a	MER41-int	chr12	80173186	80174513	-	yellow
MER41_12q21.31b	MER41-int	chr12	81209550	81210955	-	yellow
MER41_12q23.2a	MER41-int	chr12	102305290	102307764	+	yellow
MER41_13q12.3a	MER41-int	chr13	28767746	28770415	-	yellow
MER41_13q12.3b	MER41-int	chr13	28789633	28790380	-	yellow
MER41_13q12.3c	MER41-int	chr13	30055934	30059441	+	yellow
MER41_13q13.3	MER41-int	chr13	39080845	39086958	+	yellow
MER41_13q14.13	MER41-int	chr13	45641766	45644059	+	yellow
MER41_13q14.3	MER41-int	chr13	51127811	51133258	+	yellow
MER41_13q21.1	MER41-int	chr13	56980550	56981622	+	yellow
MER41_13q21.2	MER41-int	chr13	61112586	61118592	+	yellow
MER41_13q34a	MER41-int	chr13	110958167	110964213	+	yellow
MER41_13q34b	MER41-int	chr13	113387466	113391309	+	yellow
MER41_14q11.2c	MER41-int	chr14	23790591	23795497	-	yellow
MER41_14q12	MER41-int	chr14	28185469	28187376	+	yellow
MER41_14q13.1	MER41-int	chr14	33868119	33874435	+	yellow
MER41_14q21.1	MER41-int	chr14	42247365	42248062	-	yellow
MER41_14q21.2a	MER41-int	chr14	43576479	43583543	+	yellow
MER41_14q21.3	MER41-int	chr14	47943338	47944443	+	yellow
MER41_14q24.2a	MER41-int	chr14	70865494	70869706	-	yellow
MER41_14q24.2b	MER41-int	chr14	70870019	70872265	-	yellow
MER41_14q31.1	MER41-int	chr14	82162333	82166408	+	yellow
MER41_14q32.11a	MER41-int	chr14	89684033	89685733	+	yellow
MER41_14q32.11b	MER41-int	chr14	90472533	90477165	+	yellow
MER41_14q32.12	MER41-int	chr14	94089107	94092704	-	yellow
MER41_14q32.13	MER41-int	chr14	95275153	95281858	+	yellow
MER41_14q32.2	MER41-int	chr14	99901390	99906744	-	yellow
MER41_14q32.32	MER41-int	chr14	102856187	102861776	-	yellow
MER41_15q11.2a	MER41-int	chr15	24063543	24067233	-	yellow
MER41_15q13.3	MER41-int	chr15	33043600	33049583	+	yellow
MER41_15q14	MER41-int	chr15	34377057	34378830	+	yellow
MER41_15q21.2a	MER41-int	chr15	50667719	50670796	+	yellow
MER41_15q21.2b	MER41-int	chr15	51634545	51637646	-	yellow
MER41_15q22.31a	MER41-int	chr15	65347988	65353892	+	yellow
MER41_15q22.31b	MER41-int	chr15	66464103	66466989	-	yellow
MER41_15q24.2	MER41-int	chr15	75146361	75150738	+	yellow
MER41_16p12.3	MER41-int	chr16	19079920	19081944	+	yellow
MER41_16q21	MER41-int	chr16	65016643	65022129	-	yellow
MER41_16q22.1	MER41-int	chr16	68997155	69000586	-	yellow
MER41_17p11.2a	MER41-int	chr17	16275058	16279310	-	yellow
MER41_17p11.2b	MER41-int	chr17	20192871	20195560	-	yellow
MER41_17p11.2c	MER41-int	chr17	20863724	20864398	-	yellow
MER41_17p11.2d	MER41-int	chr17	22565728	22566401	-	yellow
MER41_17q21.32b	MER41-int	chr17	49074208	49077089	-	yellow
MER41_17q22a	MER41-int	chr17	52972371	52974077	-	yellow
MER41_17q22b	MER41-int	chr17	53839531	53841476	-	yellow
MER41_17q22c	MER41-int	chr17	54314459	54316357	-	yellow
MER41_17q22d	MER41-int	chr17	54322823	54326728	-	yellow
MER41_17q22e	MER41-int	chr17	57023979	57028606	-	yellow
MER41_17q23.3b	MER41-int	chr17	64424386	64432048	-	yellow
MER41_17q25.3	MER41-int	chr17	79011645	79018141	+	yellow
MER41_18p11.21	MER41-int	chr18	11538436	11541243	+	yellow
MER41_18p11.22	MER41-int	chr18	8907608	8910778	+	yellow
MER41_18p11.31	MER41-int	chr18	5861768	5865635	+	yellow
MER41_18p11.32	MER41-int	chr18	874031	876030	-	yellow
MER41_18q12.1	MER41-int	chr18	30769491	30774178	+	yellow
MER41_18q21.1	MER41-int	chr18	50543682	50545122	+	yellow
MER41_18q21.33	MER41-int	chr18	62863503	62865015	-	yellow
MER41_18q22.1b	MER41-int	chr18	66688675	66692387	+	yellow
MER41_18q22.1c	MER41-int	chr18	68359496	68362525	+	yellow
MER41_19p12a	MER41-int	chr19	21365058	21367044	-	yellow
MER41_19p12b	MER41-int	chr19	21759476	21763262	+	yellow
MER41_19p12c	MER41-int	chr19	21924274	21926892	-	yellow
MER41_19p12e	MER41-int	chr19	22247754	22252110	+	yellow
MER41_19p12f	MER41-int	chr19	22920303	22922580	-	yellow
MER41_19q13.2a	MER41-int	chr19	42487086	42492400	-	yellow
MER41_19q13.2c	MER41-int	chr19	42494709	42496959	-	yellow
MER41_19q13.43a	MER41-int	chr19	57275342	57278839	-	yellow
MER41_1p13.3	MER41-int	chr1	109452767	109456086	-	yellow
MER41_1p21.1	MER41-int	chr1	106116173	106120631	+	yellow
MER41_1p21.3	MER41-int	chr1	95895626	95901086	-	yellow
MER41_1p31.1	MER41-int	chr1	72811822	72812848	-	yellow
MER41_1p33	MER41-int	chr1	49340672	49347240	+	yellow
MER41_1p34.1a	MER41-int	chr1	44888116	44889253	+	yellow
MER41_1p34.1b	MER41-int	chr1	44889829	44890622	+	yellow
MER41_1p34.3	MER41-int	chr1	37903067	37907814	+	yellow
MER41_1p35.3	MER41-int	chr1	27690156	27694283	-	yellow
MER41_1p36.11	MER41-int	chr1	26630245	26636092	+	yellow
MER41_1p36.12	MER41-int	chr1	21389817	21402446	+	yellow
MER41_1q21.3a	MER41-int	chr1	151075748	151077198	-	yellow
MER41_1q21.3b	MER41-int	chr1	154316048	154318840	+	yellow
MER41_1q24.2	MER41-int	chr1	169820022	169820957	-	yellow
MER41_1q25.3	MER41-int	chr1	184811820	184812915	+	yellow
MER41_1q31.1	MER41-int	chr1	186223611	186228279	+	yellow
MER41_1q32.3	MER41-int	chr1	211706726	211711267	+	yellow
MER41_1q41a	MER41-int	chr1	215583131	215585190	-	yellow
MER41_1q41b	MER41-int	chr1	216343947	216349846	+	yellow
MER41_1q42.3	MER41-int	chr1	235410260	235411639	-	yellow
MER41_1q44a	MER41-int	chr1	244815534	244818297	+	yellow
MER41_1q44b	MER41-int	chr1	244818602	244821738	+	yellow
MER41_20p11.21a	MER41-int	chr20	25163526	25165633	-	yellow
MER41_20p11.21b	MER41-int	chr20	25172422	25173065	-	yellow
MER41_20p12.3	MER41-int	chr20	5180317	5181533	-	yellow
MER41_20q13.12	MER41-int	chr20	45482970	45489460	-	yellow
MER41_21q21.2	MER41-int	chr21	24416102	24417381	+	yellow
MER41_21q22.11b	MER41-int	chr21	32557704	32559480	-	yellow
MER41_21q22.3a	MER41-int	chr21	46518871	46522910	-	yellow
MER41_22q11.1	MER41-int	chr22	15647029	15647709	+	yellow
MER41_22q12.3a	MER41-int	chr22	32126246	32127994	+	yellow
MER41_22q12.3b	MER41-int	chr22	32348497	32350244	-	yellow
MER41_22q12.3c	MER41-int	chr22	35668700	35673866	+	yellow
MER41_22q12.3d	MER41-int	chr22	36216030	36217510	+	yellow
MER41_22q12.3e	MER41-int	chr22	37188838	37196108	-	yellow
MER41_2p11.2	MER41-int	chr2	84464407	84470759	-	yellow
MER41_2p12	MER41-int	chr2	82129468	82132637	+	yellow
MER41_2p16.1	MER41-int	chr2	57183287	57184556	+	yellow
MER41_2p16.3a	MER41-int	chr2	48051040	48052882	-	yellow
MER41_2p16.3b	MER41-int	chr2	48058827	48062129	-	yellow
MER41_2p16.3c	MER41-int	chr2	52129538	52131381	+	yellow
MER41_2p24.3	MER41-int	chr2	13645118	13648942	-	yellow
MER41_2q11.2	MER41-int	chr2	98047751	98053992	+	yellow
MER41_2q12.1	MER41-int	chr2	103469416	103470672	-	yellow
MER41_2q14.3a	MER41-int	chr2	122838227	122838753	+	yellow
MER41_2q14.3b	MER41-int	chr2	124983847	124994596	+	yellow
MER41_2q21.1a	MER41-int	chr2	131213999	131214956	+	yellow
MER41_2q21.1b	MER41-int	chr2	131548084	131549045	+	yellow
MER41_2q22.1	MER41-int	chr2	138990050	138992107	+	yellow
MER41_2q22.3	MER41-int	chr2	147216551	147221536	-	yellow
MER41_2q31.1b	MER41-int	chr2	173497760	173502877	+	yellow
MER41_2q31.2	MER41-int	chr2	179469110	179471049	+	yellow
MER41_2q32.1	MER41-int	chr2	188234862	188240656	+	yellow
MER41_2q33.1	MER41-int	chr2	200552394	200557622	-	yellow
MER41_3p12.1	MER41-int	chr3	84045604	84049434	+	yellow
MER41_3p12.2	MER41-int	chr3	81546380	81551026	+	yellow
MER41_3p14.3a	MER41-int	chr3	54977737	54983085	-	yellow
MER41_3p14.3b	MER41-int	chr3	58436193	58439854	-	yellow
MER41_3p21.2	MER41-int	chr3	50832523	50835408	-	yellow
MER41_3p22.1a	MER41-int	chr3	40343324	40352457	+	yellow
MER41_3p22.1b	MER41-int	chr3	40552408	40556384	-	yellow
MER41_3p22.1c	MER41-int	chr3	42718040	42722791	+	yellow
MER41_3p22.3a	MER41-int	chr3	32048690	32057354	+	yellow
MER41_3p22.3b	MER41-int	chr3	33458693	33461755	-	yellow
MER41_3p24.1	MER41-int	chr3	30274612	30281091	+	yellow
MER41_3p24.3a	MER41-int	chr3	20384418	20385540	+	yellow
MER41_3p24.3b	MER41-int	chr3	20448123	20453049	-	yellow
MER41_3q11.2	MER41-int	chr3	96171226	96175156	+	yellow
MER41_3q12.2	MER41-int	chr3	100581635	100587331	-	yellow
MER41_3q13.13	MER41-int	chr3	111345961	111351213	-	yellow
MER41_3q13.31a	MER41-int	chr3	114258979	114262967	-	yellow
MER41_3q13.31b	MER41-int	chr3	117025484	117034293	+	yellow
MER41_3q13.32	MER41-int	chr3	118589641	118594970	+	yellow
MER41_3q21.3a	MER41-int	chr3	127397863	127403610	-	yellow
MER41_3q26.1a	MER41-int	chr3	161139778	161149489	+	yellow
MER41_3q27.1	MER41-int	chr3	183063570	183068598	+	yellow
MER41_3q28	MER41-int	chr3	191449204	191450791	-	yellow
MER41_4p15.2	MER41-int	chr4	22373540	22382732	+	yellow
MER41_4p15.31	MER41-int	chr4	18871801	18877133	-	yellow
MER41_4p16.1a	MER41-int	chr4	7084495	7091661	-	yellow
MER41_4p16.1b	MER41-int	chr4	8358459	8364122	+	yellow
MER41_4q12a	MER41-int	chr4	56947811	56950653	-	yellow
MER41_4q12b	MER41-int	chr4	57135749	57141668	-	yellow
MER41_4q13.1a	MER41-int	chr4	58669572	58675111	+	yellow
MER41_4q13.1b	MER41-int	chr4	59994858	59995316	-	yellow
MER41_4q13.1c	MER41-int	chr4	59995384	59999264	-	yellow
MER41_4q13.1d	MER41-int	chr4	64261256	64268352	-	yellow
MER41_4q13.2a	MER41-int	chr4	65741735	65744722	+	yellow
MER41_4q13.2b	MER41-int	chr4	67283376	67285541	-	yellow
MER41_4q13.2c	MER41-int	chr4	68259844	68265588	+	yellow
MER41_4q13.2d	MER41-int	chr4	68295086	68296972	-	yellow
MER41_4q13.3	MER41-int	chr4	69768435	69773984	+	yellow
MER41_4q21.1a	MER41-int	chr4	75374130	75375774	+	yellow
MER41_4q21.1b	MER41-int	chr4	77573676	77574676	+	yellow
MER41_4q21.21	MER41-int	chr4	78694846	78703208	-	yellow
MER41_4q22.1a	MER41-int	chr4	87366157	87369097	+	yellow
MER41_4q22.1c	MER41-int	chr4	92088882	92091747	-	yellow
MER41_4q23a	MER41-int	chr4	98812930	98818680	+	yellow
MER41_4q23b	MER41-int	chr4	98844401	98849355	-	yellow
MER41_4q23c	MER41-int	chr4	99165749	99167336	-	yellow
MER41_4q23d	MER41-int	chr4	99726123	99734925	-	yellow
MER41_4q26	MER41-int	chr4	115418746	115424932	+	yellow
MER41_4q28.1	MER41-int	chr4	124558182	124563314	+	yellow
MER41_4q28.3	MER41-int	chr4	137464596	137469531	+	yellow
MER41_4q31.1	MER41-int	chr4	139711256	139715980	-	yellow
MER41_4q32.1a	MER41-int	chr4	154949756	154954350	-	yellow
MER41_4q32.1b	MER41-int	chr4	157469320	157475164	+	yellow
MER41_4q32.1c	MER41-int	chr4	160487182	160493868	+	yellow
MER41_4q34.1a	MER41-int	chr4	171578431	171582849	-	yellow
MER41_4q34.1b	MER41-int	chr4	171960908	171962759	+	yellow
MER41_4q35.2	MER41-int	chr4	189108411	189110238	+	yellow
MER41_5p12	MER41-int	chr5	44785133	44788577	-	yellow
MER41_5p13.3a	MER41-int	chr5	29352622	29355405	+	yellow
MER41_5p13.3b	MER41-int	chr5	32345628	32348538	+	yellow
MER41_5p14.1	MER41-int	chr5	26488052	26489966	+	yellow
MER41_5p15.1	MER41-int	chr5	15196659	15202471	-	yellow
MER41_5q11.2a	MER41-int	chr5	51776476	51779982	-	yellow
MER41_5q11.2b	MER41-int	chr5	54345565	54346755	+	yellow
MER41_5q11.2c	MER41-int	chr5	58379117	58382765	+	yellow
MER41_5q13.3	MER41-int	chr5	76780826	76782667	+	yellow
MER41_5q14.3a	MER41-int	chr5	89917678	89919657	-	yellow
MER41_5q14.3b	MER41-int	chr5	91592678	91593519	-	yellow
MER41_5q15a	MER41-int	chr5	94039191	94045415	+	yellow
MER41_5q15b	MER41-int	chr5	97802616	97809144	-	yellow
MER41_5q21.1a	MER41-int	chr5	100162370	100163828	-	yellow
MER41_5q21.1b	MER41-int	chr5	101394038	101397196	+	yellow
MER41_5q22.1	MER41-int	chr5	110825666	110830331	+	yellow
MER41_5q23.1a	MER41-int	chr5	117003806	117006003	-	yellow
MER41_5q23.1b	MER41-int	chr5	118994667	119001695	-	yellow
MER41_5q31.3a	MER41-int	chr5	140626288	140628416	-	yellow
MER41_5q32	MER41-int	chr5	147724857	147729086	+	yellow
MER41_5q33.2	MER41-int	chr5	153463637	153465626	-	yellow
MER41_5q33.3	MER41-int	chr5	157695038	157699482	+	yellow
MER41_5q34	MER41-int	chr5	160979953	160984224	+	yellow
MER41_5q35.1	MER41-int	chr5	171054228	171057279	-	yellow
MER41_5q35.2	MER41-int	chr5	174892005	174894316	+	yellow
MER41_6p21.32	MER41-int	chr6	33135484	33138647	-	yellow
MER41_6p22.2	MER41-int	chr6	25951314	25955011	-	yellow
MER41_6p22.3	MER41-int	chr6	15555300	15562289	+	yellow
MER41_6p23	MER41-int	chr6	13945813	13953267	-	yellow
MER41_6p24.1	MER41-int	chr6	12742106	12744723	-	yellow
MER41_6q12	MER41-int	chr6	67669775	67674993	-	yellow
MER41_6q14.1a	MER41-int	chr6	79257432	79258797	-	yellow
MER41_6q14.1b	MER41-int	chr6	79262321	79264710	-	yellow
MER41_6q14.1c	MER41-int	chr6	80290637	80292242	-	yellow
MER41_6q14.1d	MER41-int	chr6	80295580	80299563	-	yellow
MER41_6q14.1e	MER41-int	chr6	82486253	82490066	+	yellow
MER41_6q15	MER41-int	chr6	92198236	92201341	+	yellow
MER41_6q21a	MER41-int	chr6	108301121	108302964	-	yellow
MER41_6q21b	MER41-int	chr6	110488048	110491199	+	yellow
MER41_6q22.1	MER41-int	chr6	117473177	117476926	-	yellow
MER41_6q22.31a	MER41-int	chr6	118194214	118195116	-	yellow
MER41_6q22.31b	MER41-int	chr6	118601580	118608058	-	yellow
MER41_6q22.31c	MER41-int	chr6	125120074	125122084	+	yellow
MER41_6q23.3	MER41-int	chr6	137180904	137186012	-	yellow
MER41_6q24.1	MER41-int	chr6	140190791	140195417	+	yellow
MER41_6q24.2a	MER41-int	chr6	142571824	142577001	+	yellow
MER41_6q24.2b	MER41-int	chr6	142583415	142585826	+	yellow
MER41_6q25.2a	MER41-int	chr6	153410991	153413768	-	yellow
MER41_6q25.2b	MER41-int	chr6	153413821	153415988	-	yellow
MER41_6q25.3a	MER41-int	chr6	155611577	155615426	-	yellow
MER41_6q25.3b	MER41-int	chr6	160234324	160238218	+	yellow
MER41_6q26a	MER41-int	chr6	160799276	160800532	+	yellow
MER41_6q26b	MER41-int	chr6	161292492	161299086	+	yellow
MER41_6q26c	MER41-int	chr6	163030507	163035230	-	yellow
MER41_7p11.2a	MER41-int	chr7	57134085	57137544	+	yellow
MER41_7p11.2b	MER41-int	chr7	57443873	57448457	-	yellow
MER41_7p12.3	MER41-int	chr7	46522688	46529624	+	yellow
MER41_7p14.1a	MER41-int	chr7	41745785	41751231	-	yellow
MER41_7p14.1b	MER41-int	chr7	41757785	41760009	-	yellow
MER41_7p14.3	MER41-int	chr7	33181421	33185349	-	yellow
MER41_7p21.2	MER41-int	chr7	14740089	14745423	+	yellow
MER41_7p21.3a	MER41-int	chr7	10824498	10825924	+	yellow
MER41_7p21.3b	MER41-int	chr7	13311008	13313126	+	yellow
MER41_7q11.21a	MER41-int	chr7	63305752	63312295	+	yellow
MER41_7q11.21b	MER41-int	chr7	63435897	63442437	-	yellow
MER41_7q11.21d	MER41-int	chr7	64194342	64197966	+	yellow
MER41_7q11.21g	MER41-int	chr7	64202578	64205419	-	yellow
MER41_7q11.21h	MER41-int	chr7	64243876	64247361	-	yellow
MER41_7q11.21i	MER41-int	chr7	64484420	64488772	+	yellow
MER41_7q11.23	MER41-int	chr7	73787406	73791637	+	yellow
MER41_7q21.13	MER41-int	chr7	90294883	90296158	-	yellow
MER41_7q22.3a	MER41-int	chr7	106455435	106461177	-	yellow
MER41_7q22.3b	MER41-int	chr7	106796527	106801816	-	yellow
MER41_7q33	MER41-int	chr7	134086639	134091633	-	yellow
MER41_7q34a	MER41-int	chr7	139001188	139006286	+	yellow
MER41_7q34b	MER41-int	chr7	142703799	142708967	+	yellow
MER41_7q35	MER41-int	chr7	144464665	144465750	+	yellow
MER41_7q36.1	MER41-int	chr7	149681756	149687599	-	yellow
MER41_8p11.21	MER41-int	chr8	43106829	43110635	-	yellow
MER41_8p11.22	MER41-int	chr8	39004567	39006262	-	yellow
MER41_8p23.1	MER41-int	chr8	6396248	6399098	+	yellow
MER41_8q11.23a	MER41-int	chr8	52599733	52604827	+	yellow
MER41_8q12.1a	MER41-int	chr8	55723558	55729046	-	yellow
MER41_8q12.1b	MER41-int	chr8	55729095	55732243	-	yellow
MER41_8q21.13	MER41-int	chr8	74901524	74904636	+	yellow
MER41_8q21.3a	MER41-int	chr8	91500577	91505269	-	yellow
MER41_8q21.3b	MER41-int	chr8	92203830	92209322	-	yellow
MER41_8q22.3	MER41-int	chr8	102086680	102092487	+	yellow
MER41_8q23.1	MER41-int	chr8	107915901	107919264	+	yellow
MER41_8q24.13	MER41-int	chr8	126218795	126223153	-	yellow
MER41_8q24.23	MER41-int	chr8	136912852	136916210	-	yellow
MER41_8q24.3	MER41-int	chr8	142958887	142966057	+	yellow
MER41_9p13.3a	MER41-int	chr9	33703617	33708862	+	yellow
MER41_9p21.1a	MER41-int	chr9	29547094	29554598	+	yellow
MER41_9p21.1b	MER41-int	chr9	31464241	31470347	-	yellow
MER41_9p21.3	MER41-int	chr9	20593281	20595047	+	yellow
MER41_9p22.3	MER41-int	chr9	14891955	14896263	+	yellow
MER41_9p24.1a	MER41-int	chr9	7847581	7850466	+	yellow
MER41_9p24.1b	MER41-int	chr9	8823730	8826094	-	yellow
MER41_9q21.12	MER41-int	chr9	69304827	69307567	-	yellow
MER41_9q21.13a	MER41-int	chr9	73175440	73176791	+	yellow
MER41_9q21.13b	MER41-int	chr9	76028977	76030675	-	yellow
MER41_9q22.1a	MER41-int	chr9	88686487	88691604	+	yellow
MER41_9q22.1b	MER41-int	chr9	89125477	89128334	+	yellow
MER41_9q22.1c	MER41-int	chr9	89133918	89136821	+	yellow
MER41_9q22.1d	MER41-int	chr9	89138165	89143533	-	yellow
MER41_9q22.31	MER41-int	chr9	92906104	92908866	-	yellow
MER41_9q22.32	MER41-int	chr9	96280620	96286406	+	yellow
MER41_9q31.1a	MER41-int	chr9	100030133	100034561	+	yellow
MER41_9q31.1c	MER41-int	chr9	104077222	104084950	-	yellow
MER41_9q33.3	MER41-int	chr9	125567193	125569637	+	yellow
MER41_Xp11.21b	MER41-int	chrX	55108769	55111350	+	yellow
MER41_Xp11.21d	MER41-int	chrX	55272930	55276894	+	yellow
MER41_Xp11.21f	MER41-int	chrX	55708606	55712410	-	yellow
MER41_Xp11.21g	MER41-int	chrX	56886902	56890320	+	yellow
MER41_Xp11.21h	MER41-int	chrX	56902875	56906579	+	yellow
MER41_Xp11.21i	MER41-int	chrX	57508333	57510909	+	yellow
MER41_Xp11.21k	MER41-int	chrX	57667922	57670179	-	yellow
MER41_Xp11.21l	MER41-int	chrX	57963280	57966092	-	yellow
MER41_Xp11.22	MER41-int	chrX	53923312	53928800	+	yellow
MER41_Xp11.23	MER41-int	chrX	47809182	47814037	-	yellow
MER41_Xp11.4a	MER41-int	chrX	37883000	37888014	-	yellow
MER41_Xp11.4b	MER41-int	chrX	38026405	38031211	-	yellow
MER41_Xp21.1a	MER41-int	chrX	32288683	32289963	+	yellow
MER41_Xp21.3a	MER41-int	chrX	26372747	26375653	-	yellow
MER41_Xp21.3b	MER41-int	chrX	26468364	26471614	-	yellow
MER41_Xp22.2	MER41-int	chrX	16671289	16677993	+	yellow
MER41_Xq11.1a	MER41-int	chrX	62929698	62934354	-	yellow
MER41_Xq11.1c	MER41-int	chrX	63237441	63244731	-	yellow
MER41_Xq11.2b	MER41-int	chrX	65332796	65337423	-	yellow
MER41_Xq13.1	MER41-int	chrX	71983693	71988929	-	yellow
MER41_Xq13.2a	MER41-int	chrX	73623568	73626174	-	yellow
MER41_Xq13.2b	MER41-int	chrX	73798891	73801155	-	yellow
MER41_Xq13.3a	MER41-int	chrX	75116664	75122462	+	yellow
MER41_Xq13.3b	MER41-int	chrX	75361643	75367270	+	yellow
MER41_Xq21.1a	MER41-int	chrX	82556528	82559745	+	yellow
MER41_Xq21.31b	MER41-int	chrX	90567362	90571568	-	yellow
MER41_Xq21.33a	MER41-int	chrX	95627338	95629750	+	yellow
MER41_Xq21.33b	MER41-int	chrX	98860384	98864928	+	yellow
MER41_Xq22.3	MER41-int	chrX	107278460	107280372	-	yellow
MER41_Xq23a	MER41-int	chrX	109550904	109555972	+	yellow
MER41_Xq23b	MER41-int	chrX	112494759	112500274	-	yellow
MER41_Xq24a	MER41-int	chrX	120067084	120068400	+	yellow
MER41_Xq24b	MER41-int	chrX	120167902	120169218	-	yellow
MER41_Xq25a	MER41-int	chrX	122227788	122231275	+	yellow
MER41_Xq25c	MER41-int	chrX	125932492	125935175	-	yellow
MER41_Xq26.2b	MER41-int	chrX	134214682	134217740	-	yellow
MER41_Xq27.1a	MER41-int	chrX	140895025	140900915	-	yellow
MER41_Xq28c	MER41-int	chrX	153010207	153014590	-	yellow
MER41_Yp11.2b	MER41-int	chrY	4144396	4149335	-	yellow
MER41_Yq11.221a	MER41-int	chrY	12693892	12697964	-	yellow
MER41_Yq11.221b	MER41-int	chrY	12698035	12698826	-	yellow
MER4B_10q11.21	MER4B-int	chr10	42397375	42398000	+	turquoise
MER4B_10q11.23	MER4B-int	chr10	49790561	49796780	-	turquoise
MER4B_10q21.3	MER4B-int	chr10	63366574	63368220	+	turquoise
MER4B_10q22.3	MER4B-int	chr10	80062283	80073050	-	turquoise
MER4B_10q23.1a	MER4B-int	chr10	81191959	81197546	+	turquoise
MER4B_10q23.1b	MER4B-int	chr10	83758994	83761173	-	turquoise
MER4B_10q23.31a	MER4B-int	chr10	90805247	90807234	+	turquoise
MER4B_10q23.31b	MER4B-int	chr10	90814624	90817142	+	turquoise
MER4B_10q24.32	MER4B-int	chr10	102891360	102895059	+	turquoise
MER4B_11p14.3a	MER4B-int	chr11	22836568	22838970	+	turquoise
MER4B_11p14.3b	MER4B-int	chr11	24754301	24756560	-	turquoise
MER4B_11p15.3	MER4B-int	chr11	13646039	13651190	-	turquoise
MER4B_11p15.4	MER4B-int	chr11	3237153	3246909	-	turquoise
MER4B_11q12.1	MER4B-int	chr11	57719337	57731650	+	turquoise
MER4B_11q13.2	MER4B-int	chr11	67679749	67683767	+	turquoise
MER4B_11q22.1	MER4B-int	chr11	97518547	97522407	-	turquoise
MER4B_11q22.3a	MER4B-int	chr11	104972403	104975175	-	turquoise
MER4B_11q22.3b	MER4B-int	chr11	107250831	107254269	-	turquoise
MER4B_11q24.2a	MER4B-int	chr11	125542655	125543347	+	turquoise
MER4B_12p12.1a	MER4B-int	chr12	21322253	21325951	-	turquoise
MER4B_12p12.1b	MER4B-int	chr12	21328851	21332655	-	turquoise
MER4B_12p13.31b	MER4B-int	chr12	7288564	7296167	+	turquoise
MER4B_12p13.31c	MER4B-int	chr12	9984964	9987795	-	turquoise
MER4B_12q15b	MER4B-int	chr12	69139518	69143430	+	turquoise
MER4B_12q15c	MER4B-int	chr12	69143783	69146662	+	turquoise
MER4B_12q21.2	MER4B-int	chr12	75363706	75367277	-	turquoise
MER4B_12q23.3	MER4B-int	chr12	106939073	106948274	-	turquoise
MER4B_13q12.12	MER4B-int	chr13	24640319	24644172	-	turquoise
MER4B_13q14.11a	MER4B-int	chr13	41160964	41163166	+	turquoise
MER4B_13q14.11b	MER4B-int	chr13	41268226	41271983	-	turquoise
MER4B_13q31.1	MER4B-int	chr13	83121432	83122274	+	turquoise
MER4B_14q11.2a	MER4B-int	chr14	19191625	19196122	-	turquoise
MER4B_14q11.2b	MER4B-int	chr14	23337068	23345236	+	turquoise
MER4B_14q11.2c	MER4B-int	chr14	23840405	23841424	+	turquoise
MER4B_14q12	MER4B-int	chr14	27608134	27614823	+	turquoise
MER4B_14q13.1	MER4B-int	chr14	34351510	34353114	-	turquoise
MER4B_14q21.1a	MER4B-int	chr14	39487218	39488257	-	turquoise
MER4B_14q21.1b	MER4B-int	chr14	40734317	40735142	+	turquoise
MER4B_14q21.1c	MER4B-int	chr14	40864358	40866132	+	turquoise
MER4B_14q32.11b	MER4B-int	chr14	90240386	90249373	+	turquoise
MER4B_15q21.1a	MER4B-int	chr15	46765805	46771662	-	turquoise
MER4B_15q21.1b	MER4B-int	chr15	46772190	46774406	-	turquoise
MER4B_15q21.1c	MER4B-int	chr15	47334698	47336559	+	turquoise
MER4B_15q21.2	MER4B-int	chr15	50870443	50875773	-	turquoise
MER4B_15q22.2a	MER4B-int	chr15	62207174	62211910	+	turquoise
MER4B_16p12.3a	MER4B-int	chr16	20649160	20652551	+	turquoise
MER4B_16p12.3b	MER4B-int	chr16	20655409	20660157	+	turquoise
MER4B_16q12.1	MER4B-int	chr16	50330448	50330982	+	turquoise
MER4B_16q21a	MER4B-int	chr16	58307595	58317295	+	turquoise
MER4B_16q21b	MER4B-int	chr16	59856918	59858308	-	turquoise
MER4B_17p11.2a	MER4B-int	chr17	21567289	21568857	-	turquoise
MER4B_17p11.2b	MER4B-int	chr17	21571410	21572862	-	turquoise
MER4B_17p11.2c	MER4B-int	chr17	22413145	22414526	+	turquoise
MER4B_17p11.2d	MER4B-int	chr17	22417097	22418670	+	turquoise
MER4B_17p12a	MER4B-int	chr17	10915227	10918597	+	turquoise
MER4B_17p12c	MER4B-int	chr17	14522971	14528015	-	turquoise
MER4B_17q22	MER4B-int	chr17	52254627	52257546	+	turquoise
MER4B_18p11.32a	MER4B-int	chr18	1919908	1924269	-	turquoise
MER4B_18p11.32b	MER4B-int	chr18	2157082	2162924	+	turquoise
MER4B_18q11.2	MER4B-int	chr18	24690536	24691983	+	turquoise
MER4B_18q12.2	MER4B-int	chr18	36150479	36153358	-	turquoise
MER4B_18q21.2a	MER4B-int	chr18	54548372	54553703	-	turquoise
MER4B_18q22.1a	MER4B-int	chr18	66886349	66892354	-	turquoise
MER4B_18q22.1b	MER4B-int	chr18	66892669	66894360	-	turquoise
MER4B_19q13.31	MER4B-int	chr19	43955744	43958531	-	turquoise
MER4B_19q13.42a	MER4B-int	chr19	54616320	54617819	+	turquoise
MER4B_19q13.42b	MER4B-int	chr19	54618131	54620746	+	turquoise
MER4B_1p13.2	MER4B-int	chr1	114454216	114455874	+	turquoise
MER4B_1p22.1a	MER4B-int	chr1	91922727	91924229	-	turquoise
MER4B_1p22.1b	MER4B-int	chr1	93643913	93646320	+	turquoise
MER4B_1p31.1a	MER4B-int	chr1	75717681	75718483	+	turquoise
MER4B_1p31.1b	MER4B-int	chr1	84069404	84072036	-	turquoise
MER4B_1p31.3	MER4B-int	chr1	67516690	67520753	+	turquoise
MER4B_1p36.33	MER4B-int	chr1	1275713	1280788	-	turquoise
MER4B_1q21.3b	MER4B-int	chr1	151928886	151930233	+	turquoise
MER4B_1q23.2	MER4B-int	chr1	159667533	159671585	-	turquoise
MER4B_1q23.3	MER4B-int	chr1	163275862	163277447	+	turquoise
MER4B_1q24.2	MER4B-int	chr1	170043147	170045765	+	turquoise
MER4B_1q31.2	MER4B-int	chr1	191152465	191155164	+	turquoise
MER4B_1q31.3	MER4B-int	chr1	197012984	197015240	+	turquoise
MER4B_1q43a	MER4B-int	chr1	238923328	238924370	-	turquoise
MER4B_1q43b	MER4B-int	chr1	238927241	238929487	-	turquoise
MER4B_1q44a	MER4B-int	chr1	243625451	243626656	+	turquoise
MER4B_1q44b	MER4B-int	chr1	248415906	248417806	-	turquoise
MER4B_20p11.21	MER4B-int	chr20	22963472	22965503	+	turquoise
MER4B_20p12.3	MER4B-int	chr20	5330559	5332056	-	turquoise
MER4B_20q13.12	MER4B-int	chr20	45437429	45440604	+	turquoise
MER4B_21q21.3b	MER4B-int	chr21	27038843	27040543	+	turquoise
MER4B_21q22.11	MER4B-int	chr21	32153172	32160270	-	turquoise
MER4B_21q22.12	MER4B-int	chr21	36095300	36098036	+	turquoise
MER4B_21q22.3	MER4B-int	chr21	42600909	42605973	-	turquoise
MER4B_22q11.1	MER4B-int	chr22	15926600	15931090	+	turquoise
MER4B_22q11.22a	MER4B-int	chr22	23023956	23026083	+	turquoise
MER4B_22q11.22b	MER4B-int	chr22	23029152	23032525	+	turquoise
MER4B_2p12a	MER4B-int	chr2	79128722	79130174	-	turquoise
MER4B_2p12b	MER4B-int	chr2	79695908	79696795	-	turquoise
MER4B_2p15	MER4B-int	chr2	61936783	61944535	-	turquoise
MER4B_2p16.2	MER4B-int	chr2	53074582	53076244	-	turquoise
MER4B_2p22.3	MER4B-int	chr2	33848020	33849740	+	turquoise
MER4B_2q21.2	MER4B-int	chr2	134221075	134224105	-	turquoise
MER4B_2q24.3	MER4B-int	chr2	165434158	165437437	-	turquoise
MER4B_2q31.1	MER4B-int	chr2	174500051	174503705	-	turquoise
MER4B_2q36.3	MER4B-int	chr2	228532926	228535315	+	turquoise
MER4B_2q37.3	MER4B-int	chr2	241834547	241837304	-	turquoise
MER4B_3p12.3	MER4B-int	chr3	77993319	77994432	+	turquoise
MER4B_3p14.2	MER4B-int	chr3	58691923	58694570	-	turquoise
MER4B_3p21.2a	MER4B-int	chr3	51747970	51751871	-	turquoise
MER4B_3p22.3	MER4B-int	chr3	36362755	36369039	+	turquoise
MER4B_3p24.3	MER4B-int	chr3	20986065	20995620	-	turquoise
MER4B_3q13.12	MER4B-int	chr3	107134186	107139313	+	turquoise
MER4B_3q21.2	MER4B-int	chr3	126084798	126090891	+	turquoise
MER4B_3q24	MER4B-int	chr3	144201651	144203105	-	turquoise
MER4B_3q25.32	MER4B-int	chr3	158617544	158621915	-	turquoise
MER4B_3q25.33b	MER4B-int	chr3	160252106	160253964	+	turquoise
MER4B_3q26.31	MER4B-int	chr3	171854841	171857227	+	turquoise
MER4B_4p15.1a	MER4B-int	chr4	32339689	32341170	+	turquoise
MER4B_4p16.1a	MER4B-int	chr4	8567968	8570774	-	turquoise
MER4B_4q12	MER4B-int	chr4	57825255	57828193	-	turquoise
MER4B_4q13.1a	MER4B-int	chr4	64000553	64002823	-	turquoise
MER4B_4q13.1b	MER4B-int	chr4	64442683	64446236	-	turquoise
MER4B_4q13.2a	MER4B-int	chr4	68864341	68874793	+	turquoise
MER4B_4q13.2b	MER4B-int	chr4	68952944	68962940	+	turquoise
MER4B_4q13.3a	MER4B-int	chr4	70042053	70043769	-	turquoise
MER4B_4q13.3b	MER4B-int	chr4	70061471	70064962	-	turquoise
MER4B_4q13.3c	MER4B-int	chr4	71855655	71861305	-	turquoise
MER4B_4q13.3d	MER4B-int	chr4	71861601	71865827	-	turquoise
MER4B_4q13.3e	MER4B-int	chr4	73293238	73297019	+	turquoise
MER4B_4q31.21	MER4B-int	chr4	141620342	141622060	-	turquoise
MER4B_4q31.22	MER4B-int	chr4	146734844	146736712	+	turquoise
MER4B_4q32.2	MER4B-int	chr4	162605101	162606615	+	turquoise
MER4B_5p13.1a	MER4B-int	chr5	38632730	38633763	+	turquoise
MER4B_5p13.1b	MER4B-int	chr5	40116395	40125081	-	turquoise
MER4B_5p13.1c	MER4B-int	chr5	40131522	40133551	-	turquoise
MER4B_5p13.1d	MER4B-int	chr5	41880573	41888689	-	turquoise
MER4B_5p14.1a	MER4B-int	chr5	25159991	25161597	-	turquoise
MER4B_5p14.1b	MER4B-int	chr5	25569603	25576106	+	turquoise
MER4B_5p14.3	MER4B-int	chr5	21619579	21624564	+	turquoise
MER4B_5p15.1	MER4B-int	chr5	17061637	17067054	+	turquoise
MER4B_5q11.2	MER4B-int	chr5	53207227	53213353	-	turquoise
MER4B_5q13.3	MER4B-int	chr5	77392679	77397596	-	turquoise
MER4B_5q14.1	MER4B-int	chr5	77751478	77756649	-	turquoise
MER4B_5q14.3	MER4B-int	chr5	85808049	85814668	-	turquoise
MER4B_5q15	MER4B-int	chr5	94016254	94017183	+	turquoise
MER4B_5q35.2	MER4B-int	chr5	175107278	175108665	-	turquoise
MER4B_6q12b	MER4B-int	chr6	67684527	67691660	+	turquoise
MER4B_6q16.1	MER4B-int	chr6	92826950	92829394	+	turquoise
MER4B_6q23.3b	MER4B-int	chr6	137186611	137191359	-	turquoise
MER4B_6q27	MER4B-int	chr6	169111738	169116343	+	turquoise
MER4B_7p11.2	MER4B-int	chr7	54160295	54167167	-	turquoise
MER4B_7p12.2	MER4B-int	chr7	50487055	50490112	+	turquoise
MER4B_7p14.3	MER4B-int	chr7	32516285	32528428	+	turquoise
MER4B_7p15.3	MER4B-int	chr7	22744511	22745642	-	turquoise
MER4B_7q21.11a	MER4B-int	chr7	79156061	79158978	+	turquoise
MER4B_7q21.11b	MER4B-int	chr7	79159023	79163015	+	turquoise
MER4B_7q31.33a	MER4B-int	chr7	124436162	124437239	+	turquoise
MER4B_7q31.33b	MER4B-int	chr7	125578911	125579958	+	turquoise
MER4B_7q33a	MER4B-int	chr7	135985319	135988003	-	turquoise
MER4B_7q33b	MER4B-int	chr7	135989988	135991173	-	turquoise
MER4B_7q36.2a	MER4B-int	chr7	152965448	152967152	-	turquoise
MER4B_7q36.2b	MER4B-int	chr7	152967188	152969494	-	turquoise
MER4B_7q36.3	MER4B-int	chr7	158844969	158853451	+	turquoise
MER4B_8p12	MER4B-int	chr8	31435555	31436866	+	turquoise
MER4B_8p23.1c	MER4B-int	chr8	7785551	7790553	+	turquoise
MER4B_8q11.1	MER4B-int	chr8	47074133	47075514	-	turquoise
MER4B_8q21.11	MER4B-int	chr8	74031305	74036087	+	turquoise
MER4B_8q21.3a	MER4B-int	chr8	86274720	86280127	-	turquoise
MER4B_8q21.3b	MER4B-int	chr8	86280440	86283054	-	turquoise
MER4B_8q21.3c	MER4B-int	chr8	87012276	87015196	+	turquoise
MER4B_8q21.3d	MER4B-int	chr8	87015484	87019363	+	turquoise
MER4B_8q24.3	MER4B-int	chr8	143108957	143114047	-	turquoise
MER4B_9p13.3	MER4B-int	chr9	35156611	35159715	-	turquoise
MER4B_9q22.2	MER4B-int	chr9	90779599	90782518	-	turquoise
MER4B_9q22.33	MER4B-int	chr9	98041983	98045194	-	turquoise
MER4B_9q31.1a	MER4B-int	chr9	101377191	101380103	+	turquoise
MER4B_9q31.1b	MER4B-int	chr9	102408787	102412555	-	turquoise
MER4B_9q34.3	MER4B-int	chr9	135645972	135650448	+	turquoise
MER4B_Xp11.21a	MER4B-int	chrX	56376339	56382857	-	turquoise
MER4B_Xp11.21b	MER4B-int	chrX	57779656	57783648	-	turquoise
MER4B_Xp11.22	MER4B-int	chrX	51769323	51778397	+	turquoise
MER4B_Xp11.4c	MER4B-int	chrX	41653247	41655457	+	turquoise
MER4B_Xp21.1a	MER4B-int	chrX	35433071	35442339	-	turquoise
MER4B_Xp21.1b	MER4B-int	chrX	35771827	35779150	-	turquoise
MER4B_Xp22.33	MER4B-int	chrX	3040211	3051599	+	turquoise
MER4B_Xq11.1a	MER4B-int	chrX	63257855	63261076	-	turquoise
MER4B_Xq11.1b	MER4B-int	chrX	63267012	63272093	-	turquoise
MER4B_Xq12a	MER4B-int	chrX	66366844	66367954	-	turquoise
MER4B_Xq12b	MER4B-int	chrX	67880747	67883929	-	turquoise
MER4B_Xq12c	MER4B-int	chrX	67890094	67896324	-	turquoise
MER4B_Xq13.2	MER4B-int	chrX	74484100	74491692	-	turquoise
MER4B_Xq13.3	MER4B-int	chrX	76146255	76148830	-	turquoise
MER4B_Xq21.1a	MER4B-int	chrX	79728683	79731109	+	turquoise
MER4B_Xq21.1b	MER4B-int	chrX	80847232	80854970	-	turquoise
MER4B_Xq21.1d	MER4B-int	chrX	82739759	82748030	-	turquoise
MER4B_Xq21.1e	MER4B-int	chrX	84854937	84863907	-	turquoise
MER4B_Xq21.1f	MER4B-int	chrX	84869978	84873975	+	turquoise
MER4B_Xq21.1g	MER4B-int	chrX	84940702	84944682	-	turquoise
MER4B_Xq21.1h	MER4B-int	chrX	84954658	84958316	-	turquoise
MER4B_Xq21.31a	MER4B-int	chrX	89751649	89753656	-	turquoise
MER4B_Xq21.31b	MER4B-int	chrX	90078962	90083419	+	turquoise
MER4B_Xq21.31c	MER4B-int	chrX	90089318	90093340	+	turquoise
MER4B_Xq21.31d	MER4B-int	chrX	90296561	90304850	-	turquoise
MER4B_Xq21.31e	MER4B-int	chrX	91000872	91005363	+	turquoise
MER4B_Xq21.31f	MER4B-int	chrX	91641322	91643567	+	turquoise
MER4B_Xq21.32	MER4B-int	chrX	93569925	93571530	-	turquoise
MER4B_Xq21.33	MER4B-int	chrX	94683482	94693066	-	turquoise
MER4B_Xq22.3b	MER4B-int	chrX	106116761	106121348	-	turquoise
MER4B_Xq22.3c	MER4B-int	chrX	106121888	106124194	-	turquoise
MER4B_Xq22.3e	MER4B-int	chrX	106336209	106346170	-	turquoise
MER4B_Xq23a	MER4B-int	chrX	114052360	114059021	+	turquoise
MER4B_Xq23b	MER4B-int	chrX	116931759	116941218	-	turquoise
MER4B_Xq25b	MER4B-int	chrX	127136905	127139785	+	turquoise
MER4B_Xq25c	MER4B-int	chrX	128140917	128141802	-	turquoise
MER4B_Xq26.2a	MER4B-int	chrX	131689719	131692783	-	turquoise
MER4B_Xq26.2b	MER4B-int	chrX	131692832	131696311	-	turquoise
MER4B_Xq27.2a	MER4B-int	chrX	142080807	142086581	+	turquoise
MER4B_Xq27.2b	MER4B-int	chrX	142415548	142419524	+	turquoise
MER4B_Xq27.3b	MER4B-int	chrX	144738755	144742822	+	turquoise
MER4B_Xq27.3e	MER4B-int	chrX	146996210	147003550	+	turquoise
MER4B_Yp11.2c	MER4B-int	chrY	3876393	3880951	-	turquoise
MER4B_Yp11.2d	MER4B-int	chrY	4576017	4580506	+	turquoise
MER4B_Yq11.21	MER4B-int	chrY	12296394	12306188	-	turquoise
MER4B_Yq11.221a	MER4B-int	chrY	12668114	12677969	-	turquoise
MER4B_Yq11.221b	MER4B-int	chrY	13624238	13627352	+	turquoise
MER4B_Yq11.223a	MER4B-int	chrY	20877405	20884036	-	turquoise
MER61_10p12.2	MER61-int	chr10	22825722	22831839	-	yellow
MER61_10p13	MER61-int	chr10	13066618	13072809	+	yellow
MER61_10p15.1	MER61-int	chr10	4909131	4911590	+	yellow
MER61_10q21.3	MER61-int	chr10	65570387	65573112	+	yellow
MER61_10q23.1	MER61-int	chr10	80952403	80955739	-	yellow
MER61_10q23.31	MER61-int	chr10	90412474	90416300	+	yellow
MER61_10q25.1	MER61-int	chr10	104608119	104613187	+	yellow
MER61_10q26.12	MER61-int	chr10	120989541	120996023	+	yellow
MER61_11p12a	MER61-int	chr11	36921119	36922825	-	yellow
MER61_11p12b	MER61-int	chr11	40099468	40105610	+	yellow
MER61_11q12.1a	MER61-int	chr11	55856815	55860113	+	yellow
MER61_11q12.1b	MER61-int	chr11	55894020	55895855	+	yellow
MER61_11q12.1c	MER61-int	chr11	56984335	56985313	-	yellow
MER61_11q12.2	MER61-int	chr11	60563473	60565603	-	yellow
MER61_11q13.4	MER61-int	chr11	72162843	72167448	-	yellow
MER61_11q14.1a	MER61-int	chr11	77519761	77522473	-	yellow
MER61_11q14.1c	MER61-int	chr11	85368772	85373842	+	yellow
MER61_11q14.2	MER61-int	chr11	87086913	87088907	-	yellow
MER61_11q22.1a	MER61-int	chr11	98064677	98070173	-	yellow
MER61_11q22.1b	MER61-int	chr11	98758549	98765618	+	yellow
MER61_12p13.31a	MER61-int	chr12	9636613	9641669	-	yellow
MER61_12p13.31b	MER61-int	chr12	9898776	9902230	-	yellow
MER61_12p13.31c	MER61-int	chr12	9911413	9912864	-	yellow
MER61_12q13.12	MER61-int	chr12	50914752	50921640	+	yellow
MER61_12q13.2b	MER61-int	chr12	55172758	55174109	+	yellow
MER61_12q14.1a	MER61-int	chr12	60387288	60391284	-	yellow
MER61_12q14.1b	MER61-int	chr12	61693875	61699920	+	yellow
MER61_12q14.2	MER61-int	chr12	64347628	64352825	+	yellow
MER61_12q15a	MER61-int	chr12	70467962	70472019	+	yellow
MER61_12q21.1	MER61-int	chr12	75015836	75020645	-	yellow
MER61_12q21.31a	MER61-int	chr12	83827691	83828990	-	yellow
MER61_12q21.31b	MER61-int	chr12	83832645	83834929	-	yellow
MER61_12q23.3	MER61-int	chr12	107788616	107793326	-	yellow
MER61_13q14.2	MER61-int	chr13	48066639	48072767	+	yellow
MER61_13q21.1	MER61-int	chr13	56969845	56975305	+	yellow
MER61_13q21.2	MER61-int	chr13	61666420	61671508	-	yellow
MER61_13q21.31a	MER61-int	chr13	63352595	63353670	-	yellow
MER61_13q21.31b	MER61-int	chr13	64052271	64055026	-	yellow
MER61_13q21.32	MER61-int	chr13	66612629	66618271	+	yellow
MER61_13q21.33	MER61-int	chr13	68256804	68261738	+	yellow
MER61_13q22.1	MER61-int	chr13	73440159	73445618	+	yellow
MER61_13q31.1a	MER61-int	chr13	82037819	82041434	-	yellow
MER61_13q31.1c	MER61-int	chr13	83277163	83280344	+	yellow
MER61_13q31.1d	MER61-int	chr13	83996062	84000931	+	yellow
MER61_13q32.3	MER61-int	chr13	100403605	100409632	-	yellow
MER61_14q21.1	MER61-int	chr14	40857838	40859002	+	yellow
MER61_14q21.2	MER61-int	chr14	44379270	44384559	-	yellow
MER61_14q23.3	MER61-int	chr14	66939377	66945419	-	yellow
MER61_14q24.2	MER61-int	chr14	70399662	70400440	-	yellow
MER61_14q31.1a	MER61-int	chr14	81852498	81853510	-	yellow
MER61_14q31.1b	MER61-int	chr14	82870214	82873105	+	yellow
MER61_15q11.2a	MER61-int	chr15	23477468	23480402	+	yellow
MER61_15q11.2b	MER61-int	chr15	23480903	23483841	+	yellow
MER61_15q14	MER61-int	chr15	35438364	35440768	+	yellow
MER61_15q26.2	MER61-int	chr15	94876321	94880341	-	yellow
MER61_16p12.3	MER61-int	chr16	19402791	19407864	-	yellow
MER61_16q12.1	MER61-int	chr16	47489299	47493193	-	yellow
MER61_17p12	MER61-int	chr17	13170446	13174179	+	yellow
MER61_17p13.1	MER61-int	chr17	7522858	7529262	-	yellow
MER61_17q11.2	MER61-int	chr17	29433490	29437050	-	yellow
MER61_17q22b	MER61-int	chr17	52824467	52828917	-	yellow
MER61_17q22c	MER61-int	chr17	52921799	52924634	-	yellow
MER61_18q12.1a	MER61-int	chr18	29879543	29884639	-	yellow
MER61_18q12.1b	MER61-int	chr18	33560623	33566942	-	yellow
MER61_18q12.3a	MER61-int	chr18	39795158	39800435	-	yellow
MER61_18q12.3b	MER61-int	chr18	43162440	43171130	+	yellow
MER61_18q21.2a	MER61-int	chr18	50775309	50779911	+	yellow
MER61_18q21.2b	MER61-int	chr18	54382339	54387923	-	yellow
MER61_18q21.32	MER61-int	chr18	59202527	59207935	+	yellow
MER61_18q22.3	MER61-int	chr18	72692108	72698130	+	yellow
MER61_19p12a	MER61-int	chr19	22110276	22114541	-	yellow
MER61_19p12b	MER61-int	chr19	23032232	23034513	-	yellow
MER61_19p12c	MER61-int	chr19	23103226	23105106	+	yellow
MER61_19q13.2	MER61-int	chr19	42616812	42617821	+	yellow
MER61_1p13.1	MER61-int	chr1	115587187	115593011	+	yellow
MER61_1p13.2a	MER61-int	chr1	114829874	114832914	-	yellow
MER61_1p13.2b	MER61-int	chr1	114896810	114902666	-	yellow
MER61_1p21.1a	MER61-int	chr1	103589770	103593933	-	yellow
MER61_1p21.1b	MER61-int	chr1	103625858	103628713	-	yellow
MER61_1p21.1e	MER61-int	chr1	103719983	103722838	-	yellow
MER61_1p21.1g	MER61-int	chr1	106344473	106349394	-	yellow
MER61_1p21.3	MER61-int	chr1	96153438	96157822	-	yellow
MER61_1p22.2b	MER61-int	chr1	89312773	89316331	-	yellow
MER61_1p31.1a	MER61-int	chr1	78966119	78971684	+	yellow
MER61_1p31.1b	MER61-int	chr1	80633351	80638648	+	yellow
MER61_1p34.1a	MER61-int	chr1	45573148	45575575	-	yellow
MER61_1p34.1b	MER61-int	chr1	45575881	45580362	-	yellow
MER61_1q21.3	MER61-int	chr1	151907955	151909112	+	yellow
MER61_1q23.1b	MER61-int	chr1	157499145	157505063	+	yellow
MER61_1q23.1c	MER61-int	chr1	159056048	159059052	-	yellow
MER61_1q24.3a	MER61-int	chr1	171213837	171218786	-	yellow
MER61_1q24.3b	MER61-int	chr1	172616179	172622331	+	yellow
MER61_1q25.1a	MER61-int	chr1	174297228	174299323	-	yellow
MER61_1q25.1b	MER61-int	chr1	174299363	174300630	-	yellow
MER61_1q25.1c	MER61-int	chr1	176096003	176102384	+	yellow
MER61_1q25.3	MER61-int	chr1	182035067	182039796	-	yellow
MER61_1q31.1a	MER61-int	chr1	187641124	187643633	+	yellow
MER61_1q31.3	MER61-int	chr1	195481270	195486306	-	yellow
MER61_1q42.12	MER61-int	chr1	226611190	226616622	-	yellow
MER61_1q42.2a	MER61-int	chr1	233725225	233729737	-	yellow
MER61_1q43	MER61-int	chr1	238481160	238486145	-	yellow
MER61_20p12.1	MER61-int	chr20	13951627	13953854	+	yellow
MER61_21q21.1b	MER61-int	chr21	20778071	20781214	-	yellow
MER61_21q21.1d	MER61-int	chr21	22519922	22521445	+	yellow
MER61_21q21.2	MER61-int	chr21	22842834	22848544	-	yellow
MER61_21q22.11	MER61-int	chr21	34161331	34166985	-	yellow
MER61_21q22.3	MER61-int	chr21	44740294	44746215	+	yellow
MER61_2p12	MER61-int	chr2	78672431	78678070	-	yellow
MER61_2p21	MER61-int	chr2	44444649	44446040	+	yellow
MER61_2p22.3a	MER61-int	chr2	33664461	33666453	+	yellow
MER61_2p22.3b	MER61-int	chr2	35517180	35523499	-	yellow
MER61_2p24.2	MER61-int	chr2	17998086	18002368	+	yellow
MER61_2q11.2	MER61-int	chr2	98429595	98437221	+	yellow
MER61_2q14.1a	MER61-int	chr2	115406933	115408459	-	yellow
MER61_2q14.1b	MER61-int	chr2	116753992	116758985	+	yellow
MER61_2q14.3	MER61-int	chr2	125185661	125188060	-	yellow
MER61_2q23.3	MER61-int	chr2	153500669	153501301	-	yellow
MER61_2q24.3	MER61-int	chr2	163143522	163148982	+	yellow
MER61_2q31.1a	MER61-int	chr2	170207243	170212933	-	yellow
MER61_2q31.1b	MER61-int	chr2	172537081	172542095	+	yellow
MER61_2q31.1c	MER61-int	chr2	172544914	172547572	+	yellow
MER61_2q31.3	MER61-int	chr2	180336418	180341470	+	yellow
MER61_2q32.1a	MER61-int	chr2	185012511	185015146	+	yellow
MER61_2q32.1b	MER61-int	chr2	187654611	187659513	+	yellow
MER61_2q32.1c	MER61-int	chr2	185628851	185630832	-	yellow
MER61_2q32.3a	MER61-int	chr2	193501013	193503662	-	yellow
MER61_2q34a	MER61-int	chr2	209005697	209006290	+	yellow
MER61_2q35	MER61-int	chr2	218793927	218798599	-	yellow
MER61_3p11.2	MER61-int	chr3	87141103	87146130	+	yellow
MER61_3p12.1	MER61-int	chr3	83927633	83934485	+	yellow
MER61_3p12.2	MER61-int	chr3	81986021	81991673	+	yellow
MER61_3p12.3b	MER61-int	chr3	78246303	78249765	+	yellow
MER61_3p14.2	MER61-int	chr3	60775299	60781077	+	yellow
MER61_3p21.2	MER61-int	chr3	51841775	51846337	-	yellow
MER61_3p21.31	MER61-int	chr3	44768308	44774152	-	yellow
MER61_3p22.3a	MER61-int	chr3	33464819	33466622	-	yellow
MER61_3p22.3b	MER61-int	chr3	35544835	35547203	-	yellow
MER61_3p23	MER61-int	chr3	31042678	31047749	+	yellow
MER61_3p24.1a	MER61-int	chr3	26820869	26825017	+	yellow
MER61_3p24.3	MER61-int	chr3	21542639	21548245	+	yellow
MER61_3p26.1	MER61-int	chr3	8015460	8021328	-	yellow
MER61_3q11.2a	MER61-int	chr3	95407731	95412947	+	yellow
MER61_3q11.2b	MER61-int	chr3	98109337	98114913	+	yellow
MER61_3q13.11	MER61-int	chr3	106255987	106261144	+	yellow
MER61_3q24b	MER61-int	chr3	145244231	145246521	-	yellow
MER61_3q25.31	MER61-int	chr3	155324174	155325889	+	yellow
MER61_3q26.1a	MER61-int	chr3	162664842	162670648	+	yellow
MER61_3q26.1b	MER61-int	chr3	163324071	163329318	+	yellow
MER61_3q26.33a	MER61-int	chr3	180227547	180235941	+	yellow
MER61_3q26.33b	MER61-int	chr3	180894470	180900477	+	yellow
MER61_3q28	MER61-int	chr3	190549018	190554482	-	yellow
MER61_4p15.2	MER61-int	chr4	23573168	23575586	-	yellow
MER61_4p16.3	MER61-int	chr4	94966	101337	+	yellow
MER61_4q13.1b	MER61-int	chr4	64953366	64957440	+	yellow
MER61_4q13.1c	MER61-int	chr4	65075968	65080363	+	yellow
MER61_4q13.2	MER61-int	chr4	68735173	68737101	-	yellow
MER61_4q21.1a	MER61-int	chr4	76230620	76234657	-	yellow
MER61_4q21.1b	MER61-int	chr4	77574705	77578797	+	yellow
MER61_4q21.23a	MER61-int	chr4	83989433	83994396	+	yellow
MER61_4q25	MER61-int	chr4	107586249	107590513	-	yellow
MER61_4q26a	MER61-int	chr4	114145863	114149406	-	yellow
MER61_4q26b	MER61-int	chr4	116663856	116668575	+	yellow
MER61_4q27	MER61-int	chr4	121436615	121437197	+	yellow
MER61_4q28.3a	MER61-int	chr4	130996605	130999757	+	yellow
MER61_4q28.3c	MER61-int	chr4	136716088	136721553	+	yellow
MER61_4q31.21a	MER61-int	chr4	142656025	142661274	+	yellow
MER61_4q31.21b	MER61-int	chr4	143426951	143432579	-	yellow
MER61_4q31.21c	MER61-int	chr4	144953732	144956610	+	yellow
MER61_4q31.21d	MER61-int	chr4	144961310	144962934	+	yellow
MER61_4q31.23	MER61-int	chr4	148298890	148305043	+	yellow
MER61_4q32.1a	MER61-int	chr4	155871948	155878290	-	yellow
MER61_4q32.1d	MER61-int	chr4	157523588	157525146	-	yellow
MER61_4q32.3	MER61-int	chr4	166198160	166203451	+	yellow
MER61_4q34.3	MER61-int	chr4	178273100	178276397	+	yellow
MER61_5p12a	MER61-int	chr5	44151702	44159634	+	yellow
MER61_5p12b	MER61-int	chr5	44453725	44458866	-	yellow
MER61_5p13.2	MER61-int	chr5	35717489	35723193	-	yellow
MER61_5p13.3	MER61-int	chr5	30237440	30239507	+	yellow
MER61_5p14.1	MER61-int	chr5	27472074	27477973	+	yellow
MER61_5p14.2	MER61-int	chr5	23863893	23867155	+	yellow
MER61_5p15.32	MER61-int	chr5	5694482	5699708	+	yellow
MER61_5q12.1	MER61-int	chr5	61913033	61916159	+	yellow
MER61_5q21.1	MER61-int	chr5	100639136	100642471	+	yellow
MER61_5q22.1	MER61-int	chr5	111663040	111667105	-	yellow
MER61_5q23.1	MER61-int	chr5	116343832	116348871	-	yellow
MER61_5q23.2a	MER61-int	chr5	124962835	124967101	+	yellow
MER61_5q32	MER61-int	chr5	148001641	148006661	+	yellow
MER61_6q11.2	MER61-int	chr6	62650316	62651942	-	yellow
MER61_6q12	MER61-int	chr6	66211477	66215054	+	yellow
MER61_6q13b	MER61-int	chr6	69890795	69895721	-	yellow
MER61_6q14.1a	MER61-int	chr6	76025941	76031158	+	yellow
MER61_6q14.1b	MER61-int	chr6	77094622	77100378	+	yellow
MER61_6q14.1c	MER61-int	chr6	78673776	78675966	-	yellow
MER61_6q14.1d	MER61-int	chr6	81058231	81062145	-	yellow
MER61_6q14.1e	MER61-int	chr6	81062248	81064912	-	yellow
MER61_6q14.1f	MER61-int	chr6	82484093	82486142	+	yellow
MER61_6q15	MER61-int	chr6	88965821	88972938	+	yellow
MER61_6q16.3a	MER61-int	chr6	100892202	100899631	+	yellow
MER61_6q16.3b	MER61-int	chr6	101024666	101027931	+	yellow
MER61_6q16.3d	MER61-int	chr6	102352540	102356395	-	yellow
MER61_6q16.3e	MER61-int	chr6	103877395	103880051	+	yellow
MER61_6q21	MER61-int	chr6	109876944	109882777	+	yellow
MER61_6q22.33	MER61-int	chr6	127599328	127602176	-	yellow
MER61_6q23.3	MER61-int	chr6	137652412	137657139	+	yellow
MER61_6q24.1a	MER61-int	chr6	140893344	140895551	-	yellow
MER61_6q24.1b	MER61-int	chr6	140895592	140898542	-	yellow
MER61_6q24.1c	MER61-int	chr6	141471319	141472818	-	yellow
MER61_6q25.2	MER61-int	chr6	153352801	153357875	+	yellow
MER61_6q25.3	MER61-int	chr6	155609661	155611216	-	yellow
MER61_7p11.2	MER61-int	chr7	56620420	56626030	+	yellow
MER61_7p12.2a	MER61-int	chr7	49376330	49382634	+	yellow
MER61_7p12.2b	MER61-int	chr7	49985692	49990574	+	yellow
MER61_7p12.3b	MER61-int	chr7	48889748	48895304	+	yellow
MER61_7p13	MER61-int	chr7	43914879	43917749	+	yellow
MER61_7p14.1	MER61-int	chr7	43071466	43078048	-	yellow
MER61_7p14.3a	MER61-int	chr7	29297008	29299249	-	yellow
MER61_7p14.3b	MER61-int	chr7	32525882	32527007	-	yellow
MER61_7p15.3	MER61-int	chr7	22801905	22808598	+	yellow
MER61_7p21.1	MER61-int	chr7	19339195	19343560	+	yellow
MER61_7p21.3a	MER61-int	chr7	9663579	9667603	-	yellow
MER61_7p21.3b	MER61-int	chr7	11193019	11197826	+	yellow
MER61_7q11.21	MER61-int	chr7	64362011	64367703	-	yellow
MER61_7q21.11	MER61-int	chr7	78009135	78011685	+	yellow
MER61_7q21.12	MER61-int	chr7	87323384	87327754	-	yellow
MER61_7q22.3	MER61-int	chr7	107381038	107384641	+	yellow
MER61_7q31.33	MER61-int	chr7	126668002	126673337	+	yellow
MER61_7q32.2	MER61-int	chr7	130256187	130262612	+	yellow
MER61_7q35	MER61-int	chr7	145686833	145692990	+	yellow
MER61_8p11.21	MER61-int	chr8	43134411	43139620	+	yellow
MER61_8p22	MER61-int	chr8	15163869	15169579	+	yellow
MER61_8q11.1	MER61-int	chr8	46805567	46811035	-	yellow
MER61_8q11.21	MER61-int	chr8	50804221	50809479	+	yellow
MER61_8q11.23a	MER61-int	chr8	53344424	53348184	+	yellow
MER61_8q11.23b	MER61-int	chr8	53412292	53414645	-	yellow
MER61_8q12.3a	MER61-int	chr8	63096517	63100529	+	yellow
MER61_8q13.2a	MER61-int	chr8	68508799	68514352	-	yellow
MER61_8q23.1a	MER61-int	chr8	109210785	109211735	+	yellow
MER61_8q23.1b	MER61-int	chr8	109219471	109223779	+	yellow
MER61_8q24.22	MER61-int	chr8	132149174	132154866	+	yellow
MER61_9p21.1	MER61-int	chr9	30851131	30855785	+	yellow
MER61_9p21.3	MER61-int	chr9	23940967	23946863	-	yellow
MER61_9p23	MER61-int	chr9	11302939	11309057	+	yellow
MER61_9p24.1b	MER61-int	chr9	6382449	6385022	-	yellow
MER61_9q31.1	MER61-int	chr9	103126782	103132496	-	yellow
MER61_Xp11.21	MER61-int	chrX	57650579	57656546	+	yellow
MER61_Xp11.22a	MER61-int	chrX	50979038	50984288	+	yellow
MER61_Xp11.22b	MER61-int	chrX	51557828	51564017	-	yellow
MER61_Xp11.3a	MER61-int	chrX	42788728	42794910	-	yellow
MER61_Xp11.3b	MER61-int	chrX	42970104	42976488	-	yellow
MER61_Xp11.4	MER61-int	chrX	38725936	38731071	+	yellow
MER61_Xp21.1a	MER61-int	chrX	34053673	34058606	+	yellow
MER61_Xp21.1c	MER61-int	chrX	35272597	35276627	-	yellow
MER61_Xp21.1f	MER61-int	chrX	37553451	37555960	-	yellow
MER61_Xp21.3	MER61-int	chrX	27440273	27444796	-	yellow
MER61_Xq11.1	MER61-int	chrX	63466685	63471338	-	yellow
MER61_Xq13.2	MER61-int	chrX	73253964	73256953	-	yellow
MER61_Xq21.1a	MER61-int	chrX	79018523	79020481	+	yellow
MER61_Xq21.1c	MER61-int	chrX	79511168	79516311	+	yellow
MER61_Xq21.1d	MER61-int	chrX	82031888	82036564	+	yellow
MER61_Xq21.1f	MER61-int	chrX	84656775	84659633	-	yellow
MER61_Xq21.1h	MER61-int	chrX	84745113	84748292	+	yellow
MER61_Xq21.31a	MER61-int	chrX	87723851	87728831	-	yellow
MER61_Xq21.31c	MER61-int	chrX	88769225	88771011	+	yellow
MER61_Xq21.31d	MER61-int	chrX	89266094	89271822	-	yellow
MER61_Xq21.31e	MER61-int	chrX	90083420	90089317	-	yellow
MER61_Xq21.32	MER61-int	chrX	93457873	93462489	-	yellow
MER61_Xq21.33	MER61-int	chrX	98374832	98380913	-	yellow
MER61_Xq23a	MER61-int	chrX	116662919	116667984	-	yellow
MER61_Xq23c	MER61-int	chrX	117172835	117178587	+	yellow
MER61_Xq25a	MER61-int	chrX	121903416	121909275	+	yellow
MER61_Xq25b	MER61-int	chrX	122189961	122196793	+	yellow
MER61_Xq25d	MER61-int	chrX	125562146	125567747	-	yellow
MER61_Xq25e	MER61-int	chrX	126965849	126969142	+	yellow
MER61_Xq27.2	MER61-int	chrX	141934262	141939406	+	yellow
MER61_Xq27.3a	MER61-int	chrX	143139823	143143437	-	yellow
MER61_Xq27.3b	MER61-int	chrX	144717374	144722915	+	yellow
MER61_Xq27.3c	MER61-int	chrX	145467160	145472734	+	yellow
MER61_Xq28	MER61-int	chrX	151536299	151538768	-	yellow
MER61_Yp11.2a	MER61-int	chrY	6600213	6605981	-	yellow
MER61_Yp11.2b	MER61-int	chrY	7893624	7899441	+	yellow
MER61_Yp11.2f	MER61-int	chrY	8399573	8404632	+	yellow
MER61_Yq11.223e	MER61-int	chrY	23065463	23069844	-	yellow
MER61_Yq11.223f	MER61-int	chrY	23350860	23355241	+	yellow
PABLA_10p12.1	PABL_A-int	chr10	26332116	26334601	+	yellow
PABLA_10q22.1	PABL_A-int	chr10	71916717	71919974	-	yellow
PABLA_11p14.1	PABL_A-int	chr11	30642598	30644796	+	yellow
PABLA_11p14.3	PABL_A-int	chr11	23766860	23771404	-	yellow
PABLA_11p15.4	PABL_A-int	chr11	6852960	6855713	+	yellow
PABLA_11q12.1a	PABL_A-int	chr11	57905032	57908276	-	yellow
PABLA_11q12.1b	PABL_A-int	chr11	58791840	58797425	-	yellow
PABLA_11q12.1c	PABL_A-int	chr11	58797556	58798762	-	yellow
PABLA_11q13.4	PABL_A-int	chr11	72148055	72155376	-	yellow
PABLA_12p12.1	PABL_A-int	chr12	22615824	22618469	+	yellow
PABLA_12q13.13	PABL_A-int	chr12	53106564	53114152	-	yellow
PABLA_12q15	PABL_A-int	chr12	70488438	70490816	-	yellow
PABLA_13q12.12	PABL_A-int	chr13	23682323	23686052	+	yellow
PABLA_13q21.33	PABL_A-int	chr13	70883392	70885767	+	yellow
PABLA_13q34	PABL_A-int	chr13	113779288	113782475	-	yellow
PABLA_14q11.2	PABL_A-int	chr14	21003288	21010322	+	yellow
PABLA_14q12	PABL_A-int	chr14	25645516	25649887	-	yellow
PABLA_14q23.2	PABL_A-int	chr14	62806506	62810378	+	yellow
PABLA_14q23.3	PABL_A-int	chr14	66788315	66789385	-	yellow
PABLA_16p13.3a	PABL_A-int	chr16	2258735	2260147	+	yellow
PABLA_16p13.3b	PABL_A-int	chr16	2260399	2262137	+	yellow
PABLA_17q22	PABL_A-int	chr17	56966042	56973150	+	yellow
PABLA_18q23	PABL_A-int	chr18	80060215	80064591	-	yellow
PABLA_19p12a	PABL_A-int	chr19	21086913	21090642	-	yellow
PABLA_19p12b	PABL_A-int	chr19	21146874	21152853	-	yellow
PABLA_19p13.2	PABL_A-int	chr19	12598247	12600836	+	yellow
PABLA_19q12	PABL_A-int	chr19	28522669	28528650	+	yellow
PABLA_19q13.2	PABL_A-int	chr19	41551919	41554973	-	yellow
PABLA_19q13.32	PABL_A-int	chr19	46059546	46061292	-	yellow
PABLA_1p13.3	PABL_A-int	chr1	109727607	109728490	-	yellow
PABLA_1p31.1	PABL_A-int	chr1	70921278	70924729	+	yellow
PABLA_1q23.1a	PABL_A-int	chr1	157356841	157359358	+	yellow
PABLA_1q23.1b	PABL_A-int	chr1	157441711	157448932	-	yellow
PABLA_1q24.2	PABL_A-int	chr1	169390639	169392119	-	yellow
PABLA_1q25.1	PABL_A-int	chr1	173494263	173499851	+	yellow
PABLA_1q31.1	PABL_A-int	chr1	187002870	187010252	+	yellow
PABLA_21q22.11a	PABL_A-int	chr21	30414888	30418715	+	yellow
PABLA_2p16.3a	PABL_A-int	chr2	52263746	52267924	+	yellow
PABLA_2p16.3b	PABL_A-int	chr2	52287346	52290632	-	yellow
PABLA_2p16.3c	PABL_A-int	chr2	52290797	52292090	-	yellow
PABLA_2p25.1	PABL_A-int	chr2	10199041	10202321	-	yellow
PABLA_2q12.3	PABL_A-int	chr2	107617047	107620549	+	yellow
PABLA_2q14.2	PABL_A-int	chr2	119379009	119382220	-	yellow
PABLA_2q32.2a	PABL_A-int	chr2	190609031	190613075	-	yellow
PABLA_2q32.2b	PABL_A-int	chr2	190613262	190614896	-	yellow
PABLA_3q26.2	PABL_A-int	chr3	170335463	170342401	-	yellow
PABLA_4q22.1	PABL_A-int	chr4	87361967	87365866	+	yellow
PABLA_4q22.3	PABL_A-int	chr4	97824370	97828086	+	yellow
PABLA_4q31.21a	PABL_A-int	chr4	141978620	141981690	+	yellow
PABLA_4q32.2	PABL_A-int	chr4	162557088	162563129	-	yellow
PABLA_4q34.3	PABL_A-int	chr4	179774022	179778102	+	yellow
PABLA_5p15.1	PABL_A-int	chr5	18199317	18202037	+	yellow
PABLA_5q15	PABL_A-int	chr5	94539535	94543159	+	yellow
PABLA_5q33.3	PABL_A-int	chr5	157655243	157658753	+	yellow
PABLA_6p12.2	PABL_A-int	chr6	52705570	52709742	+	yellow
PABLA_6p12.3	PABL_A-int	chr6	49717615	49721439	-	yellow
PABLA_6p21.2	PABL_A-int	chr6	36879007	36882287	+	yellow
PABLA_6q21	PABL_A-int	chr6	107000767	107003574	+	yellow
PABLA_6q25.2	PABL_A-int	chr6	154104035	154108759	-	yellow
PABLA_6q26a	PABL_A-int	chr6	160796255	160799280	+	yellow
PABLA_6q26c	PABL_A-int	chr6	161328344	161329705	-	yellow
PABLA_6q27a	PABL_A-int	chr6	169333619	169336164	-	yellow
PABLA_7p11.2a	PABL_A-int	chr7	54387408	54391464	-	yellow
PABLA_7p11.2b	PABL_A-int	chr7	54391675	54393967	-	yellow
PABLA_7p14.1	PABL_A-int	chr7	41754307	41757785	-	yellow
PABLA_7q11.21a	PABL_A-int	chr7	64745847	64750487	-	yellow
PABLA_7q21.11	PABL_A-int	chr7	84941866	84945330	+	yellow
PABLA_7q21.13	PABL_A-int	chr7	90291595	90294907	-	yellow
PABLA_7q31.31	PABL_A-int	chr7	120117365	120118544	+	yellow
PABLA_7q32.1	PABL_A-int	chr7	128896054	128900883	+	yellow
PABLA_8p21.3a	PABL_A-int	chr8	23049150	23056094	+	yellow
PABLA_8p21.3b	PABL_A-int	chr8	23240050	23243200	+	yellow
PABLA_8q11.23	PABL_A-int	chr8	53348448	53352761	-	yellow
PABLA_8q21.13a	PABL_A-int	chr8	75619237	75619968	-	yellow
PABLA_8q21.13b	PABL_A-int	chr8	75627653	75631209	-	yellow
PABLA_8q23.3	PABL_A-int	chr8	113501348	113506150	-	yellow
PABLA_8q24.3	PABL_A-int	chr8	142685011	142690795	-	yellow
PABLA_9q22.32	PABL_A-int	chr9	94265595	94270221	-	yellow
PABLA_9q33.3	PABL_A-int	chr9	125569634	125573107	+	yellow
PABLA_Xp11.21	PABL_A-int	chrX	54848252	54851442	-	yellow
PABLA_Xp11.23	PABL_A-int	chrX	47934525	47936270	+	yellow
PABLA_Xp21.3a	PABL_A-int	chrX	26880055	26883822	-	yellow
PABLA_Xp21.3b	PABL_A-int	chrX	26884027	26886324	-	yellow
PABLA_Xp22.2	PABL_A-int	chrX	16726001	16732664	-	yellow
PABLA_Xq21.1	PABL_A-int	chrX	84813277	84816816	-	yellow
PABLA_Xq21.31a	PABL_A-int	chrX	88938848	88941405	-	yellow
PABLA_Xq21.31b	PABL_A-int	chrX	89528321	89532877	-	yellow
PABLA_Xq21.32	PABL_A-int	chrX	93566201	93567593	-	yellow
PABLA_Xq23	PABL_A-int	chrX	111555934	111561679	-	yellow
PABLA_Xq25	PABL_A-int	chrX	126985454	126991991	+	yellow
PABLA_Yp11.2	PABL_A-int	chrY	3184188	3188755	-	yellow
PABLB_10p15.1a	PABL_B-int	chr10	4948126	4952119	+	turquoise
PABLB_10p15.1b	PABL_B-int	chr10	5014293	5015225	-	turquoise
PABLB_10q21.2	PABL_B-int	chr10	61541360	61547801	+	turquoise
PABLB_10q23.1	PABL_B-int	chr10	81527951	81528681	+	turquoise
PABLB_11p14.3	PABL_B-int	chr11	23016438	23020166	-	turquoise
PABLB_12p11.21	PABL_B-int	chr12	31060430	31063674	+	turquoise
PABLB_12p13.31	PABL_B-int	chr12	9458421	9461576	-	turquoise
PABLB_12q13.11	PABL_B-int	chr12	46090550	46095133	+	turquoise
PABLB_13q31.2	PABL_B-int	chr13	87350507	87354963	-	turquoise
PABLB_13q31.3	PABL_B-int	chr13	89656763	89661585	+	turquoise
PABLB_14q11.2a	PABL_B-int	chr14	20708321	20710405	-	turquoise
PABLB_14q11.2c	PABL_B-int	chr14	20758515	20761602	+	turquoise
PABLB_15q11.2a	PABL_B-int	chr15	24163766	24168986	-	turquoise
PABLB_15q11.2b	PABL_B-int	chr15	24240441	24244040	-	turquoise
PABLB_15q11.2c	PABL_B-int	chr15	24380987	24384478	-	turquoise
PABLB_15q11.2d	PABL_B-int	chr15	24553518	24556590	-	turquoise
PABLB_18q21.2b	PABL_B-int	chr18	51955445	51960265	+	turquoise
PABLB_18q22.1	PABL_B-int	chr18	67333336	67336864	+	turquoise
PABLB_1q25.2	PABL_B-int	chr1	176320885	176322922	-	turquoise
PABLB_1q31.3a	PABL_B-int	chr1	196702571	196707633	+	turquoise
PABLB_1q31.3b	PABL_B-int	chr1	196869192	196873668	+	turquoise
PABLB_1q43	PABL_B-int	chr1	239983320	239986167	-	turquoise
PABLB_20p11.1	PABL_B-int	chr20	25740120	25741406	-	turquoise
PABLB_20p12.3	PABL_B-int	chr20	7740519	7743108	-	turquoise
PABLB_2p13.1	PABL_B-int	chr2	73752093	73760464	+	turquoise
PABLB_2p21	PABL_B-int	chr2	41781511	41782685	+	turquoise
PABLB_2q31.1	PABL_B-int	chr2	172520800	172524411	-	turquoise
PABLB_3p24.3	PABL_B-int	chr3	16763827	16772528	+	turquoise
PABLB_3p25.3b	PABL_B-int	chr3	9579644	9581905	-	turquoise
PABLB_3q13.33	PABL_B-int	chr3	121604425	121605964	-	turquoise
PABLB_3q24a	PABL_B-int	chr3	145748363	145749833	+	turquoise
PABLB_3q24b	PABL_B-int	chr3	145750080	145754461	+	turquoise
PABLB_4p15.1	PABL_B-int	chr4	31985397	31988260	-	turquoise
PABLB_4p15.2	PABL_B-int	chr4	24599845	24604833	+	turquoise
PABLB_4q25	PABL_B-int	chr4	107733279	107741538	+	turquoise
PABLB_4q28.3	PABL_B-int	chr4	130851839	130858198	+	turquoise
PABLB_5q12.2	PABL_B-int	chr5	63685995	63690879	-	turquoise
PABLB_5q33.2	PABL_B-int	chr5	156086902	156094084	-	turquoise
PABLB_6p21.2	PABL_B-int	chr6	40050106	40052929	+	turquoise
PABLB_6q24.1	PABL_B-int	chr6	141957435	141964848	+	turquoise
PABLB_7q11.21	PABL_B-int	chr7	65302904	65311859	+	turquoise
PABLB_7q33	PABL_B-int	chr7	135320639	135325703	-	turquoise
PABLB_7q34	PABL_B-int	chr7	142692316	142693634	-	turquoise
PABLB_8q21.11	PABL_B-int	chr8	72096360	72104776	-	turquoise
PABLB_8q24.3a	PABL_B-int	chr8	142721471	142723200	+	turquoise
PABLB_8q24.3b	PABL_B-int	chr8	143062997	143065669	-	turquoise
PABLB_9q34.3	PABL_B-int	chr9	135656823	135662919	+	turquoise
PABLB_Xp21.1a	PABL_B-int	chrX	33909958	33914944	+	turquoise
PABLB_Xp21.1b	PABL_B-int	chrX	37466596	37469950	+	turquoise
PABLB_Xp21.1c	PABL_B-int	chrX	37470649	37472557	+	turquoise
PABLB_Xq21.32a	PABL_B-int	chrX	94009212	94015552	-	turquoise
PABLB_Xq22.1	PABL_B-int	chrX	101860161	101863376	+	turquoise
PRIMA4_10p12.1	PRIMA4-int	chr10	26979406	26999995	-	turquoise
PRIMA4_11q21	PRIMA4-int	chr11	96629756	96632028	-	turquoise
PRIMA4_11q22.3	PRIMA4-int	chr11	110417255	110427689	+	turquoise
PRIMA4_11q24.1	PRIMA4-int	chr11	121369325	121374752	-	turquoise
PRIMA4_12p11.21a	PRIMA4-int	chr12	31303236	31307315	-	turquoise
PRIMA4_12p11.21b	PRIMA4-int	chr12	31307571	31315051	-	turquoise
PRIMA4_12p12.3	PRIMA4-int	chr12	18159638	18161604	+	turquoise
PRIMA4_12q14.2	PRIMA4-int	chr12	63401900	63406219	-	turquoise
PRIMA4_13q31.3	PRIMA4-int	chr13	90431764	90436574	-	turquoise
PRIMA4_14q22.1	PRIMA4-int	chr14	52280360	52286612	+	turquoise
PRIMA4_14q23.1	PRIMA4-int	chr14	60095023	60096839	-	turquoise
PRIMA4_18q23a	PRIMA4-int	chr18	79992495	79999727	+	turquoise
PRIMA4_18q23b	PRIMA4-int	chr18	80023832	80033162	+	turquoise
PRIMA4_1p12a	PRIMA4-int	chr1	119423264	119431906	-	turquoise
PRIMA4_1p12b	PRIMA4-int	chr1	120348435	120350434	+	turquoise
PRIMA4_1q21.1d	PRIMA4-int	chr1	146403336	146405352	+	turquoise
PRIMA4_1q21.2d	PRIMA4-int	chr1	149167499	149169496	-	turquoise
PRIMA4_1q24.3	PRIMA4-int	chr1	171290616	171298477	-	turquoise
PRIMA4_22q11.1	PRIMA4-int	chr22	15935965	15937961	-	turquoise
PRIMA4_2p13.1	PRIMA4-int	chr2	73630469	73632369	+	turquoise
PRIMA4_2p25.3	PRIMA4-int	chr2	2673701	2676457	-	turquoise
PRIMA4_2q24.3	PRIMA4-int	chr2	168501085	168504784	-	turquoise
PRIMA4_3q11.2	PRIMA4-int	chr3	94294606	94299986	+	turquoise
PRIMA4_3q26.1	PRIMA4-int	chr3	162770616	162774575	+	turquoise
PRIMA4_4p16.3	PRIMA4-int	chr4	496166	497422	-	turquoise
PRIMA4_4q28.2	PRIMA4-int	chr4	130061140	130066571	+	turquoise
PRIMA4_4q32.1	PRIMA4-int	chr4	155844110	155845073	+	turquoise
PRIMA4_5p13.2	PRIMA4-int	chr5	35992818	36001700	+	turquoise
PRIMA4_5p14.1	PRIMA4-int	chr5	25010097	25019988	-	turquoise
PRIMA4_5p14.3	PRIMA4-int	chr5	21618528	21619560	+	turquoise
PRIMA4_5p15.31	PRIMA4-int	chr5	8482076	8483627	+	turquoise
PRIMA4_6q25.2	PRIMA4-int	chr6	153448018	153448999	-	turquoise
PRIMA4_6q26	PRIMA4-int	chr6	160883402	160884426	+	turquoise
PRIMA4_7q11.21a	PRIMA4-int	chr7	64480396	64481688	-	turquoise
PRIMA4_7q11.21b	PRIMA4-int	chr7	64488773	64492642	-	turquoise
PRIMA4_8p11.22	PRIMA4-int	chr8	39481097	39487156	+	turquoise
PRIMA4_8p22	PRIMA4-int	chr8	18215838	18218836	-	turquoise
PRIMA4_Xp11.21	PRIMA4-int	chrX	57656547	57662326	-	turquoise
PRIMA4_Xp11.22	PRIMA4-int	chrX	51164218	51166974	-	turquoise
PRIMA4_Xq13.2b	PRIMA4-int	chrX	73042441	73044914	+	turquoise
PRIMA4_Xq21.1a	PRIMA4-int	chrX	79818632	79828808	-	turquoise
PRIMA4_Xq21.1b	PRIMA4-int	chrX	84001388	84008821	+	turquoise
PRIMA4_Xq22.1	PRIMA4-int	chrX	100791865	100799758	+	turquoise
PRIMA4_Xq22.3	PRIMA4-int	chrX	106047640	106049159	+	turquoise
PRIMA4_Xq23	PRIMA4-int	chrX	111672117	111675227	-	turquoise
PRIMA4_Xq27.3	PRIMA4-int	chrX	144907695	144914115	+	turquoise
PRIMA4_Yq11.222c	PRIMA4-int	chrY	19298281	19300467	-	turquoise
PRIMA41_10p15.3	PRIMA41-int	chr10	49371	52548	-	turquoise
PRIMA41_10q22.2	PRIMA41-int	chr10	74775646	74783112	+	turquoise
PRIMA41_10q23.1	PRIMA41-int	chr10	81528685	81530338	+	turquoise
PRIMA41_12p11.1	PRIMA41-int	chr12	34167084	34172852	-	turquoise
PRIMA41_12p11.21	PRIMA41-int	chr12	31637873	31642050	+	turquoise
PRIMA41_12p12.3	PRIMA41-int	chr12	17536466	17541873	-	turquoise
PRIMA41_12q12	PRIMA41-int	chr12	38195748	38201362	+	turquoise
PRIMA41_12q24.33a	PRIMA41-int	chr12	129343952	129345711	+	turquoise
PRIMA41_12q24.33b	PRIMA41-int	chr12	129348737	129352445	+	turquoise
PRIMA41_13q13.1	PRIMA41-int	chr13	31715164	31717353	-	turquoise
PRIMA41_13q21.31	PRIMA41-int	chr13	62398317	62402321	+	turquoise
PRIMA41_13q22.3	PRIMA41-int	chr13	77949794	77952568	-	turquoise
PRIMA41_14q23.2	PRIMA41-int	chr14	62748037	62752293	-	turquoise
PRIMA41_14q31.2	PRIMA41-int	chr14	83954465	83959572	+	turquoise
PRIMA41_14q32.12	PRIMA41-int	chr14	91679851	91683021	+	turquoise
PRIMA41_14q32.33a	PRIMA41-int	chr14	106404418	106405508	-	turquoise
PRIMA41_14q32.33b	PRIMA41-int	chr14	106485368	106488054	-	turquoise
PRIMA41_15q11.2b	PRIMA41-int	chr15	24238628	24239779	-	turquoise
PRIMA41_15q11.2c	PRIMA41-int	chr15	24551762	24552613	-	turquoise
PRIMA41_16p12.1a	PRIMA41-int	chr16	25140926	25142814	-	turquoise
PRIMA41_16p12.1b	PRIMA41-int	chr16	25142911	25148818	-	turquoise
PRIMA41_16q24.3	PRIMA41-int	chr16	90090709	90093890	+	turquoise
PRIMA41_17q21.31a	PRIMA41-int	chr17	43352269	43353956	-	turquoise
PRIMA41_17q21.31b	PRIMA41-int	chr17	43354075	43360454	-	turquoise
PRIMA41_18p11.32	PRIMA41-int	chr18	49690	52854	-	turquoise
PRIMA41_18q21.32	PRIMA41-int	chr18	59732078	59737922	-	turquoise
PRIMA41_18q21.33	PRIMA41-int	chr18	61707023	61715310	+	turquoise
PRIMA41_18q22.3	PRIMA41-int	chr18	72926684	72930209	+	turquoise
PRIMA41_19p12a	PRIMA41-int	chr19	23513253	23517731	-	turquoise
PRIMA41_19p12b	PRIMA41-int	chr19	23700561	23704360	+	turquoise
PRIMA41_19p12c	PRIMA41-int	chr19	23909820	23914282	+	turquoise
PRIMA41_19p12d	PRIMA41-int	chr19	24079035	24082362	+	turquoise
PRIMA41_19q13.2b	PRIMA41-int	chr19	39947753	39951779	-	turquoise
PRIMA41_19q13.31	PRIMA41-int	chr19	44282650	44284525	+	turquoise
PRIMA41_1p36.13d	PRIMA41-int	chr1	16876821	16878758	+	turquoise
PRIMA41_1q25.1	PRIMA41-int	chr1	175269253	175277820	+	turquoise
PRIMA41_1q32.3	PRIMA41-int	chr1	212422529	212431617	+	turquoise
PRIMA41_1q41	PRIMA41-int	chr1	216480766	216484870	+	turquoise
PRIMA41_1q42.13c	PRIMA41-int	chr1	227500566	227506052	+	turquoise
PRIMA41_1q43	PRIMA41-int	chr1	242053127	242056948	+	turquoise
PRIMA41_20p11.22	PRIMA41-int	chr20	21651235	21657407	+	turquoise
PRIMA41_20p13	PRIMA41-int	chr20	925951	928910	-	turquoise
PRIMA41_20q11.1a	PRIMA41-int	chr20	29362746	29365741	-	turquoise
PRIMA41_20q11.1b	PRIMA41-int	chr20	29372222	29374070	-	turquoise
PRIMA41_20q11.1c	PRIMA41-int	chr20	29800258	29805865	-	turquoise
PRIMA41_20q11.21	PRIMA41-int	chr20	30849760	30855867	+	turquoise
PRIMA41_21q22.2	PRIMA41-int	chr21	39358287	39359961	+	turquoise
PRIMA41_22p11.2a	PRIMA41-int	chr22	11318917	11325349	-	turquoise
PRIMA41_22p11.2b	PRIMA41-int	chr22	11555751	11561848	+	turquoise
PRIMA41_22q11.23	PRIMA41-int	chr22	23915159	23919868	+	turquoise
PRIMA41_22q12.3	PRIMA41-int	chr22	34505411	34510720	+	turquoise
PRIMA41_2q11.2	PRIMA41-int	chr2	98752222	98756736	+	turquoise
PRIMA41_2q14.1	PRIMA41-int	chr2	116158721	116161399	-	turquoise
PRIMA41_2q35	PRIMA41-int	chr2	219581690	219588188	-	turquoise
PRIMA41_3p12.2	PRIMA41-int	chr3	81006107	81009643	-	turquoise
PRIMA41_3p12.3	PRIMA41-int	chr3	75705270	75707459	+	turquoise
PRIMA41_3p25.1a	PRIMA41-int	chr3	13938873	13941866	-	turquoise
PRIMA41_3p25.1b	PRIMA41-int	chr3	13948636	13953990	-	turquoise
PRIMA41_3q12.3	PRIMA41-int	chr3	103051056	103055623	-	turquoise
PRIMA41_3q13.33	PRIMA41-int	chr3	121607609	121613599	-	turquoise
PRIMA41_3q21.3b	PRIMA41-int	chr3	128666873	128670003	+	turquoise
PRIMA41_3q28	PRIMA41-int	chr3	190991226	190994578	-	turquoise
PRIMA41_3q29	PRIMA41-int	chr3	198118453	198119647	+	turquoise
PRIMA41_4p16.3	PRIMA41-int	chr4	2034407	2036405	-	turquoise
PRIMA41_4q12	PRIMA41-int	chr4	52345017	52351152	-	turquoise
PRIMA41_4q13.2a	PRIMA41-int	chr4	68589945	68593527	+	turquoise
PRIMA41_4q13.3	PRIMA41-int	chr4	74082718	74093615	+	turquoise
PRIMA41_4q34.2	PRIMA41-int	chr4	175444248	175456817	-	turquoise
PRIMA41_4q35.2	PRIMA41-int	chr4	189985004	189989814	-	turquoise
PRIMA41_5p12	PRIMA41-int	chr5	43564608	43571507	+	turquoise
PRIMA41_5q21.1	PRIMA41-int	chr5	102337809	102346433	-	turquoise
PRIMA41_5q35.2	PRIMA41-int	chr5	176143001	176144373	-	turquoise
PRIMA41_7p14.1a	PRIMA41-int	chr7	41547054	41549561	-	turquoise
PRIMA41_7p14.1b	PRIMA41-int	chr7	41553289	41559722	-	turquoise
PRIMA41_7p15.3	PRIMA41-int	chr7	23081373	23086085	-	turquoise
PRIMA41_7q21.12	PRIMA41-int	chr7	87349244	87351840	-	turquoise
PRIMA41_7q21.2	PRIMA41-int	chr7	93148971	93154061	+	turquoise
PRIMA41_7q32.2	PRIMA41-int	chr7	130596648	130598518	+	turquoise
PRIMA41_8p12	PRIMA41-int	chr8	34086415	34092411	+	turquoise
PRIMA41_8q12.1	PRIMA41-int	chr8	57416491	57418887	-	turquoise
PRIMA41_8q24.13	PRIMA41-int	chr8	124442248	124447580	-	turquoise
PRIMA41_9q22.32	PRIMA41-int	chr9	94813869	94816971	-	turquoise
PRIMA41_9q34.3	PRIMA41-int	chr9	138171763	138174909	+	turquoise
PRIMA41_Xp21.1	PRIMA41-int	chrX	34983864	34991714	-	turquoise
PRIMA41_Xq11.1	PRIMA41-int	chrX	63040537	63043605	-	turquoise
PRIMA41_Xq21.1	PRIMA41-int	chrX	77818565	77820237	-	turquoise
PRIMA41_Xq23a	PRIMA41-int	chrX	116289081	116293967	+	turquoise
PRIMA41_Xq23b	PRIMA41-int	chrX	117074660	117079842	-	turquoise
PRIMA41_Xq24	PRIMA41-int	chrX	121151145	121155858	+	turquoise
PRIMA41_Xq26.3a	PRIMA41-int	chrX	135699725	135702869	+	turquoise
PRIMA41_Xq28	PRIMA41-int	chrX	148371686	148374085	-	turquoise
PRIMA41_Yp11.2	PRIMA41-int	chrY	10124241	10130290	+	turquoise
PRIMA41_Yq11.222b	PRIMA41-int	chrY	18381370	18386841	+	turquoise
PRIMA41_Yq11.223a	PRIMA41-int	chrY	20909871	20914288	+	turquoise
PRIMAX_19q13.43	PRIMAX-int	chr19	57763516	57767119	+	turquoise
PRIMAX_1p21.2	PRIMAX-int	chr1	100561997	100564010	-	turquoise
PRIMAX_1p32.3	PRIMAX-int	chr1	54932383	54935270	-	turquoise
PRIMAX_1q31.1a	PRIMAX-int	chr1	186516009	186518615	+	turquoise
PRIMAX_1q31.1b	PRIMAX-int	chr1	186608020	186611760	-	turquoise
PRIMAX_1q31.1c	PRIMAX-int	chr1	188455206	188456155	+	turquoise
PRIMAX_22q11.21	PRIMAX-int	chr22	19298641	19306571	+	turquoise
PRIMAX_3q13.33	PRIMAX-int	chr3	119688771	119693210	+	turquoise
PRIMAX_4p15.1	PRIMAX-int	chr4	33223516	33225704	-	turquoise
PRIMAX_6q11.1	PRIMAX-int	chr6	60485646	60486423	-	turquoise
PRIMAX_9p23	PRIMAX-int	chr9	11489356	11489911	-	turquoise
PRIMAX_Xq27.3	PRIMAX-int	chrX	147770461	147772011	+	turquoise
