"module","module_gene_n","ERV_position_eligible_n","promoter_ERV_gene_n","promoter_ERV_percent","median_nearest_ERV_distance"
"blue",2499,2499,602,24.0896358543417,3742
"darkgreen",119,119,23,19.327731092437,5739
"greenyellow",445,445,109,24.4943820224719,3877
"midnightblue",328,328,64,19.5121951219512,4891.5
"pink",606,606,105,17.3267326732673,4884
"red",630,630,129,20.4761904761905,4363.5
"turquoise",2608,2608,604,23.159509202454,3992.5
